movieId,tag
260,good vs evil
260,Harrison Ford
260,sci-fi
1221,Al Pacino
1221,mafia
58559,Atmospheric
58559,Batman
58559,comic book
58559,dark
58559,Heath Ledger
57183,family
296,crime
296,cult film
296,quentin tarantino
47,Kevin Spacey
47,Morgan Freeman
47,powerful ending
47,twist ending
165,action
293,Gary Oldman
293,great acting
293,Jean Reno
293,Natalie Portman
480,classic
480,Steven Spielberg
527,acting
527,John Williams
527,moving
541,classic
541,dystopia
541,sci-fi
589,action
589,classic
593,acting
593,Anthony Hopkins
1036,action
1036,Alan Rickman
1036,classic
1036,tense
1127,acting
1127,Ed Harris
1127,James Cameron
1196,classic
1196,John Williams
1214,classic
1214,horror
1214,Ridley Scott
1214,sci-fi
1214,set design
1240,horror
1653,dystopia
2329,powerful ending
2391,moving
2571,action
2571,classic
2571,distopia
2571,sci-fi
3020,Michael Douglas
3578,Hans Zimmer
3578,heroism
3578,Joaquin Phoenix
3578,Ridley Scott
3578,Russell Crowe
4022,stranded
4022,survival
4022,Tom Hanks
4226,Christopher Nolan
4226,nonlinear
4993,beautifully filmed
4993,Christopher Lee
4993,epic adventure
4993,fantasy
4993,great soundtrack
5418,Matt Damon
5952,atmospheric
5952,fantasy
6365,over the top
6365,sequel
6934,over the top
6934,sequel
7153,epic
7153,fantasy
7153,great soundtrack
7361,bittersweet
7458,Brad Pitt
7458,historical epic
8368,Alan Rickman
8368,fantasy
8368,Gary Oldman
8368,werewolf
8644,android(s)/cyborg(s)
8644,artificial intelligence
8644,dystopia
8644,Will Smith
8961,Pixar
33493,choreography
33493,dialogue
33493,Ewan McGregor
33493,great soundtrack
33493,Ian McDiarmid
33794,Michael Caine
34319,dystopia
34319,Ewan McGregor
34319,Scarlett Johansson
48774,camerawork
48774,dystopia
52328,great soundtrack
52328,isolation
52328,psychology
52328,space
55820,great acting
55820,suspense
59315,action
63072,dystopia
63072,post-apocalyptic
64716,moving
64716,Will Smith
68237,dystopia
68237,space
68237,twist ending
69844,Alan Rickman
69844,fantasy
71135,horror
71135,post-apocalyptic
71135,sci-fi
74458,Leonardo DiCaprio
74458,psychological
74458,twist ending
91529,Christopher Nolan
91529,Gary Oldman
91529,long
91529,Michael Caine
92259,friendship
92259,soundtrack
92259,touching
96079,action
99114,great performances
101360,ending kinda ruined it
104879,thriller
106782,long
109487,Christopher Nolan
109487,Hans Zimmer
109487,Matt Damon
109487,Michael Caine
110102,Fight Choreography
110102,Scarlett Johansson
111759,action
111759,comedy
111759,sci-fi
112556,Psychopathy
112556,twist
112556,unpredictable
115149,Keanu Reeves
115149,revenge
115713,artificial intelligence
115713,Nudity (Full Frontal - Notable)
115713,thriller
122882,action
122882,dystopian
122882,post apocalypse
128360,one-room
128360,tension building
134130,Matt Damon
134130,realistic
134130,space
134130,survival
139385,leonardo DiCarpio
139385,survival
139644,atmospheric
139644,gritty
139644,tension
140956,Steven Spielberg
168250,allison williams
168250,cheap scares
168250,cute girl
168252,gritty
168252,Hugh Jackman
171011,David Attenborough
176371,Ana de Armas
176371,artificial intelligence
176371,atmospheric
176371,beautiful
176371,Denis Villeneuve
179819,Bad jokes
179819,Lore Breaking
179819,Mary Sue
179819,Rian Johnson
179819,social justice
96821,amazing soundtrack
96821,atmospheric
96821,crying
96821,plot twist
96821,suicide
47099,San Francisco
47099,Will Smith
64575,Catholicism
64575,Christianity
64575,religion
64614,Clint Eastwood
64614,culture clash
64716,Immoral
64716,suicide
64716,Will Smith
64957,child abandonment
64957,illogical
65230,animal:dog
65230,Marriage
65230,prioritize family over career
68358,Leonard Nimoy
68358,space
68358,Spok and Uhura turbolift scene
68358,Star Trek
260,influential
260,space epic
151739,funny
904,amateur detective
904,claustrophobic
904,suspense
2176,Alfred Hitchcock
2176,atmospheric
2176,Suspense
2176,tense
2502,workplace
4262,Al Pacino
4262,corruption
4262,drugs
4262,organized crime
4262,violence
79132,action
79132,Leonardo DiCaprio
89898,advertising
89898,drugs
89898,Russia
215,bittersweet
215,conversation
215,dialogue
215,dialogue driven
215,long takes
1230,funny
1230,new york city
1230,quirky
1500,80s soundtrack
1500,dark comedy
1500,dialogue
1500,John Cusack
1500,Minnie Driver
1912,George Clooney
1912,stylish
2019,classic
2019,epic
2019,foreign
2019,long
2019,samurai
2232,bad acting
2232,innovative
2232,psychological
2248,1980s
2248,cameron crowe
2248,John Cusack
2248,Romance
2248,romantic
2797,Tom Hanks
2959,psychological
2959,psychology
2959,social commentary
2959,thought-provoking
3481,actor talks to audience
3481,break-up
3481,great soundtrack
3481,John Cusack
3481,music
4973,beautifully filmed
4973,feel-good
4973,Paris
4973,surreal
4975,existentialism
4975,lucid dreaming
4975,New York City
4975,surreal
5464,cinematography
5464,Jude Law
5464,Oscar (Best Cinematography)
5772,dialogue
5772,philosophical
5772,philosophy
5772,thought-provoking
6711,atmospheric
6711,bittersweet
6711,reflective
6711,Scarlett Johansson
8638,bittersweet
8638,dialogue
8638,emotional
8638,great dialogue
8638,minimalist
8981,bleak
8981,dialogue
8981,good acting
8981,Jude Law
8981,Natalie Portman
30810,Bill Murray
30810,Cate Blanchett
30810,great soundtrack
30810,quirky
30810,visually appealing
33162,Director's Cut
33162,theatrical cut
39381,nick cave
40629,cinematography
40629,classic
40629,Keira Knightley
40629,love
40629,relationships
45672,cheesy
45672,Christopher Walken
45672,Kate Beckinsale
45672,surprisingly good
46976,Maggie Gyllenhaal
46976,modern fantasy
46976,narrated
46976,quirky
46976,surreal
55052,great cinematography
55052,heartbreaking
55052,Keira Knightley
55052,Saoirse Ronan
69757,humor
69757,nonlinear
69757,quirky
69757,relationships
72011,Anna Kendrick
72011,Vera Farmiga
78039,depressing
78039,emotional
78039,great performances
78039,Michelle Williams
78039,painful
79357,cinematography
79357,coming of age
79357,Jared Leto
79357,nonlinear
79357,philosophy
80549,Emma Stone
80549,witty
87304,believable
87304,heartwarming
87304,melancholic
87304,realism
87304,relationships
94959,cinematography
94959,quirky
94959,surreal
94959,Wes Anderson
95309,apocalyptic
95309,surprisingly touching
97860,cinematography
100714,conversation
100714,honest
100714,long takes
100714,romance
103984,notable soundtrack
103984,Paolo Sorrentino
104374,Bill Nighy
104374,charming
104374,lovable
104374,love
104374,romance
109487,adventure
140956,80s video games
140956,movie references
140956,pop culture
140956,virtual reality
164909,Emma Stone
164909,ryan gosling
165549,blue collar
165549,Casey Affleck
165549,depression
165549,grief
165549,heartbreak
177615,coming of age
177615,Saoirse Ronan
182715,Natalie Portman
182715,surreal
182715,Visually appealing
182715,visually stunning
185029,Emily Blunt
185029,silence
185029,suspense
185029,tension
8427,meatloaf
54259,charlie cox
54259,cute
50,bad acting
50,boring
64695,anime
64695,anti-hero
64695,japan
74458,asylum
74458,mystery
42728,true love
62293,romance
67255,not in english
3863,atmospheric
3863,beautiful cinematography
3863,stylized
4226,great ending
4226,psychological
4226,stylized
5010,military
5010,realistic
5010,realistic action
5010,War
5995,holocaust
5995,Nazis
5995,true story
5995,war
5995,World War II
48774,dystopia
48774,survival
48774,visually appealing
51662,action
51662,atmospheric
51662,historical
51662,Nudity (Topless)
51662,stylized
53318,cult film
54736,middle east
54736,terrorism
58303,Holocaust
58303,true story
58303,World War II
68157,dark comedy
68157,Dead Nazis
68157,great acting
68157,visually appealing
68157,World War II
69481,Iraq
69481,Iraq War
69481,Middle East
69481,military
69481,realistic
90888,Greek mythology
90888,stylish
90888,stylized
112556,mindfuck
112556,unpredictable
114662,Iraq
114662,military
114662,sniper
114662,War
115149,Action
115149,Revenge
115149,stylish
115210,realistic
115210,World War II
139385,cinematography
139385,frontier
139385,revenge
147142,french
161582,cinematography
161582,modern western
161582,Texas
920,classic
1206,classic
1206,cult film
1206,disturbing
1206,dystopia
1206,future
158238,1970s
158238,Ryan Gosling
318,in
5618,fantasy
5618,imaginative
50872,a clever chef rat
50872,inspirational
118696,hope
2193,80's high fantasy
2193,adventure
2193,black magic
2193,fantasy
47,crime
339,ambitioned
508,Moral
590,can see 100 times no bore at all
912,Kitsch
1084,movie of its time
1227,one of the best movies ever
1258,best horror ever seen
1962,brillant artists
1962,slow plot
3825,very girlish
4190,better not see but not so bad after all
4881,unusual
5602,its a bore
5602,now idea why people like this one
5608,frightfully good
6422,oh so dramatic!
6870,too constructed
7056,good action
7070,good music
8364,as bad as the title
90405,thought-provoking
115713,AI
115713,artificial intelligence
349,clancy
2700,saddam
593,crime
593,horror
593,psycholgical thriller
858,Mafia
48516,organized Crime
115569,Crime
115569,Thriller
132796,Disaster
132796,Doomsday
132796,Thriller
1237,black and white
1237,cerebral
1237,Criterion
1237,death
1237,death personified
247,lesbian
364,Disney
1485,jim carrey
2340,Anthony Hopkins
3000,Studio Ghibli
3355,Johnny Depp
3355,Mystery
4815,anthony hopkins
5679,horror
5679,mystery
5679,suspense
74789,3D
74789,Alan Rickman
74789,Helena Bonham Carter
74789,Johnny Depp
17,18th century
17,19th century
17,period drama
1721,disaster
1721,Leonardo DiCaprio
1721,romance
1721,sex
2959,Brad Pitt
1282,family
1779,crichton
82461,futuristic
1,animation
1,friendship
1,toys
2,animals
2,based on a book
2,fantasy
2,magic board game
2,monkey
34,adventure
34,Animal movie
34,animals
34,overrated
34,talking animals
48,Disney
48,Native Americans
48,romance
48,strong female lead
356,dense
356,meaning of life
356,vietnam war
380,action
380,Arnold Schwarzenegger
380,espionage
380,funny
380,James Cameron
410,adolescence
410,bittersweet
410,black comedy
410,gothic
410,moral ambiguity
480,Dinosaurs
480,scenic
480,Steven Spielberg
502,babysitting
502,becoming an adult
502,martial arts
502,monks
502,Nostalgia Critic
527,holocaust
527,hope
551,Tim Burton
586,Invincible but idiot bad guys
586,kid on his own
586,nostalgia
595,18th century
595,animation
595,classic
595,Disney animated feature
595,humorous
808,Alaska
808,polar bear
808,wilderness
837,bad parents
837,genius
837,magic
837,strong female lead
1022,2D animation
1022,animated
1022,children cartoon
1022,fairy tale
1025,Cartoon
1025,children
1025,classic
1025,Disney
1025,King Arthur
1232,beautifully filmed
1232,dark
1232,existentialism
1232,masterpiece
1232,meditative
1274,cult film
1274,cyberpunk
1274,gore
1274,hallucinatory
1274,psychic powers
1499,action
1499,jungle
1499,snakes
1619,Biography
1619,great cinematography
1619,mountains
1619,Tibet
1707,Horrible Sequel
1707,not as good as the first
1806,family
1806,funny
1806,parrots
1806,story
1826,acting
1826,based on a tv show
1826,dinosaur
1826,music
1826,talking animals
1907,feminist
1907,heroine
1907,strong female lead
1907,supporting characters
1907,witty
2006,action
2006,Anthony Hopkins
2006,Antonio Banderas
2006,Catherine Zeta-Jones
2006,fun
2011,Christopher Lloyd
2011,classic
2011,cliffhanger
2011,time travel
2033,classic
2033,confusing
2033,dark fantasy
2078,bears
2078,great soundtrack
2087,based on a book
2087,Peter Pan
2087,pirates
2087,sword fight
2096,classic
2096,dragons
2096,fantasy
2096,surreal
2096,villain
2115,adventure
2115,sequel
2124,Anjelica Huston
2124,black comedy
2124,Christina Ricci
2124,Family
2124,gothic
2161,based on a book
2161,dragon
2161,imagination
2294,Adventure
2294,individuality
2294,princess
2294,revolutionary
2294,Woody Allen
2340,Anthony Hopkins
2340,Brad Pitt
2340,death
2340,very touching
2501,engineering
2501,hope
2501,inspirational
2501,small town
2501,space program
2571,artificial intelligence
2687,2D Disney Animation
2687,Animation
2687,gorillas
2687,Jane
2687,jungle
2761,1950s
2761,cold war
2761,emotional
2761,mother-son relationship
2761,redemption
3000,ambiguous character alignments
3000,fantasy world
3000,gods
3000,Japan
3081,19th century
3081,atmospheric
3081,Christina Ricci
3081,dark fantasy
3081,emotionless
3114,whimsical
3157,adoption
3483,Adventure
3483,Bromance
3483,mistaken for gods
3489,father-son relationship
3489,Nostalgia Critic
3489,Steven Spielberg
3615,dinosaurs
3751,claymation
3751,freedom
3882,cheerleading
3882,Kirsten Dunst
3988,Jim Carrey
3996,atmospheric
3996,China
3996,visually stunning
4366,adventure
4366,ancient civilization
4366,Atlantis
4366,Disney animated feature
4366,steampunk
4700,Anne Hathaway
4886,cute
4886,funny
4886,innovative
4896,Adventure
4896,Fantasy
4896,Magic
4896,school drama
4963,Andy Garcia
4963,crime
4963,feel good movie
4963,George Clooney
4963,Julia Roberts
4973,atmospheric
4995,college
4995,Jennifer Connelly
4995,psychology
4995,Russell Crowe
4995,schizophrenia
5816,based on a book
5816,dobby
5816,England
5816,good versus evil
5816,Magic
5942,body-swap
5942,body/gender-switch
5942,cheerleading
5942,comedy
5942,sexual identity
5971,adventure
5971,country life
5971,love for family
5971,nature spirits
5971,slow
6333,amnesia
6333,ensemble cast
6333,Hugh Jackman
6333,Ian Mckellen
6333,Patrick Stewart
6350,adventure
6350,animated masterpiece
6350,beautiful
6350,fantasy
6350,great soundtrack
6365,cyberpunk
6377,Comedy
6377,family bonds
6377,father-son relationship
6377,funny
6377,heartwarming
6385,coming of age
6385,feminism
6385,Girl Power
6385,New Zealand
6539,adventure
6539,Disney
6539,funny
6539,ghosts
6539,Johnny Depp
6541,B-movie
6541,captain nemo
6541,gothic
6541,steampunk
6541,submarine
6559,american football coach
6559,Can't remember
6559,Kids movie
6659,black comedy
6659,cult film
6659,Desert
6659,giant worm
6659,monster
6791,beautiful
6791,countryside
6791,Denmark
6791,fine dining
6791,Food
6874,funny
6874,nonlinear
6874,Quentin Tarantino
6874,strong female lead
6874,stylized
6889,bear
6889,bears
6889,coming of age
6889,disney
6889,friendship
6934,apocalypse
6934,cyberpunk
6934,Philosophical
7099,adventure
7099,anti-war
7099,dystopic future
7099,ecology
7099,environmental
7143,colonialism
7143,Honor
7143,intense
7143,Japanese culture
7143,Ken Watanabe
7234,circus
7234,Federico Fellini
7234,in love with enemy
7234,melancholy
7234,road movie
7454,gothic
7454,steampunk
7454,vampires
7454,werewolves
7845,remote control car
7845,seismograph
7845,small town
8361,climate change
8361,global warming
8361,hollywood style
8361,New York City
8361,propaganda
8368,Alfonso Cuarón
8528,hilarious
8528,Idiotic
8528,obscure sports
8529,Catherine Zeta-Jones
8529,great acting
8529,heartfelt
8529,humorous
8529,original plot
8640,Arthurian legend
8640,Keira Knightley
8640,medieval
8640,Roman empire
8644,action
8685,miracles
8685,religion
8865,dieselpunk
8865,future art deco
8865,giant robots
8865,steampunk
8865,visually appealing
8961,Adventure
8961,self discovery
8961,stylized
8961,superheroes
8964,Diva
8965,Based on a book
8965,Christian
8965,Christmas
8965,nerd
8965,train
8970,Biography
8970,bittersweet
8970,romance
8983,amazing photography
8983,Beautiful
8983,beautifully filmed
8983,China
8983,plot twist
8984,confusing
8984,George Clooney
8984,Julia Roberts
8984,not as good as the first
26662,airplane
26662,coming of age
26662,innocent
26662,strong female lead
26662,trains
26776,1920s
26776,aerial dogfights
26776,magic realism
26776,unanswered questions
26865,Amazing kung fu
26865,Jet Li
26903,Coming of age
26903,famous theme song
26903,follow your dreams
26903,teenage girl
27721,World War I
27831,British gangster
27831,confusing
27831,daniel craig
27831,Exquisite plotting.
27831,stylish
30793,colorful
30793,dark
30793,quirky
30793,whimsical
31410,history
31410,World War II
31658,dreamlike
31658,fantasy world
31658,Hayao Miyazaki
31658,steampunk
31658,Studio Ghibli
31698,annoying
31698,sequel
31698,the dog
32031,inventor
32031,robots
32031,Vulgar jokes
33615,anthropomorphic
33615,Dreamworks
33615,freedom
33615,lemurs
33615,lions
34150,cheesy
34150,heroine in tight suit
34150,idiotic
34150,invisibility
34150,Jessica Alba
40815,dance
40815,dark
40815,dragons
40815,Emma Watson
40815,Maggie Smith
41566,alternate universe
41566,based on a book
41566,children
41566,religion
41569,adventure
41569,stylized
45074,computer animation
45074,father-son relationship
45074,fish out of water
45499,genetics
45499,Magneto
45499,mutants
45499,politics
45499,telekinesis
46948,haunted house
46948,neighbors
46948,poor dialogue
46972,Ben Stiller
46972,history
46972,museum
46972,Robin Williams
46972,single parents
48982,Dreamworks
48982,rats
48982,romantic
48982,underworld
49649,based on a book
49649,dragons
50005,cinematography
50601,bullying
50601,fantasy
50601,hurried ending
50601,sad
50601,teen relationships
50798,awful
50798,stupid
50798,vulgar
50872,animation
50872,clever
50872,cooking
51540,detective
51540,investigation
51540,investigative journalism
51540,obsession
51540,Robert Downey Jr.
52885,beautiful animation
52885,confusing
52885,dreams
52885,female heroine
52885,philosophical
53464,bad acting
53464,bad jokes
53464,bad plot
53464,Chris Evans
53464,Jessica Alba
54001,not true to the book
54259,adventure
54259,atmospheric
54259,fairy tale
55768,ending kinda ruined it
55768,factory worker
55768,individualism
55768,romantic
55768,satire
56171,anti-religion
56171,coming of age
56171,fantasy world
56171,magic
56171,Nicole Kidman
56949,Katherine Heigl
57504,Art lover
57504,friendship
57504,time travel
58154,atmospheric
58154,historical
58154,Natalie Portman
58154,palace intrigue
58154,royalty
58293,ancient civilization
58293,historically inaccurate
58293,prehistoric fantasy
58293,visually appealing
58299,world inside another world
59315,character growth
59315,Gwyneth Paltrow
59315,Marvel Cinematic Universe
59315,Robert Downey Jr.
60514,adventure
60514,Jules Verne
60516,enjoyable
62293,18th century
62293,British
62293,Keira Knightley
62293,marriage crisis
63859,comic sidekick
63859,hollywood ending
63859,superhero
64116,computer animation
64116,dark
64116,evil scientist
64116,original
64116,underrated
64167,dinosaurs
64167,self discovery
64993,bittersweet
64993,coming of age
64993,Makoto Shinkai
64993,melancholic
64993,visually stunning
64997,bad plot
64997,based on a book
64997,easily confused with other movie(s) (title)
64997,H.G. Wells
65088,Adam Sandler
65088,Disney
65088,Imagination
65088,Keri Russell
65088,predictable
65577,animation
65577,loyalty
65577,plucky hero
65577,totalitarian regime
65577,unlikely friendship
65651,boring
65651,dragon
65651,predictable
65685,adventure
65685,books
65685,Brendan Fraser
66097,alone in the world
66097,based on a book
66097,fantasy world
66097,gothic
66097,storytelling
66371,beautiful scenery
66371,life & death
68959,anime
69844,boring
69844,coming of age
69844,Daniel Radcliffe
70334,countryside
70334,double life
70334,musical
70334,Tennessee
71057,creepy
71057,dark
71057,dark fantasy
71057,dystopia
71057,interesting animation style
71156,absurd
71156,black humor
71156,PSYCHIC ABILITIES
71264,animation
71264,father-son relationship
71264,funny
71264,inventor
71579,1960s
71579,adultery
71579,bittersweet
71579,coming of age
71579,Emma Thompson
72356,not a movie
72356,Pixar
72356,short
72701,50's & 60's
72701,aliens
72701,astronauts
74789,alternate reality
76093,depth of emotion
76093,dragons
76093,Dreamworks
76093,Excellent Animation
76093,flying
79091,anti-hero
79091,funny
79091,minions
79139,cliche
79139,magic
79139,New York City
79139,Nicolas Cage
79139,predictable
79242,adultery
79242,coming of age
79242,dysfunctional family
79242,good acting
79242,intelligent
79895,french
79895,independent woman
80615,childish
80615,cliche
80615,flying
80615,good versus evil
80615,Owls
81564,animation
81564,anti-hero
81564,feel good movie
81564,good versus evil
81564,heartwarming
81834,based on a book
81834,Daniel Radcliffe
81834,dark
81834,dark fantasy
81834,Emma Watson
81845,complex characters
81845,emotional
81845,excellent script
81845,friendship
81845,historical
81847,mother daughter relationship
81847,musical
81847,weak villain
82169,childish
82169,dialogue
82169,dragons
82169,magic
82169,Narnia
82202,Angelina Jolie
82202,chemistry between actors
82202,dialogue
82202,false identity
82202,Italy
82854,based on a book
82854,few funny scenes
82854,Jonathan Swift
83480,knights
83480,predictable
84156,happy
84156,remoteness
84156,russia
84156,Siberia
84156,Werner Herzog
84601,conspiracy
84601,Diane Kruger
84601,identity theft
84601,Liam Neeson
84601,paranoia
84944,adult humor
84944,desert
84944,hallucinatory
84944,heroic journey
84944,quirky style
85397,cliche
85397,little red riding hood
85397,love triangle
85397,mystery
85397,retelling
86059,animation
86059,Drums
86059,insipid
86059,slacker
86332,Natalie Portman
86332,Special Effects
86332,Tom Hiddleston
86880,franchise
86880,pirates
86882,dialogue
86882,fantasy
86882,magical realism
86882,nostalgic
86882,philosophical
87232,1960s
87232,Cuban missile crisis
87232,Jennifer Lawrence
87232,prequel
87232,visually appealing
88108,adventure
88108,fashion
88108,high society
88108,mistaken identity
88108,romance
90249,boxing
90249,father-son relationship
90249,feel-good
90249,Fighting Robots
90249,Hugh Jackman
90343,dancing
90343,small town
90405,Amanda Seyfried
90405,cheesy
90405,interesting concept
90405,original
90439,business
90439,financial crisis
90439,realistic
90439,Wall Street
90866,1930s
90866,bad acting
90866,Jude Law
90866,Paris
90866,visually appealing
91529,Anne Hathaway
91542,great cinematography
91542,Jude Law
91542,unrealistic
93272,Commercialization
93272,computer animation
93766,adventure
93766,Greek mythology
93766,monsters
94780,beautiful cinematography
94780,boring
94780,evil queen
94780,fairy tale
94780,fantasy
94833,claymation
94833,London
94833,pirates
94833,rivalry
95167,celtic music
95167,feminism
95167,mother-daughter relationships
95167,predictable
95309,dark humor
95309,Keira Knightley
95309,road trip
95875,bad remake
95875,Cyberpunk
95875,dystopia
95875,memory
95875,Philip K. Dick
97225,Adam Sandler
97225,animation
97225,protective father
97225,silly
97936,author:Leo Tolstoy
97936,costumes
97936,Jude Law
97936,kiera knightley
97936,Russia
98604,deep
98604,everyday life
98604,inticated story
98604,romance
98604,Studio Ghibli
100163,action
100163,steampunk
100163,Witches
100390,not funny
100390,road trip
100390,too long
100527,boring
101025,Giants
101025,predictable
101112,Fantasy
101112,Funny
101112,stage magic
101112,visually stunning
101142,animation
101864,adventure
101864,aliens
101864,atmospheric
101864,cloning
101864,dystopia
102125,audience intelligence underestimated
102125,Gwyneth Paltrow
102125,predictable
102125,shallow plot
102125,silly
102720,computer animation
102720,good versus evil
102720,nature
102720,predictable
102903,audience intelligence underestimated
102903,Jesse Eisenberg
102903,Mark Ruffalo
102903,Morgan Freeman
102903,stage magic
103042,bad script
103042,cheesy
103042,contrived romance
103042,identity crisis
103042,long fight scenes
103228,bad acting
103228,giant monster
103228,giant robots
103228,Guillermo del Toro
103228,Rinko Kikuchi
103253,class conflict
103253,cyborgs
103253,social commentary
103253,unnecessary violence
103335,anti-hero
103335,crude humor
103335,family
103335,Romance Not Believable
103366,Agata Buzek
103384,Disney
103384,Helena Bonham Carter
103384,rushed ending
103384,trains
103755,dreamworks
103755,racing
103755,snail
103755,underdog
104074,based on a book
104074,fantasy
104074,Greek mythology
104074,visually appealing
104076,3d
104076,smurf
104245,around the world
104245,computer animation
104245,countryside
104245,personification
104245,scenario
104283,biographical
104283,Biopic
104283,dreamlike
104283,Great animation
104283,Hayao Miyazaki
105504,believable
105504,pirates
105504,politics
105504,tense
106072,bad science
106072,Chris Hemsworth
106072,humorous
106072,Natalie Portman
106072,Tom Hiddleston
106330,elderly
106330,friendship
106330,Las Vegas
106330,male friendship
106330,old age
106696,feminist
106696,good message
106696,musical
106696,unnecessary villain
106696,Winter
106782,Amoral
106782,Anti-Hero
106782,Funny
106782,Great acting
106918,Greenland
106918,growth
106918,inspirational
106918,mother-son relationship
106918,photography
107953,audience intelligence underestimated
107953,continuity problems
108689,boring
108689,poorly written
109374,amazing storytelling
109374,cinematography
109374,eastern europe
109374,europe
109374,funny
109633,Makoto Shinkai
109633,pretty
109633,strong feelings
109633,visually stuning
110102,Marvel Cinematic Universe
110102,Scarlett Johansson
110102,strong woman
111659,Angelina Jolie
111659,bad acting
111659,Disney
111659,happy ending
111659,visual effects
112175,childish
112175,dragons
112175,good story
112175,predictable ending
112460,anthropomorphism
112460,computer animation
112460,disney
112460,firefighters
112460,national park
113275,beautiful
113275,Carlotte Le Bon
113275,cooking
113275,cross-cultural romance
113275,France
116797,autism
116797,Benedict Cumberbatch
116797,cryptography
116797,Keira Knightley
116797,mathematics
117176,biography
117176,emotional
117176,excellent acting
117176,love
117176,physics
118512,cheerleading
118997,Anna Kendrick
118997,Fantasy
118997,imaginative
118997,musical
118997,witch
122886,childish
122886,Fan service
122886,Plot Recycling
122886,unoriginal
122890,bad acting
122890,beautiful animations
122890,fantasy
122890,poor storyline
122890,video game adaptation
122892,artificial intelligence
122892,female warriors
122892,good vs evil
122892,Scarlett Johansson
122892,sequel
122896,weak argument
122906,afrofuturism
122906,colonialism
122906,great costumes
122906,great villain
122906,social commentary
122912,cliffhanger
122912,Dark
122912,emotional
122912,Great villain
122912,MCU
122916,Cate Blanchett
122916,colorful
122916,MCU
122916,Thor
122916,unconventional
122922,Benedict Cumberbatch
122922,magic
122922,visually appealing
122922,weak villain
125914,Absurd
126482,animation
126482,childish
126482,fantasy
126482,happy
126482,happy ending
130450,pirates
130450,power of belief
130450,predictable
130450,whitewashed
130490,Action
132046,For children
132046,futuristic
132046,George Clooney
132046,optimistic
132046,uplifting
134021,affair
134775,adult friendship
134775,China
134775,martial arts
134853,Pixar
134853,psychology
135143,1920s
135143,characters
135143,childish
135143,Eddie Redmayne
135143,imaginative
135532,action
135532,Rose Leslie
135887,banana
135887,boring
135887,prequel
139415,dark humor
139415,Emma Stone
139415,meaning of life
139415,philosophy
140110,Anne Hathaway
140110,feel-good
140110,great story
140110,Robert De Niro
142997,animation
142997,family
142997,hotel
142997,vampire
143245,childhood
143245,classic
143245,fantasy
148626,finance
148626,Margot Robbie
148626,not subtle
148626,Steve Carell
148775,Disney Channel
148775,Selena Gomez
148775,siblings
148775,wizards
152063,Egypt
152063,mythology
152063,predictable
152063,white washing
152081,attention to detail
152081,childish
152081,funny
152081,social commentary
152081,xenophobia
156607,predictable
156607,sisters
156607,slow
158813,CGI
158813,Lewis Carroll
158813,steampunk
158813,Tim Burton
159093,disapointing
159093,Morgan Freeman
159193,1930s
159193,basic love triangle
159193,CLASS DIFFERENCES
159193,gangster
159193,jewish family
160400,American literature
160400,biographical
160400,Nicole Kidman
160400,writer's block
160400,writing
160563,Adventure
160563,africa
160563,Colonialism
160563,Margot Robbie
160563,period piece
163134,body swap
163134,gorgeous animation
163134,nonlinear
163134,plot twist
163134,time travel
164179,beautiful visuals
164179,Cerebral
164179,communication
164179,extraterrestrial
164179,great aliens
166461,adventure
166461,Animation
166461,lava monster
166461,musical
166461,ocean
168366,dan stevens
168366,dark
168366,musical
168418,funny
168418,kids
168418,sibling rivalry
170957,high tech
170957,mentoring
170957,pixar
170957,predictable
170957,sequel
173925,false identity
173925,Noomi Rapace
173925,population control
173925,strong female lead
176101,Artful action sequences
176101,british comedy
176101,gratuitous violence
176101,Secret service
176101,sexist
177763,detective
177763,plot
177763,visual stuning
177765,mexico
177765,music
177765,pixar
179401,Dwayne Johnson
179401,funny
179401,predictable
179401,remake
179401,video game
184015,Time Travel
185033,family
185033,friendship
185033,inner monsters
185585,forced
185585,giant robots
185585,predictable
185585,sequel
187031,adrenaline
187031,BD Wong
187031,Bryce Dallas Howard
187031,dinosaurs
187031,genetic engineering
1234,classic
1234,clever
1234,con artists
1234,Paul Newman
1234,Robert Redford
158238,comedy
158238,detective
158238,entertaining
910,classic
1258,psychological
3994,fresh
2683,stupid
8494,poker
95,Christian Slater
150,based on a true story
150,history
168,King Arthur
168,medieval
318,classic
318,drama
318,great acting
318,hope
364,Disney
520,Mel Brooks
520,Robin Hood
551,cult film
551,dark
551,gothic
551,great soundtrack
588,adventure
588,Disney
588,fairy tale
588,fantasy
588,musical
780,good acting
805,based on a book
805,courtroom
805,John Grisham
805,Samuel L. Jackson
858,too long
899,Gene Kelly
900,Gene Kelly
900,musical
903,Alfred Hitchcock
903,classic
903,twist ending
904,Alfred Hitchcock
912,based on a play
912,classic
912,romance
914,based on a play
914,classic
914,clever
914,musical
920,based on a book
920,civil war
920,classic
920,historical
1027,Alan Rickman
1027,medieval
1059,based on a play
1059,great soundtrack
1059,Leonardo DiCaprio
1059,romance
1059,Shakespeare
1073,based on a book
1073,classic
1073,fantasy
1073,Gene Wilder
1073,musical
1196,classic
1196,great soundtrack
1196,imdb top 250
1197,classic
1197,cult classic
1197,fantasy
1197,funny
1197,medieval
1198,adventure
1198,classic
1198,epic
1198,indiana jones
1200,Scary
1210,classic
1210,Star Wars
1278,classic
1278,comedy
1278,Gene Wilder
1278,gothic
1278,Mel Brooks
1285,black comedy
1285,Christian Slater
1285,cult film
1285,dark comedy
1287,great cinematography
1287,historical epic
1291,action
1291,adventure
1291,classic
1291,indiana jones
1291,Steven Spielberg
1580,comedy
1580,plot twist
1580,Vincent D'Onofrio
1653,dystopia
1653,Ethan Hawke
1653,intelligent
1653,powerful ending
1672,courtroom
1672,John Grisham
1951,musical
2081,Disney
2081,musical
2115,action
2115,Harrison Ford
2115,Steven Spielberg
2125,romance
2161,fantasy
2174,black comedy
2174,comedy
2174,cult film
2174,Tim Burton
2174,weird
2301,Mel Brooks
2337,amazing soundtrack
2337,dreamlike
2337,Ewan McGregor
2337,Jonathan Rhys Meyers
2423,comedy
2478,comedy
2565,classic
2565,musical
2628,Jar Jar Binks
2628,Star Wars
2657,campy
2657,classic
2657,cult classic
2657,great soundtrack
2657,musical
2716,Bill Murray
2716,classic
2716,comedy
2716,Harold Ramis
2716,Rick Moranis
2746,based on play or musical
2746,black comedy
2746,cult classic
2746,dark comedy
2746,musical
2795,classic comedy
2795,comedy
2795,Harold Ramis
2987,Bob Hoskins
2987,comedy
2987,fantasy
2987,private detective
3033,breaking the fourth wall
3033,Mel Brooks
3033,Rick Moranis
3034,classic
3034,Disney
3034,medieval
3087,Bill Murray
3186,based on a true story
3186,borderline personality disorder
3186,depression
3186,mental health
3186,mental illness
3489,Bob Hoskins
3489,fairy tale
3549,musical
3556,based on a book
3556,dreamlike
3556,great soundtrack
3556,psychology
3556,visually appealing
3599,Gene Kelly
3599,musical
3606,Gene Kelly
3606,musical
3671,Mel Brooks
4085,Eddie Murphy
4308,colourful
4308,Ewan McGregor
4308,great soundtrack
4308,musical
4308,visually stunning
5128,great soundtrack
5128,vampires
5378,fantasy
5378,Star Wars
5992,based on a book
5992,intellectual
5992,mental illness
6222,based on a book
6222,depression
6323,dark
6323,twist ending
6345,based on a play
6345,choreography
6345,musical
7060,Andrew Lloyd Webber
7060,great soundtrack
7060,musical
7285,Evan Rachel Wood
7285,nostalgic
7285,teen angst
7386,epic
7386,history
7386,long
8008,Gene Kelly
8008,musical
8833,19th century
26084,musical
30816,Andrew Lloyd Webber
30816,dramatic
30816,great music
30816,musical
30816,Romance 
41566,based on a book
49272,action
49272,Daniel Craig
49272,elegant
49272,espionage
49272,exciting
54190,Beatles
54190,musical
54190,romance
54190,visually appealing
55052,based on a book
58347,Christina Ricci
58347,fairy tale
58347,James McAvoy
58347,modern fantasy
58347,Peter Dinklage
59615,Harrison Ford
59615,indiana jones
59615,ridiculous end
59615,Shia LaBeouf
61160,Star Wars
63992,based on a book
63992,emo
63992,fantasy
63992,romance
63992,vampire
85438,beautiful scenery
85438,gothic
85438,historical romance
85438,Michael Fassbender
85438,period piece
91658,based on a book
91658,dark
91658,good acting
91658,goth
91658,mystery
96079,action
96079,beautifully filmed
96079,Bechdel Test:Pass
96079,cinematography
99149,19th century
99149,based on a book
99149,Helena Bonham Carter
99149,historical
99149,musical
101741,James McAvoy
102407,1920s
102407,based on a book
102407,Leonardo DiCaprio
102407,stylized
102407,visually appealing
111362,James McAvoy
111362,Marvel
111362,Michael Fassbender
111362,Peter Dinklage
111759,Tom Cruise
122886,epic
122924,James McAvoy
122924,Marvel
122924,Michael Fassbender
122924,Oscar Isaac
122926,coming of age
122926,good villain
122926,humour
122926,Jon Favreau
122926,Marvel
141004,James McAvoy
166528,hope
166528,Star Wars
166528,strong female lead
166528,visually appealing
166534,borderline personality disorder
166534,James McAvoy
166534,mindfuck
166534,thriller
168252,dark
168252,dark hero
168252,dystopia
177765,colorful
177765,heartwarming
187595,Donald Glover
187595,Emilia Clarke
187595,fantasy
187595,heist
187595,smuggler
188301,Bechdel Test:Pass
188301,comedy
188301,fantasy
188301,fun
188301,Marvel Cinematic Universe
189333,Tom Cruise
16,DeNiro
16,gangster
16,Pesci
16,Vegas
94,Portman
110,brutal
110,drama
110,epic
223,hillarious
223,Kevin Smith
253,Anne Rice
333,Chris Farley
428,DeNiro
454,lawyer
493,O-Dog
494,Harrison Ford
543,head movie
832,GIVE ME BACK MY SON!
1042,boy band
1080,funny
1092,Erotic
1211,Nick Cave and the Bad Seeds
1219,classic
1252,Nicholson
1258,Nicholson
1270,DeLorean
1302,Costner sucks
1343,scorsese
1407,fun movie
1485,blooper reel
1784,Nicholson
2005,Sloth
2118,Christopher Walken
2447,MTV
2976,ambulance
2976,Nicolas Cage
2987,Jessica Rabit...Yeah baby!
3105,DeNiro
3147,loooooooooooooong
3499,Stephen King
3752,Farelly Brothers
3911,mockumentary
4306,animation
5292,hillarious
5292,hockey
5464,organized crime
7293,Sandler
46578,hilarious!
48385,Los Angeles
3949,addiction
3949,drug abuse
3949,drugs
4878,mindfuck
364,Disney
1258,Stephen King
1721,Oscar (Best Picture)
2329,Edward Norton
2762,Bruce Willis
2762,twist ending
6942,multiple storylines
7153,Oscar (Best Picture)
56145,apocalypse
56174,post-apocalyptic
60069,dystopia
67255,strong female lead
50,excellent script
50,mindfuck
50,twist ending
293,dark protagonist
296,comedy
296,dark comedy
1246,inspirational
1246,philosophy
1246,poetry
1625,twist ending
1704,Ben Affleck
1704,excellent script
1704,inspirational
1704,intelligent
1732,overrated
4816,Highly quotable
4816,Will Ferrell
5618,alternate reality
5618,atmospheric
5618,dreamlike
7254,intense
7254,sci-fi
7254,thought-provoking
7254,twist ending
7254,twists & turns
7438,martial arts
7438,Quentin Tarantino
7438,stylized
7438,twist ending
8641,goofy
8641,Highly quotable
8641,misogyny
8641,sexism
8641,Will Ferrell
27478,Sacha Baron Cohen
48385,controversial
48385,mockumentary
48385,satire
48385,social commentary
56367,bittersweet
56367,excellent script
56367,notable soundtrack
56367,quirky
56367,witty
60756,Highly quotable
60756,ridiculous
60756,Will Ferrell
61323,dark comedy
61323,satire
61323,twists & turns
68954,bittersweet
68954,dreams
68954,funny
68954,storytelling
68954,UNLIKELY HEROES
69784,mockumentary
69784,provocative
69784,Sacha Baron Cohen
69784,satire
72641,football
72641,inspirational
72641,over use of stereotypes
72641,sports
72641,touching
79132,alternate reality
79132,mindfuck
79132,surreal
79702,funny
79702,geeky
79702,innovative
79702,Michael Cera
79702,quirky
91630,action
91630,cinematography
91630,visuals
94959,cinematography
112183,annoying soundtrack
112183,boring
112852,action
112852,adventure
112852,fantasy
112852,fun
112852,great soundtrack
115122,dark comedy
115122,deadpan
115122,humor
115122,improv
115122,Jemaine Clement
143355,bad writing
143355,cheesy
143355,Fight Choreography
143355,strong female lead
143355,visually appealing
148626,finance
187593,4th wall
187593,dark humor
187593,funny
187593,sarcasm
187593,satire
1371,artificial intelligence
1371,slow
1371,space
1371,Star Trek
2021,based on a book
2021,Dune
2021,fantasy
2021,Patrick Stewart
2021,poor adaption
2167,vampires
2413,adapted from:game
2413,alternate endings
2413,Christopher Lloyd
2413,murder
2413,Tim Curry
2600,mindfuck
2600,unreliable narrators
2600,video game
3018,Nudity (Full Frontal)
3503,slow
4874,atmospheric
4874,intellectual
4874,philosophical
44555,foreign
44555,German
44555,Germany
44555,spying
44555,suicide
1247,Dustin Hoffman
1247,humorous
1247,notable soundtrack
2467,Eco
2467,inquisition
2467,medieval
2691,ennio morricone
2691,great soundtrack
2691,music
3053,epic
3053,History
3053,R:strong graphic battles
3992,Italian
3992,Monica Bellucci
3992,morality
6711,Melancholic
33162,history
33162,medieval
34048,action
34048,alien invasion
34048,aliens
34048,based on a book
34048,sci-fi
48304,history
48304,Mel Gibson
48304,survival
48304,suspense
95441,Boston
95441,buddy movie
95441,CG animation
95441,comedy
95441,crude humor
19,Jim Carrey
1200,Sigourney Weaver
1200,space
1200,strong femal lead
1200,tense
3615,dinosaurs
4720,afterlife
4720,supernatural
4720,twist ending
6214,brutal
6214,disturbing
6214,graphic violence
6214,Nudity (Full Frontal)
6214,rape
72378,apocalypse
72378,bad science
72378,destruction
72378,disaster
72378,end of the world
158872,not funny
158872,Vulgar
33166,social bias
5872,bad puns
32587,visually appealing
59615,aliens
106100,social commentary
111443,feel good movie
114935,time loop
143969,social commentary
143969,social critique
7153,Fan
97921,Jennifer Lawrence
97921,Robert De Niro
133645,cate blanchett
2231,John Malkovich
2231,John Turturro
2231,poker
5617,erotic
5617,Maggie Gyllenhaal
5669,too long
5902,immature
69604,eccentricity
69604,Larry David
69604,philosophical
93512,Jason segel
93512,Judy Greer
780,apocalypse
780,Area 51
780,disaster
780,end of the world
4447,Comedy
4447,feminism
4447,friendship
4447,girlie movie
4447,Harvard Law school
6535,politics
6535,Reese Witherspoon
7318,beautifully filmed
7318,Biblical
7318,Christian
7318,Christianity
7318,good acting
72998,bad science
72998,beautiful
72998,beautiful scenery
72998,environmental
72998,futuristic
77561,bad science
77561,lack of character depth
77561,sci-fi
77561,superhero
85131,alien invasion
85131,aliens
85131,sci-fi
85131,war
106002,action
106002,children acting like adults
106002,military
106002,predictable
106002,sci-fi
111360,bad science
111360,dumb science
111360,God
111360,sci-fi
111360,scifi
122900,ants
122900,entertaining
122900,funny moments
122900,Marvel
122900,Marvel Cinematic Universe
122918,80s
122918,sci-fi
122918,stupid story
132796,natural disaster
132796,predictable
135567,military
135567,millitary
135567,physically impossible
135567,sci-fi
135567,Visual Effects
166526,Asa Butterfield
166526,childish
166526,mars
166526,predictable
166526,science
170827,horror
16,gangsters
858,boring
1203,group psychology
1222,dialogue
1222,Vincent D'Onofrio
1645,Al Pacino
1645,Nudity (Full Frontal - Notable)
1645,Nudity (Full Frontal)
2028,war
2028,war movie
2232,intense
2232,psychological
2502,comedy
2502,hilarious
2502,quotable
2502,satire
2692,Franka Potente
2692,intense
2707,Jeff Bridges
2858,Nudity (Topless)
2858,sexuality
3006,Al Pacino
3020,Michael Douglas
3147,great acting
3730,boring
3730,slow
4776,corruption
4776,denzel washington
4776,Ethan Hawke
4776,Nudity (Topless)
4776,police corruption
4878,funny
4878,jake gyllenhaal
4878,teen
5296,Cameron Diaz
5954,Edward Norton
5954,hot girls
6975,long takes
30793,Johnny Depp
44199,Denzel Washington
44199,intelligent thriller
44199,Nazis
44199,quotable
64614,gangs
64614,gangsters
64614,revenge
66511,great soundtrack
66511,male nudity
66511,paul kalkbrenner
78266,predictable
80219,gore
80219,Jessica Alba
80219,Michelle Rodriguez
80219,Nudity
80219,Nudity (Full Frontal - Notable)
80463,nerds
92259,emotional
92259,touching
104879,Hugh Jackman
104879,Jake Gyllenhaal
106920,boring
106920,mustache
106920,predictable
106920,unrealistic
109578,implausible
89864,inspiring
110,historical
266,Anthony Hopkins
266,Brad Pitt
266,emotional
266,great acting
266,prohibition
597,M&A
597,Mergers and acquisitions
647,military
647,war
1263,Christopher Walken
1263,friendship
1263,Meryl Streep
1263,Robert De Niro
1263,Vietnam War
1625,Michael Douglas
1625,mindfuck
1625,mystery
1625,psychological
1754,Denzel Washington
1892,finance
3753,American Revolution
3753,familylove
3753,historical
3753,history
4007,business
4007,Michael Douglas
4007,stock market
4310,Ben Affleck
4310,emotional
4310,historical
4310,History
4310,military
4866,general
4866,military
4866,soldier
4958,bosnianwar
4958,genocide
4958,genocideinbosnia
6059,Al Pacino
8533,life choices
8533,predictable
8533,Rachel McAdams
8533,Ryan Gosling
8781,brainwashing
8781,conspiracy
8781,Denzel Washington
55280,Ryan Gosling
69306,Denzel Washington
69306,stock market
91622,adulting
91622,depression
91622,unfulfilling
128360,one-room
128360,too long
170907,billackman
170907,billionairesclash
170907,carlicahn
170907,finance
170907,hedgefund
176751,smuggling
32,post-apocalyptic
32,time travel
170,cult film
170,die like the rest
170,hacking
509,good music
509,good soundtrack
509,intense
509,melancholy
1285,black comedy
1645,Al Pacino
1645,Charlize Theron
1704,genius
2671,Good Romantic Comedies
3742,politics
3742,silent movie
3742,Soviet Union
5690,horrors of war
5690,made me cry
5690,Need to be seen more than once
5690,need to buy
5690,need to own
5952,based on a book
5952,fantasy
5952,overrated
5989,better than expected
5989,feel good movie
6807,Monty Python
7034,courage
7151,based on a book
7151,good soundtrack
7151,History
7151,Scarlett Johansson
7151,visually appealing
27721,Audrey Tautou
27721,romance
32587,black comedy
32587,comic book
32587,dark
32587,film noir
44191,comic book
44191,dystopia
44191,Natalie Portman
44191,visually appealing
45720,based on a book
45720,Meryl Streep
56757,good soundtrack
56757,visually appealing
60069,dystopia
60069,post-apocalyptic
68319,comic book
68319,Hugh Jackman
68358,adventure
69122,comedy
69122,las vegas
69122,no plot
59295,bad science
59295,creationism
59295,misinformation
59295,onesided
59295,propaganda
78266,childhood issues
78266,genetics
78266,Unjustified twists
78266,weak ending
858,atmospheric
858,Mafia
45720,chick flick
45720,hilarious
67788,feel-good
67788,good clean comedy
153,franchise
153,superhero
2231,call girl
2231,card games
2278,bank robbery
2278,car chase
2278,chase
2278,crime
2278,David Mamet
3298,economy
3298,investment firm
3298,Investment Scam
3298,scam
3298,social engineering
5418,Coldwar
5418,espionage
5418,intelligent
5418,international
7438,Quentin Tarantino
8665,conspiracy
8665,espionage
8665,Matt Damon
8665,spy
8665,thriller
54286,car chase
54286,cia
54286,espionage
54286,Matt Damon
54286,Robert Ludlum
78499,Pixar
91535,Edward Norton
91535,Jeremy Renner
91535,Rachel Weisz
91535,spies
48780,based on a book
1255,cult film
4533,zombie
586,childhood classics
1240,time travel
134130,sci-fi
1199,surreal
1199,Terry Gilliam
1225,music
2788,Monty Python
2788,sketch comedy
6270,Akira Kurosawa
6270,Japan
6993,Woody Allen
8738,nouvelle vague
316,aliens
316,sci-fi
316,space
1215,black comedy
1215,comedy
1215,cult film
1215,horror
1590,distorted reality
1590,hallucination
1590,horror
1682,dystopia
1968,cliche
1968,coming of age
1968,overdramatic
1968,teen movie
2628,annoying kid
2628,bad acting
2628,Jar Jar Binks
44191,dystopia
56174,alone in the world
56174,dystopia
56174,Post apocalyptic
56174,post-apocalyptic
60684,dystopia
60684,sci-fi
60684,superhero
61132,parody
61132,Robert Downey Jr.
61132,satire
71135,horror
71135,post-apocalyptic
71535,clowns
71535,post-apocalyptic
71535,zombies
86332,action
86332,Marvel
89745,Captain America
89745,excellent cinematography
89745,fun
89745,Hulk
89745,humor
93270,high school
93840,clever
93840,satire
93840,zombies
94864,aliens
94864,plot hole
94864,religious overtones
94864,Ridley Scott
94864,sci-fi
96610,bad science
96610,dystopia
96610,paranormal
96610,sci-fi
96610,time travel
113741,intelligent
113741,mind bending
113741,mystery
113741,parallel universe
113741,psychothriller
122904,antihero
122904,dark humor
122904,Funny
122904,Marvel
126548,romantic comedy
151739,funny
166528,female lead without romantic focus
541,aesthetic science fiction
541,atmospheric
750,nuclear war
750,Soviet Union
1732,Highly quotable
1732,sarcasm
1732,stoner comedy
3156,emotional
3156,exploration of humanity
3156,Isaac Asimov
3156,philosophical
3156,Robin Williams
4027,americana
4027,bluegrass
4027,country
4027,great soundtrack
4027,notable soundtrack
4878,atmospheric
8045,accurate
8045,atmospheric
8045,dialogue
8045,foul language
8045,immersive
27156,apocalypse
27156,dreamlike
27156,end of the world
27156,Gainax
27156,Hideaki Anno
41569,Jack Black
47997,dark comedy
47997,decline of civilization
47997,dystopia
47997,mike judge
47997,satire
57368,feeling of helplessness
57368,found footage
57368,shaky camera
57669,atmospheric
57669,dark
57669,depression
57669,guilt
57669,penitence
60069,consumerism
60069,dystopia
63072,bleak
63072,cannibalism
63072,dark
67197,apocalypse
67197,apocalyptic
67197,creepy
67197,dark
67197,eerie
70286,atmospheric
70286,bleak
70286,evil corporations
70286,Neill Blomkamp
70286,segregation
73321,atmospheric
73321,Bible
73321,Christianity
73321,dystopia
73321,dystopic future
75985,biomedical ethics
75985,cyberpunk
75985,dystopia
75985,evil corporation
80693,mental illness
80693,Zach Galifianakis
82459,atmospheric
82459,cinematography
82459,Coen Brothers
82459,dark
82459,Jeff Bridges
101525,corruption
101525,Ryan Gosling
105835,cinematography
105835,confusing
105835,kafkaesque
105835,surreal
105835,thought-provoking
115210,bleak atmosphere
115210,Brad Pitt
115210,gritty
115569,ambition
115569,anti-hero
115569,awkward guy
122882,bleak
122882,cinematography
188189,Anti-capitalist
188189,anticapitalist
188189,class conflict
188189,class themes
188189,magical realism
26554,isolation
26554,jealousy
26554,post-apocalyptic
113345,awful script
113345,bad acting
113345,disappointing
113345,fairy tale
113345,incoherent
114847,dystopia
2291,beautifully filmed
2291,dark comedy
2291,dreamlike
2291,fairy tale
2291,gothic
6936,Christmas
6936,Comedy 
6936,cute
6936,elves
6936,family friendly
111759,aliens
1080,man..... sandals
1080,Sandals
1485,I would rather suck exhaust than watch this POS again.
48516,complicated plot
64969,optimism
64969,positive thinking
64969,romantic comedy
356,comedy
356,historical
1193,classic
1193,jack nicholson
1193,mental illness
1193,powerful ending
1193,psychological
1732,frivolous
2324,comedy
2324,optimism
2329,disturbing
2329,politics
2329,powerful ending
2762,enigmatic
2762,excellent script
2762,mindfuck
2858,black comedy
2858,dark comedy
2858,excellent script
2997,Slow
3147,social commentary
6016,based on a true story
6016,brazil
6016,Portuguese
6016,South America
7361,alternate reality
7361,philosophy
7361,psychology
7361,surreal
30749,factual
30749,history
30749,true story
46578,family drama
46578,overrated
49278,implausible
49278,implausible plot elements
49278,paradox
49278,ridiculous plot
49278,silly
55721,brazil
55721,organized crime
56587,inspirational
56587,life philosophy
56587,meaning of life
56587,predictable
85342,Brazil
85342,politics
85342,realistic
85414,mindfuck
85414,plot makes no sense
85414,predictable
85414,predictable ending
85414,pseudo-intelligent
97304,slow
99114,funny
99114,Great performances
99114,Over the top
99114,Quentin Tarantino
231,road trip
231,stupid
2302,Alabama
2302,comedy
2302,small town
2795,comedy
2795,Notable Nudity
3104,comedy
3104,road trip
3617,Nudity (Topless - Notable)
3617,Nudity (Topless)
3617,road trip
3617,sex comedy
3617,teen movie
4247,road trip
4744,creep
4744,premonition
4744,psychic
4744,road trip
4744,supernatural
4816,comedy
4816,goofy
4816,stupid
5419,amateur detective
5419,Based on a cartoon
5419,based on a TV show
5419,friendship
5419,mystery
6902,life philosophy
6902,road trip
6902,surreal
8807,road trip
8807,stoner comedy
8807,stupid
8949,based on a book
8949,Nudity (Topless)
8949,road trip
8949,sex
46970,hilarious
46970,infidelity
47518,college
47518,Comedy Need to See
47518,light
47518,slackers
51575,road trip
54503,comedy
54503,friendship
54503,funny
54503,HIGH SCHOOL LIFE
54503,hilarious
55247,Alaska
55247,road trip
60756,comedy
60756,slapstick
69278,adapted from:TV series
69278,comedy
69278,nostalgia
69278,parallel universe
69278,time travel
71106,friendship
71106,funny
71106,surreal
71106,time travel
74580,action
74580,Adventure 
74580,Comedy 
74580,spy
79592,absurd
79592,buddy movie
79592,funny
79592,New York City
79592,silly
84772,Area 51
84772,chase
84772,comedy
84772,geeky
84772,laidback
93287,airplane
93287,birding
93287,birds
93287,birdwatching
93287,landscapes
93510,comedy
93510,funny
93510,parody
104211,funny
104211,mexico
104211,road movie
104211,road trip
104211,shallow
128592,fatal attraction
128592,high school
128592,obsession
128592,older woman younger man relationship
138798,comedy
750,cold war
750,dark comedy
750,politics
909,Billy Wilder
910,Billy Wilder
910,classic
1089,original
1089,Quentin Tarantino
1203,classic
1203,courtroom
1203,courtroom drama
1203,group psychology
1219,classic
1219,suspenseful
1221,classic
1221,complex characters
1221,mafia
1566,mythology
2028,action
2028,Steven Spielberg
2028,Tom Hanks
2712,atmospheric
2712,notable soundtrack
2712,secret societies
2712,Stanley Kubrick
2712,surreal
3949,great soundtrack
3949,soundtrack
4914,Jean-Luc Godard
6378,heist
6378,robbery
8984,heist
27773,disturbing
27773,hallucinatory
27773,twist ending
33794,Christopher Nolan
33794,Hans Zimmer
48516,complicated plot
48516,organized crime
48516,suspense
51255,british comedy
53322,heist
55820,Coen Brothers
81591,soundtrack
86644,cars
86644,heist
86644,unrealistic
89759,morally complex
89759,realism
91630,action
91630,espionage
104841,cheesy
104841,predictable
104841,visually appealing
104841,visually stunning
111781,action
111781,espionage
111781,Tom Cruise
112552,good acting
112552,music
112552,perfectionism
119145,british comedy
119145,parody
119145,spy
122904,4th wall
138036,cold war
138036,spy
138036,stylish
168248,secret society
174055,Christopher Nolan
174055,cinematography
174055,Hans Zimmer
174055,tense soundtrack
189333,action
189333,Mission Impossible
189333,spy
189333,Tom Cruise
189713,racism
189713,undercover
51666,ZZZZzzzzzzzzzz...
52245,Will Ferrell
3671,Madeline Kahn
1,animation
1,Disney
5,family
5,pregnancy
5,wedding
36,prison
111,Classic
111,cult film
141,comedy
141,gay
150,space
150,space program
150,true story
153,comic book
153,superhero
158,family
158,ghost
163,action
163,romance
208,very boring
223,good dialogue
342,comedy
342,weddings
344,Dumb
344,goofy
353,romance
357,wedding
435,snl
466,comedy
466,cool
586,christmas
589,action
589,robots
589,sci-fi
590,Oscar (Best Picture)
592,action
592,comic book
592,superhero
594,Disney
594,fairy tale
596,Children
596,Disney
596,fantasy
673,toons
914,family
919,classic
919,witch
924,classic
940,Classic
953,Christmas
953,classic
953,family
1035,classic
1035,family
1035,Oscar (Best Picture)
1036,action
1084,classic
1084,violent
1088,dance
1088,music
1097,aliens
1097,family
1136,Fun
1136,hilarious
1178,military
1198,archaeology
1201,spaghetti western
1210,fantasy
1210,sci-fi
1210,space
1219,psychology
1222,guerra
1222,Vietnam
1225,music
1225,Oscar (Best Picture)
1240,Action
1240,sci-fi
1253,aliens
1253,classic
1266,western
1270,adventure
1270,sci-fi
1270,time travel
1282,Disney
1321,werewolves
1333,birds
1333,classic
1339,My DVDs
1339,vampire
1347,horror
1367,Disney
1387,animal attacks
1387,classic
1387,shark
1396,computers
1396,must show
1513,comedy
1513,fashion
1527,sci-fi
1584,outer space
1639,romantic
1682,TV
1747,fun
1748,fantasy
1748,sci-fi
1909,aliens
1909,conspiracy
1909,scifi
1953,drugs
1953,Oscar (Best Actor)
1953,Oscar (Best Picture)
1954,boxing
1954,Oscar (Best Picture)
1954,sports
1968,80s
1997,possession
1997,scary
2078,classic
2078,Disney
2081,Disney
2160,Antichrist
2160,Atmospheric
2160,satan
2160,satanism
2176,classic
2183,classic
2313,freaks
2324,holocaust
2324,Italian
2334,terrorism
2335,sports
2355,animation
2355,Disney
2355,Pixar
2366,action
2366,adventure
2366,classic
2398,Christmas
2398,classic
2398,Santa Claus
2412,boxing
2423,christmas
2423,humor
2431,doctors
2455,better than the old version
2572,romantic
2572,teen
2617,mummy
2640,comic book
2640,fantasy
2640,superhero
2717,comedy
2717,Ghosts
2728,Rome
2791,aviation
2797,1980s
2797,family
2908,Drama
2908,gay
2918,80s
2918,teen
2919,journalism
2948,007
2951,spaghetti western
2997,surreal
2997,surrealism
3030,samurai
3033,spoof
3061,Christmas
3061,classic
3061,holiday
3114,cgi
3114,Disney
3114,Pixar
3114,very good but the first was better
3175,spoof
3273,slasher
3363,teen
3409,premonition
3424,racism
3441,war
3471,aliens
3508,classic
3508,western
3623,action
3623,Great Actions
3639,007
3717,cars
3740,scifi cult
3740,surreal
3869,comedy
3869,I laughed continuosly throughout this film
3869,screwball
3882,cheerleading
3897,music
3994,superhero
3996,china
3996,martial arts
4014,chocolate
4025,pageant
4270,fun
4270,mummy
4306,animation
4306,comedia
4306,fairy tale
4306,satire
4344,cool
4571,excellent!
4571,time travel
4718,funny
4718,teen
4720,ghosts
4720,surprise ending
4855,crime
4886,Disney
4886,Pixar
4896,magic
5010,Drama
5266,crime
5291,samurai
5377,books
5444,Disney
5445,future
5669,documentary
5669,guns
5872,007
5902,very good
5989,crime
5989,true story
5991,murder
5991,Oscar (Best Picture)
6016,Brazil
6058,violent
6188,Funniest Movies
6188,very funny
6378,remake
6979,Cold War
6979,computers
6986,classic
7090,amazing photography
7090,extremely interesting. Like an ancient tragedy.
7090,martial arts
7147,Fantasy
7147,surrealism
7579,classic
8167,classic
8360,animation
8360,fable
8360,fairy tale
8376,teen
8464,documentary
8581,geeks
8636,comic book
8636,super-hero
8874,zombies
8958,great acting
26242,master piece
26242,thriller
26865,martial arts
27773,revenge
27905,japanese
30707,boxing
30707,drama
30707,Oscar (Best Picture)
30749,Genocide
30749,great cast excellent
33437,movie to see
33660,boxing
33660,true story
33794,action
33794,dark
34405,action
34405,scifi
37830,cgi
37830,videogame
37857,Fantasy World
38038,rabbits
39446,gore
39446,needles
40851,board game
40851,outer space
41285,interesting
41569,adventure
41569,monkey
41997,terrorism
42011,funny
13,James Horner
273,Patrick Doyle
606,Philip Glass
1097,John Williams
1201,Ennio Morricone
1270,Alan Silvestri
1289,Philip Glass
1342,Philip Glass
1356,Jerry Goldsmith
1371,Jerry Goldsmith
1372,Cliff Eidelman
1374,James Horner
1375,James Horner
1376,Leonard Rosenman
1387,John Williams
2011,Alan Silvestri
2012,Alan Silvestri
2535,John Williams
2640,John Williams
2951,Ennio Morricone
3259,John Williams
3681,Ennio Morricone
3751,Harry Gregson-Williams
3751,John Powell
3997,Justin Caine Burnett
4133,Bill Conti
4198,James Horner
4275,James Horner
4562,Henry Mancini
5378,John Williams
5684,Philip Glass
68237,Clint Mansell
70703,Cliff Eidelman
77561,John Debney
88140,Alan Silvestri
90746,John Williams
98809,Howard Shore
102445,Michael Giacchino
106489,Howard Shore
118696,Howard Shore
122920,Henry Jackman
135569,Michael Giacchino
180497,John Williams
51255,british comedy
51255,Simon Pegg
96430,fantasy
96430,heartwarming
140162,love
924,philosophical
924,surreal
1584,space travel
2311,space
8874,England
8874,gore
8874,horror
8874,zombies
48043,artistic
48043,dreamlike
48043,philosophical
48043,visually appealing
103688,exorcism
103688,horror
103688,possession
103688,predictable
32,Brad Pitt
32,Bruce Willis
32,great ending
647,Gulf War
1061,Brad Pitt
1061,court case
1061,Revenge 
1061,thrilling story
1061,vittorio gassman
1079,British
1079,hilarious
1079,Jamie Lee Curtis
1079,John Cleese
1079,Kevin Kline
1090,Charlie Sheen
1090,horrors of war
1090,psychological
1090,war
1090,Willem Dafoe
1096,ethics
1096,Holocaust
1096,Kevin Kline
1096,meaning of life
1096,Meryl Streep
1204,atmospheric
1204,cinematography
1204,epic
1204,Peter O'Toole
1233,classic
1233,realistic
1233,tense
1233,World War II
1303,Michael Caine
1303,Sean Connery
1882,Jean Reno
1882,Matthew Broderick
2208,Alfred Hitchcock
2542,black comedy
2542,British
2542,dark comedy
2542,Guy Ritchie
2542,multiple storylines
2745,colonialism
2745,Ennio Morricone
3448,great soundtrack
3448,radio
3448,Robin Williams
3448,Vietnam War
3527,action
3527,aliens
3527,predator
4370,depressing
4370,disturbing
4370,too long
4383,atmosphere
4383,Jean Reno
4383,mystery
4383,Vincent Cassel
4981,comedy of errors
4981,John Cleese
4981,NOTHING GOES RIGHT
5152,action packed
5152,heroism
5152,Mel Gibson
5152,pro america
5152,pro military
5299,funny
5299,greek
6942,Alan Rickman
6942,British comedy
6942,christmas
6942,Emma Thompson
7147,father-son relationship
7147,Tim Burton
33162,Liam Neeson
55290,Casey Affleck
55290,child abuse
55290,drugs
55290,Ed Harris
55290,morality
55820,atmospheric
55820,dark
81788,good ending
81788,suspense
81788,tense
81788,thriller
89753,atmosphere
89753,author:John le CarrÃ©
89753,Beautifully shot
89753,Gary Oldman
89753,Spies
90600,based on a book
90600,gory
90600,intense
90600,man on the run
90600,Norwegian
91535,Action
97913,arcade
97913,fun
97913,funny
97913,nostalgic
97913,video games
114662,based on a true story
128360,atmosphere
134214,atmospheric
134214,different
134214,Harvey Keitel
134214,Michael Caine
134214,Rachel Weisz
134853,beautiful
134853,emotional intelligence
134853,funny
139644,Benicio Del Toro
139644,Emily Blunt
152079,ameritrash
152079,predictable
166635,ending almost corny
166635,Predictable
166635,Space
166635,Unreal
166635,Visually stunning
168254,good liscensed music
168254,John Goodman
168254,Samuel L. Jackson
168254,striking imagery
168254,Tom Hiddleston
177593,black humor
177593,emotional rollercoaster
177593,Frances McDormand
177593,great soundtrack
177593,Sam Rockwell
30707,drama
140737,Mystery
140737,Sci-Fi
117533,computer hacker
117533,computer science
117533,social engineering
2579,not linear
2579,psychology
162578,beautiful
162578,visually appealing
34072,amazing photography
34072,awful soundtrack
34072,penguins
40491,Aki Kaurismäki
40491,depression
40491,Finnish
364,classic
364,disney
616,animals
616,cats
616,classic
616,disney
709,cats
709,disney
709,dogs
1015,cats
1015,dogs
1015,soundtrack
1015,tears
1033,animals
1033,classic
1033,disney
1033,dogs
1033,foxes
2018,animals
2018,classic
2018,deer
2018,disney
2018,tears
2080,cats
2080,classic
2080,disney
2080,dogs
2085,disney
2085,dogs
2394,dreamworks
2394,egypt
2394,soundtrack
2846,animals
2846,cats
2846,dogs
2846,relaxing
2846,soundtrack
5444,aliens
5444,chris sanders
5444,disney
8534,soundtrack
8534,tigers
73017,hans zimmer
73017,hot men
73017,jude law
73017,sherlock holmes
73017,soundtrack
82461,epic
82461,hot ladies
82461,soundtrack
29,atmospheric
29,Christmas
29,dark fantasy
29,dreamlike
29,dystopia
39,radiohead
48,Native Americans
111,atmospheric
111,cult film
111,disturbing
158,ghosts
199,Catherine Deneuve
231,cult film
231,road trip
239,road trip
253,Antonio Banderas
253,atmospheric
253,gothic
253,vampires
261,Christmas
261,Winona Ryder
275,annoying
275,Christmas
307,atmospheric
307,Juliette Binoche
339,Bill Pullman
351,directorial debut
372,Winona Ryder
441,nostalgic
441,small town
471,New Year's Eve
471,snow
491,directorial debut
500,Robin Williams
508,disease
539,Bill Pullman
539,New York City
555,Dennis Hopper
555,dialogue
555,Quentin Tarantino
562,adolescence
562,disturbing
562,indie
562,poignant
562,quirky
575,nostalgic
587,subway
592,atmospheric
592,tense
661,claymation
661,stop-motion
708,Uma Thurman
719,Michael Keaton
735,cult film
735,dreamlike
735,stylized
735,zombies
778,great soundtrack
783,France
783,Paris
832,Lili Taylor
866,directorial debut
866,lesbian
866,tense
898,Cary Grant
898,James Stewart
901,Audrey Hepburn
901,Fred Astaire
902,Audrey Hepburn
903,Atmospheric
903,eerie
904,claustrophobic
907,Astaire and Rogers
907,Eric Blore
908,Cary Grant
908,visually appealing
909,Christmas
909,Jack Lemmon
910,Jack Lemmon
910,Marilyn Monroe
911,Audrey Hepburn
911,Cary Grant
911,surprise ending
912,atmospheric
915,audrey hepburn
916,Audrey Hepburn
916,Gregory Peck
917,Shirley Temple
919,dreamlike
922,atmospheric
923,atmospheric
924,atmospheric
924,cult film
926,Bette Davis
926,great dialogue
928,atmospheric
928,Gothic
928,Laurence Olivier
928,moody
932,Cary Grant
932,too long
935,CinemaScope
936,Greta Garbo
937,Audrey Hepburn
945,Astaire and Rogers
945,Eric Blore
945,Fred Astaire
949,James Dean
951,Cary Grant
959,bad accents
959,Bette Davis
959,Leslie Howard
968,bad stereotypes of women
968,brilliant ending
968,creepy
968,menacing
968,ominous
986,Anna Paquin
986,Jeff Daniels
1023,Rain
1029,elephants
1029,social exclusion
1032,alternate reality
1032,dreamlike
1032,surreal
1032,surrealism
1032,whimsical
1084,controversial
1097,space
1099,Christmas
1103,coming of age
1103,James Dean
1103,Natalie Wood
1104,atmospheric
1104,Marlon Brando
1104,Tennessee Williams
1130,werewolf
1130,werewolves
1171,mockumentary
1175,atmospheric
1175,French
1175,hallucinatory
1175,quirky
1175,stylized
1178,Stanley Kubrick
1207,atmospheric
1207,small town
1212,atmospheric
1212,film noir
1212,great cinematography
1212,Orson Welles
1215,campy
1219,Anthony Perkins
1222,2 movies in 1
1225,classical music
1230,Woody Allen
1235,Cult Classic
1235,cult film
1235,dark comedy
1235,Eccentric
1235,good dialogue
1241,campy
1241,cult film
1241,over-the-top
1244,Woody Allen
1247,Anne Bancroft
1247,coming of age
1251,surreal
1252,Film Noir
1254,tense
1258,atmospheric
1259,coming of age
1259,nostalgic
1261,atmospheric
1261,Bruce Campbell
1261,campy
1261,cult classic
1261,cult film
1265,alternate reality
1265,Bill Murray
1265,existentialism
1265,self discovery
1265,small town
1269,Cary Grant
1269,too long
1271,train
1282,classical music
1282,surreal
1288,Christopher Guest
1288,deadpan
1288,directorial debut
1288,documentary
1288,farce
1289,Philip Glass
1289,phillip glass score
1289,score:Philip Glass
1292,Hal Ashby
1292,Peter Sellers
1295,Daniel Day-Lewis
1295,Juliette Binoche
1298,animated sequence
1298,artistic
1298,cult classic
1298,cult film
1298,dark
1302,Kevin Costner
1302,thinks it's profound but it isn't
1321,atmospheric
1321,Griffin Dunne
1321,paranoid
1321,surprisingly funny
1339,gothic
1339,vampires
1340,gothic
1340,Isolation
1343,paranoia
1344,Gregory Peck
1347,horror
1348,atmospheric
1348,german expressionism
1350,Gregory Peck
1350,Horror
1359,Christmas
1361,disturbing
1361,woods
1361,wrongly accused
1377,Gothic
1377,superhero
1380,great soundtrack
1407,horror
1441,whimsical
1449,Christopher Guest
1449,mockumentary
1449,quirky
1449,small town
1464,art house
1464,atmospheric
1464,clever
1464,creepy
1464,David Lynch
1485,corny
1485,over the top
1513,guilty pleasure
1513,unlikely favorites
1517,time travel
1552,airplane
1562,Uma Thurman
1569,Rupert Everett
1678,Culture
1682,alternate reality
1682,small town
1682,voyeurism
1835,ending kinda ruined it
1895,Seth Green
1916,avant-garde romantic comedy
1916,bowling
1916,dialogue driven
1916,quirky
1916,The end of the solitude
1919,Paris
1940,Gregory Peck
1947,Natalie Wood
1961,autism
1961,road movie
1962,Southern theme
1974,campy
1991,Chris Sarandon
1994,haunted house
1997,controversial
1997,creepy
1997,cult
2003,Christmas
2013,claustrophobic
2013,TRAPPED OR CONFINED
2014,child as adult
2048,London
2052,halloween
2059,camping trip
2076,atmospheric
2076,David Lynch
2076,disturbing
2076,dreamlike
2076,hallucinatory
2078,great soundtrack
2122,cult film
2122,small town
2131,claustrophobic
2131,tense
2132,dialogue driven
2132,great performances
2145,Andrew Dice Clay
2155,coming of age
2289,paranoid
2313,atmospheric
2313,David Lynch
2318,loneliness
2321,coming of age
2321,Jeff Daniels
2321,time travel
2321,whimsical
2366,stop motion
2366,stop-motion
2398,Natalie Wood
2400,Christmas
2423,Christmas
2432,cancer
2432,terminal illness
2455,tense
2459,atmospheric
2459,cannibalism
2459,disturbing
2459,grindhouse
2459,menacing
2495,Adult Animation
2495,Avant Garde
2495,Dreamlike
2495,psychedelic
2495,Surreal
2513,cemetery
2513,zombies
2514,halloween
2552,Austin Pendleton
2552,black comedy
2552,horror comedy
2552,irreverent
2552,zombies
2572,guilty pleasure
2579,directorial debut
2639,cult film
2644,gothic
2648,controversial
2648,gothic
2654,gothic
2654,gypsy
2654,Lon Chaney Jr.
2664,horror
2664,paranoid
2664,tense
2692,artistic
2692,intense
2692,nonlinear
2699,bugs
2699,Jeff Daniels
2699,medical
2710,creepy
2710,forest
2710,horror
2710,low budget
2710,mockumentary
2719,haunted house
2726,Sterling Hayden
2727,mannequin
2729,based on a book
2729,controversial
2729,James Mason
2729,Kubrick
2729,May-December romance
2730,atmospheric
2730,Kubrick
2730,lavish
2730,Stanley Kubrick
2797,May-December romance
2804,Christmas
2804,cult film
2841,annoying characters
2859,David Byrne
2867,Chris Sarandon
2867,cult film
2867,vampires
2907,Molly Shannon
2908,small town
2918,coming of age
2953,Christmas
2953,hotel
2997,Charlie Kaufman
2997,cult film
3016,Anthology
3016,multiple short stories in one
3016,multiple storylines
3061,Bing Crosby
3061,Christmas
3075,atmospheric
3075,claustrophobic
3075,paranoid
3075,rape
3076,Jack Lemmon
3083,Pedro Almodovar
3087,Bill Murray
3087,Christmas
3088,James Stewart
3152,coming of age
3152,nostalgic
3152,small town
3152,SMALL-TOWN LIFE
3157,hugh laurie
3160,great soundtrack
3160,melancholy
3160,multiple storylines
3160,stylized
3160,visually appealing
3174,depressing
3258,Goldie Hawn
3264,dark comedy
3264,vampires
3307,Charlie Chaplin
3307,stylized
3310,Charles Chaplin
3330,coming of age
3330,Natalie Wood
3362,Al Pacino
3362,Atmospheric
3362,black comedy
3362,dark comedy
3362,intense
3364,atmospheric
3364,Marilyn Monroe
3386,boring
3386,Gary Oldman
3386,historically inaccurate
3386,Oliver Stone
3386,Swearing
3396,cameos
3396,road trip
3415,Andrei Tarkovsky
3415,dreamlike
3415,nostalgic
3415,surreal
3415,visually stunning
3435,Barbara Stanwyck
3435,film noir
3435,stylized
3462,Charles Chaplin
3462,Charlie Chaplin
3471,space
3499,claustrophobic
3499,drab
3499,tense
3499,TRAPPED OR CONFINED
3521,Atmospheric
3521,nostalgic
3535,fantasy world
3535,New York
3535,psychological
3546,Bette Davis
3546,psychological thriller
3565,Ashley Judd
3565,small town
3606,CinemaScope
3608,road trip
3627,atmospheric
3627,carnival
3627,dreamlike
3627,ghosts
3668,Olivia Hussey
3675,Christmas
3675,Danny Kaye
3675,hotel
3676,atmospheric
3676,creepy
3676,cult film
3676,dark
3676,David Lynch
3683,quirky
3683,surprise ending
3683,witty
3751,claymation
3809,Bill Murray
3809,vacation
3821,Eddie Murphy
3821,Janet Jackson
3843,campy
3844,BATTLING ILLNESS
3844,diabetes
3897,coming of age
3910,BjÃ¶rk
3910,downbeat
3910,great ending
3910,grim
3910,Lars von Trier
3917,disgusting scenes
3988,Christmas
4002,road movie
4002,road trip
4018,stereotypes
4022,loneliness
4022,psychological
4067,Christmas
4105,Bruce Campbell
4105,campy
4105,Cult classic
4105,cult film
4128,cult film
4128,small town
4128,vampires
4184,Cary Grant
4184,Christmas
4205,Winona Ryder
4235,independent film
4235,multiple storylines
4356,Marilyn Monroe
4359,Marilyn Monroe
4428,atmospheric
4437,atmospheric
4437,creepy
4437,Dario Argento
4437,dreamlike
4437,eerie
4533,cult film
4533,Kentucky
4533,zombies
4541,Voodoo
4546,inappropriate music
4564,Audrey Hepburn
4833,atmospheric
4833,ghost story
4833,haunted house
4914,Jean Seberg
4914,Paris
4920,Bette Davis
5013,atmospheric
5013,Dark
5013,Period piece
5013,witty
5060,Bud Cort
5060,drab
5103,cult film
5105,atmospheric
5105,dreamlike
5105,gothic
5159,rain forest
5165,atmospheric
5165,creepy
5165,disturbing
5165,Giallo
5250,Gene Wilder
5602,Peter Sellers
5673,bittersweet
5673,hallucinatory
5673,Paul Thomas Anderson
5673,quirky
5673,tense
5891,Camille Keaton
5891,campy
5891,glorifies violence against women
5891,revenge
5963,controversial
5970,Anna Chlumsky
5970,Griffin Dunne
5975,Audrey Hepburn
6140,Giallo
6242,atmospheric
6242,gritty
6357,bing crosby
6357,louis armstrong
6460,Anthony Perkins
6460,claustrophobic
6516,Ingrid Bergman
6516,Yul Brynner
6639,Audrey Hepburn
6810,small town
6820,Emily Perkins
6820,Katherine Isabelle
6820,werewolf
6820,werewolves
6975,dialogue driven
6975,long takes
6975,Michael Haneke
6978,conspiracy theorists
6978,irreverent
6993,realistic female character(s)
6993,Woody Allen
6999,Goldie Hawn
6999,Steve Martin
7001,dehumanization
7001,intense
7013,atmospheric
7013,creepy
7013,dreamlike
7013,film noir
7013,stylized
7022,controversial
7050,Astaire and Rogers
7053,Astaire and Rogers
7055,Astaire and Rogers
7060,great soundtrack
7208,Ingrid Bergman
7387,TRAPPED OR CONFINED
7702,Bing Crosby
7702,Ingrid Bergman
7820,rape
7820,revenge
7891,last man on earth
7891,post-apocalyptic
7891,Vincent Price
7891,zombies
8033,Audrey Hepburn
8125,atmospheric
8125,dreamlike
8125,stylized
8338,atmospheric
8338,claustrophobic
8338,stylized
8492,Christmas
8492,Scrooge
8507,atmospheric
8507,circus
8507,controversial
8507,cult classic
8507,cult film
8518,Greta Garbo
8521,Fredric March
8571,Natalie Wood
8614,Goldie Hawn
8712,Cary Grant
8712,Irene Dunne
8712,Randolph Scott
25771,surrealism
25865,Bette Davis
25937,Fred Astaire
26116,Bette Davis
26133,Christmas
26587,thought-provoking
27317,ominous
27317,stylized
27317,tense
27329,Arkansas
27329,wrongly accused
32898,Georges MÃ©liÃ¨s
32898,space
37729,claymation
37729,gothic
37729,stop-motion
51573,maya deren
52435,Christmas
55269,cinematography
55269,road movie
55269,road trip
55269,Train
55269,trains
60487,halloween
60803,Christmas
60803,stop motion
66915,Don Bluth
72692,Christmas
2819,leading man
47099,inspirational
47099,Motivation
47099,true story
105504,SEAL
1748,atmospheric
1748,dark fantasy
2600,surreal
2600,virtual reality
2672,simulated reality
8914,complicated plot
8914,mindfuck
8914,time travel
7454,gothic
100163,action
100163,entertaining concept
135532,action
55247,based on a true story
55247,psychology
55247,self discovery
8666,cats
8666,super-hero
3068,court
3068,courtroom
3068,courtroom drama
3068,lawyer
3068,lawyers
4247,David Spade
4890,Jack Black
5013,atmospheric
5449,Adam Sandler
6298,Jamie Kennedy
7173,Ben Stiller
7173,Philip Seymour Hoffman
7325,Ben Stiller
7325,Owen Wilson
7367,Coen Brothers
7367,Tom Hanks
8373,Nicole Kidman
27478,Sacha Baron Cohen
53993,Steve Carell
55280,boring
55280,BORING!
62511,Charlie Kaufman
2208,Surprising
2208,Suspenseful
1089,very violent
1208,anti-war
1208,Robert Duvall
1960,cinematography
1965,black comedy
2283,cinematography
2396,Ben Affleck
2925,political
4688,cinematography
6863,feel good
21,Elmore Leonard
21,Gene Hackman
21,quirky
21,rene russo
1713,Nathan Lane
1713,off-beat
1713,quirky
5459,aliens
5459,sci-fi
5459,Tommy Lee Jones
5459,Will Smith
5989,caper
111781,Action
111781,Simon Pegg
166643,Feel good
166643,feminism
166643,NASA
166643,space travel
166643,uplifting
1370,action
1370,Bruce Willis
3147,Stephen King
3147,Tom Hanks
48780,mystery
48780,twist ending
1537,romance
2253,Pixar
88179,romance
2009,Charleton Heston
2009,Edward G. Robinson
3032,Charleton Heston
3879,Wesley Snipes
3906,predictable movie
4006,too much 80's music
4265,Formula 1 racing
4577,Vietnam War
5107,Bruce Willis
5107,prison
6809,Clint Eastwood
6812,Charlie Sheen
6812,Clint Eastwood
8446,Forrest Tucker
8446,John Wayne
26249,Terence Hill
45503,Nick Nolte
46530,Frank Langella
46530,Kevin Spacey
53972,Bruce Willis
57536,Steve Zahn
110,Guilty Pleasure
316,guilty pleasure
648,Guilty Pleasure
3882,guilty pleasure
1884,drug abuse
1884,drugs
1884,gibberish
2150,different perspectives
2150,exotic culture
3168,notable soundtrack
3175,satire
3435,film noir
4939,time travel
6639,unique story
7323,clever premise
34437,almost no plot
49688,true story
49688,World War II
53318,alternate reality
53318,stopping time
66371,beautiful music
66371,cello
66371,confronting death
70599,book is better
70599,time travel
84954,Changing fate
112183,boring
112183,pretentious
112183,show business
112290,12 years in the making
112290,quietly beautiful
158783,con woman
158783,intricate
158783,plot twist
158783,atmospheric
158783,erotic
112552,focus
112552,learning
86880,adventure
86880,mermaids
86880,pirates
65682,werewolves
316,vijay-action
4223,vijayrawtag
4638,vijayrawtag
4701,vijayrawtag
4718,vijayrawtag
4901,vijayrawtag
4975,vijayrawtag
5254,vijayrawtag
5679,vijayrawtag
5872,vijayrawtag
5956,vijayrawtag
6218,vijayrawtag
6534,vijayrawtag
6537,vijayrawtag
7458,vijayrawtag
8376,vijayrawtag
135885,vijayrawtag
19,Gross-out
19,spit
1080,comedy
1080,Monty Python
5349,Action
5349,adapted from:comic
5349,alter ego
5349,based on comic book
5349,comic book
6323,imaginary friend
6323,John Cusack
6323,psychology and the nature of reality
7293,sad ending
58998,comedy romance
58998,dracula
58998,Kristen Bell
58998,male nudity
58998,Paul Rudd
59784,animation
59784,anti-hero
59784,destiny
59784,Kung Fu
59784,Seth Rogen
68952,Alison Lohman
68952,cgi
68952,Edge of your seat
68952,engaging
68952,funny
63082,music
63082,nonlinear
63082,violence
70,George Clooney
70,Harvey Keitel
70,mexico
70,Quentin Tarantino
70,Robert Rodriguez
407,John Carpenter
407,lovecraftian
608,Coen Brothers
608,Frances McDormand
608,Minnesota
608,Steve Buscemi
608,William H. Macy
653,Dragons
799,Ghosts
799,serial killer
799,supernatural
908,Alfred Hitchcock
908,Cary Grant
908,mistaken identity
913,Humphrey Bogart
913,noir thriller
913,Peter Lorre
1086,Alfred Hitchcock
1089,ensemble cast
1089,Quentin Tarantino
1091,Andrew McCarthy
1136,John Cleese
1136,Monty Python
1136,Terry Gilliam
1201,Clint Eastwood
1201,Ennio Morricone
1201,Lee Van Cleef
1209,Charles Bronson
1209,ennio morricone
1209,Sergio Leone
1209,spaghetti western
1209,western
1253,aliens
1253,sci-fi
1253,science fiction
1260,atmospheric
1260,Fritz Lang
1262,POWs
1262,prison break
1262,prison escape
1262,Steve McQueen
1262,World War II
1266,Clint Eastwood
1266,gene hackman
1266,Morgan Freeman
1266,western
1275,immortality
1275,Sean Connery
1275,sword fight
1284,Bogart & Bacall
1284,Humphrey Bogart
1284,noir thriller
1333,Alfred Hitchcock
1333,animal attacks
1333,animals
1334,Steve McQueen
1340,Boris Karloff
1340,Universal monsters
1345,high school
1345,stephen king
1347,freddy krueger
1347,horror
1347,Wes Craven
1348,F.W. Murnau
1348,german expressionism
1348,vampires
1350,antichrist
1350,religion
1387,animal attacks
1391,Jack Nicholson
1391,mars
1391,Natalie Portman
1391,Sarah Jessica Parker
1391,Tim Burton
1617,Danny DeVito
1617,Guy Pearce
1617,James Cromwell
1617,Kevin Spacey
1617,Los Angeles
1623,horror
1644,Jennifer Love Hewitt
1644,Ryan Phillippe
1644,Sarah Michelle Gellar
1924,Bela Lugosi
1924,Edward D. Wood Jr.
1974,camp
1974,serial killer
1974,slasher
1975,Jason Vorhees
1975,slasher
1976,Jason Vorhees
1976,slasher
1977,slasher
1978,slasher
1979,slasher
1980,slasher
1980,telekinesis
1981,Jason Vorhees
1981,slasher
1982,Donald Pleasence
1982,halloween
1982,Jamie Lee Curtis
1982,John Carpenter
1982,slasher
1994,ghosts
1994,haunted house
2003,Christmas
2003,small town
2004,Joe Dante
2009,Charlton Heston
2009,overpopulation
2012,Christopher Lloyd
2012,Michael J. Fox
2012,sci-fi
2012,time travel
2118,Christopher Walken
2118,David Cronenberg
2118,Stephen King
2119,stephen king
2122,creepy kids
2122,small town
2122,Stephen King
2149,aztec
2149,wacky
2159,serial killer
2160,Atmospheric
2163,cult film
2163,parody
2186,Alfred Hitchcock
2186,great concept
2186,trains
2193,fantasy
2194,Brian De Palma
2194,Ennio Morricone
2194,gangsters
2194,Kevin Costner
2194,Robert De Niro
2279,slasher
2287,ants
2288,John Carpenter
2288,Kurt Russell
2327,Anthology
2488,Michael Powell
2488,voyeurism
2513,horror
2513,stephen king
2525,alligator
2525,animal attack
2525,creature feature
2529,Charlton Heston
2529,Rod Serling
2529,science fiction
2550,ghosts
2550,gothic
2550,haunted house
2550,horror
2550,supernatural
2560,cannibalism
2644,Bela Lugosi
2644,Tod Browning
2644,universal monsters
2644,vampire
2648,mad scientist
2651,universal monsters
2651,werewolf
2652,horror
2654,Lon Chaney Jr.
2654,universal monsters
2662,H.G. Wells
2662,mars
2664,Don Siegel
2664,sci-fi
2717,Dan Aykroyd
2717,Ghosts
2782,Edgar Allan Poe
2782,Roger Corman
2782,Vincent Price
2784,devil worship
2784,Edgar Allan Poe
2784,roger corman
2784,Vincent Price
2787,anthology
2787,stephen king
2791,David Zucker
2791,Jerry Zucker
2791,Leslie Nielsen
2841,ghosts
2841,supernatural
2867,Chris Sarandon
2867,Roddy McDowall
2868,vampire
2921,Clint Eastwood
2922,Clint Eastwood
2944,World War II
2951,Clint Eastwood
2951,Ennio Morricone
2951,Sergio Leone
3016,Anthology
3016,George A. Romero
3017,anthology
3017,stephen king
3018,H.P. Lovecraft
3018,mad scientist
3018,zombies
3075,Catherine Deneuve
3421,college
3421,fraternity
3421,National Lampoon
3435,film noir
3508,Clint Eastwood
3508,western
3527,Arnold Schwarzenegger
3527,Jesse Ventura
3552,golf
3627,atmospheric
3671,Gene Wilder
3671,Mel Brooks
3681,Clint Eastwood
3681,Ennio Morricone
3681,Lee Van Cleef
3681,Sergio Leone
3696,Fred Dekker
3727,vampires
3832,Boris Karloff
3832,Mario Bava
3917,atmosphere
3917,disgusting scenes
3937,robots
3938,slasher
3941,slasher
4036,vampire
4036,Willem Dafoe
4105,bruce campbell
4195,revenge
4195,Vincent Price
4343,aliens
4343,comedy
4403,Edgar Allan Poe
4403,Roger Corman
4403,Vincent Price
4406,western
4533,zombies
4541,Voodoo
4553,John Carpenter
4725,Brad Anderson
4725,creepy
4725,horror
4725,mental hospital
4754,Christopher Lee
4754,pagan
4833,atmospheric
4833,haunted house
4876,ghosts
5165,disturbing
5294,Bill Paxton
5438,Emilio Estevez
5464,Jude Law
5478,creature feature
5478,spiders
5649,Christopher Lee
5649,Hammer Film Productions
5771,slasher
5980,Bob Clark
5980,Christmas
5980,creepy
5980,slasher
6063,disturbing
6615,slasher
6629,Vincent Price
6707,Eli Roth
6707,gore
6731,George A. Romero
6731,horror
6731,zombies
6820,Emily Perkins
7115,Dario Argento
7115,Giallo
7217,noir thriller
7387,George A. Romero
7387,horror
7387,zombies
7492,George A. Romero
7492,Tom Savini
7492,Vampires
7713,Jacques Tourneur
7728,noir thriller
7984,H.P. Lovecraft
7984,mad scientist
8501,Rutger Hauer
8950,Christian Bale
26603,alice cooper
26629,clowns
37733,David Cronenberg
37733,Viggo Mortensen
40732,cave
40732,claustrophobic
41014,Giallo
44828,alien invasion
44828,body horror
44828,Elizabeth Banks
44828,nathan fillion
46965,Planes
46965,Snakes
48780,Christian Bale
48780,Christoper Nolan
52328,Cillian Murphy
52831,Bruce Campbell
52831,Robert Z'Dar
53519,car chase
53519,classic car
53519,great soundtrack
53519,grindhouse
53519,Kurt Russell
53953,John Cusack
53953,Samuel L. Jackson
53953,Stephen King
55118,David Cronenberg
55118,organized crime
55118,Russian mafia
55118,Viggo Mortensen
55553,mad scientist
55553,New Zealand
56145,Frank Darabont
56145,stephen king
57368,"""found footage"""
57368,giant monster
68237,artificial intelligence
70159,Isabelle Fuhrman
80489,bank robbery
80489,Ben Affleck
80489,Boston
80917,aliens
80917,Gareth Edwards
80917,mexico
80917,science fiction
2722,ridiculous
166568,genius
166568,intelligence
166568,twist ending
231,hilarious
2596,drugs
2596,hallucination
2596,punk
2596,sarcasm
49396,comedy
49396,laser maze room (in a comedy)
49396,rock and roll
49396,satire
51255,action spoof
51255,black comedy
65261,Ghibli
65261,Hayao Miyazaki
65261,no villain
65261,strange story
65261,Studio Ghibli
72226,animation
72226,family issues
72226,George Clooney
72226,hilarious
72226,Meryl Streep
83132,anime
83132,Studio Ghibli
101962,animation
101962,anime
101962,coming of age
101962,growing up
101962,Japan
146309,anime
146309,bakemono
146309,coming of age
146309,hidden world
146309,katana
152970,clever
152970,comedy
152970,great acting
152970,great soundtrack
152970,New Zealand
162578,Banter
162578,beautiful
162578,coming of age
179135,BBC
179135,documentary
179135,gorgeous
179135,Wild life
183897,animation
183897,cinematography
183897,dogs
183897,humorous
183897,Japan
187541,action
187541,animated
187541,comedy
187541,family
187541,feminism
18,multiple storylines
18,Quentin Tarantino
145,action
145,car chase
145,Will Smith
160,gorillas
648,Action
1267,assassination
1267,classic
1466,Mafia
1676,based on a book
1676,satire
1676,space
1994,ghosts
2428,Jon Stewart
2549,video game adaptation
3504,journalism
4034,drugs
4546,kidnapping
4546,Obsession
7451,High School
7451,suprisingly clever
7569,007
7569,james bond
7981,police
7981,undercover cop
27904,based on a book
27904,Philip K. Dick
27912,journalism
27912,politics
33880,quirky
33880,weird
37386,MTV
37386,visually interesting--that's about it
44397,gore
44397,remake
45062,conspiracy
45062,secret service
46965,hilarity
46965,Planes
46965,Snakes
7980,history
7980,World War II
1192,queer
836,go
837,fgfdg
1091,ghkmghk
1224,adsadzx
1894,vbnbvn
2046,adsad
2384,good
2409,uytiuyi
2423,Tales(4)
3113,sdzd
141,feel-good
203,feel-good
691,feel-good
32300,feel-good
43744,feel-good
56152,feel-good
109183,feel-good
178615,sad ending
185473,feel-good
156387,band
156387,brothers
156387,comedy
156387,coming-of-age
156387,Dublin
7323,great soundtrack
57528,lots of blood
57528,lots of guns
57528,no dialogue
57528,No story line
71838,antihero
71838,ending kinda ruined it
164367,Sci-fi
126548,funny
126548,high school
1213,dark comedy
1213,Joe Pesci
1213,mafia
1213,Martin Scorsese
1213,Ray Liotta
38061,black comedy
38061,crude humor
38061,funny
36529,political
1162,Favorites
1230,Favorites
1292,Favorites
1292,Own
1409,Favorites
2109,Favorites
2249,Own
2316,Favorites
2316,Own
2917,Favorites
2942,Favorites
3915,Own
5103,Own
6385,Own
33660,Own
40819,ToSee
41285,ToSee
41571,ToSee
41997,ToSee
42738,ToSee
42740,ToSee
5608,brutal
5608,prison
5608,psychology
33646,Prison
45672,Adam Sandler
62644,classroom
62644,fascism
62644,psychology
62644,social experiment
71535,comedy
71535,dark comedy
94677,satire
96110,Will Ferrell
96110,Zach Galifianakis
1345,good scare
7104,Sophomoric
2691,Ennio Morricone
5574,action
5574,cars
5574,Jason Statham
5574,Luc Besson
6281,Colin Farrell
6281,interesting
6281,New York City
6281,original
6281,serial killer
6709,action
6709,Antonio Banderas
6709,Robert Rodriguez
6709,Salma Hayek
6709,violence
34405,action
34405,adventure
34405,anti-hero
84392,acting
84392,Matthew McConaughey
84392,stereotypical
164909,musical
103688,exorcism
36,redemption
36,Susan Sarandon
171,gay
2971,dance
2971,music
2971,musical
2971,show business
5812,gay
5812,queer
5812,stylized
177615,female director
177615,good acting
177615,great characters
1204,epic
1960,communism
46970,filme1
8974,silly
33681,3D in your face
33681,kids
33681,SEND HIM TO THE PRINCIPAL'S OFFICE AND HAVE HIM EXPELLED!
457,Harrison Ford
457,Tommy Lee Jones
733,Alcatraz
733,Sean Connery
736,science
953,Christmas
953,classic
1027,Alan Rickman
1027,crusades
1027,Robin Hood
1188,Baz Luhrman
1246,English literature
1873,based on a book
1917,humorous
1917,Owen Wilson
2268,Jack Nicholson
2394,religion
3087,christmas
3988,based on a book
3988,Christmas
4563,Australia
6662,Peter Sellers
7149,Jack Nicholson
7156,History
7156,Vietnam War
8969,Colin Firth
8969,Hugh Grant
34162,owen wilson
40414,Christmas
42002,musical
45950,environment
56757,Broadway
56757,Musical
56757,Sacha Baron Cohen
64032,Christmas
64034,based on a book
91325,Sandra Bullock
106441,adapted from:book
106441,narration
106441,World War II
113378,based on a book
113378,Jeff Bridges
113378,Meryl Streep
114795,dracula
115170,Robert Downey Jr.
115231,Bill Murray
116887,Ridley Scott
117466,Ron Howard
117529,cliche
117529,Irrfan Khan
117529,science
117887,family
117895,action
117895,post-apocalyptic
118696,Peter Jackson
118696,Tolkien
118700,Academy Award Nominee
118700,history
119145,british comedy
119145,colin firth
122902,Marvel
122918,Great soundtrack
122922,Benedict Cumberbatch
122924,Marvel
127134,Appalachian Trail
130450,London
132424,based on a book
132660,British
133645,cate blanchett
135137,Peter Dinklage
135288,Ian McKellen
135534,Christmas
135536,Margot Robbie
136564,Shakespeare
138036,cold war
138036,spy
140850,based on book
141422,feminism
141749,eddie redmayne
142448,nature
142488,journalism
142536,inspiring
142536,redemption
143385,Cold War
148482,Filmed in Australia
152079,Morgan Freeman
152083,journalism
155288,political thriller
155659,hugh grant
155659,meryl streep
157122,India
157699,espionage
158966,Viggo Mortensen
160980,Tom Hanks
162600,bad writing
163645,inspirational
163645,Mel Gibson
163645,World War II
164909,bad script
164909,jazz
165103,spy
165551,india
166568,politics
166946,michael keaton
168366,musical
173145,emotional
177763,detective
178061,based on a true story
178827,Hugh Grant
179817,history
180045,courtroom
180045,Jessica Chastain
184471,archaeology
188751,musical
12,Leslie Nielsen
19,dumb
19,Jim Carrey
198,cyberpunk
198,Ralph Fiennes
198,sci-fi
223,bad acting
223,black and white
344,Dumb
344,Jim Carrey
370,Leslie Nielsen
435,stupid
442,cheesy
442,dumb dystopia
442,dystopia
442,Sandra Bullock
442,taco bell
555,Brad Pitt
555,Christian Slater
784,not funny
1095,Al Pacino
1095,Alec Baldwin
1095,Business
1095,depressing without being uplifting
1095,Jack Lemmon
1249,music
1292,funny
1527,Bruce Willis
1527,Chris Tucker
1527,dystopia
1527,dystopic future
1584,existentialism
1584,first contact
1584,idealism
1610,based on a book
1610,Sean Connery
1610,submarine
1729,based on a book
1729,conspiracy
1729,crime
1729,dark comedy
1729,great soundtrack
1953,70's new york
1953,gritty
1956,depression
1956,dysfunctional family
1956,father-son relationship
1956,guilt
1956,Oscar (Best Picture)
1958,Jack Nicholson
1958,James L. Brooks
1958,Oscar (Best Picture)
1958,sentimental
2395,Bill Murray
2395,bittersweet
2395,Jason Schwartzman
2395,literate
2395,Olivia Williams
2580,black comedy
2580,comedy
2580,Desmond Askew
2580,drugs
2580,Katie Holmes
2672,alternate reality
2672,simulated reality
2672,virtual reality
3552,Bill Murray
3552,golf
3569,dogme95
3569,Lars von Trier
3569,weird
3633,George Lazenby
3740,campy
3740,cult classic
3740,John Carpenter
3868,Leslie Nielsen
3869,Leslie Nielsen
4292,small town
4292,the south
4292,Union
4361,Dustin Hoffman
4370,artificial intelligence
4370,Bittersweet
4874,philosophical
4979,Ben Stiller
4979,Bill Murray
4979,great soundtrack
4979,Gwyneth Paltrow
4979,narrated
5046,Gary Sinise
5046,Philip K. Dick
5445,based on a book
5445,dystopia
5445,Philip K. Dick
5445,sci-fi
5500,comedy
5500,silly fun
5500,underrated
5528,creepy
5528,Robin Williams
5617,dark comedy
5617,James Spader
5617,Maggie Gyllenhaal
5669,documentary
5669,Michael Moore
5903,Christian Bale
5903,dystopia
5903,predictable
5903,sci-fi
5903,totalitarianism
6303,investigation
6303,Michael Crichton
6303,sci-fi
6303,secret lab
6303,slow
6620,Acting
6620,Artistic
6620,cancer
6620,comic books
6620,nerdy
6645,consumerism
6645,dystopia
6645,eugenics
6645,George Lucas
6645,great cinematography
6708,con artists
6708,crime
6708,Exceptional Acting
6708,father daughter relationship
6708,Nicolas Cage
6867,interesting characters
6867,loneliness
6867,Peter Dinklage
6953,nonlinear
6953,psychological
6953,remake
7163,John Woo
7163,Philip K. Dick
7163,predict future
7163,sci-fi
7573,Sean Connery
7573,terrible bond
8939,Robin Williams
26386,Madeline Kahn
26386,Mel Brooks
27788,Adrien Brody
27788,confusing
27788,Keira Knightley
27788,makes you think
27788,mental hospital
27821,awful accent
27821,Nicole Kidman
33903,complex relationships
33903,Daniel BrÃ¼hl
33903,Hans Weingartner
33903,heavy-handed
33903,idealism
34437,Atmospheric
34437,Bill Murray
34437,bittersweet
34437,great soundtrack
35957,Cillian Murphy
35957,Rachel McAdams
35957,weak ending
36517,conspiracy
36517,great cinematography
36517,preachy
36517,social commentary
38886,1980s
38886,depressing
38886,divorce
38886,drama
38886,dysfunctional family
41285,clever
41285,Emily Mortimer
41285,interesting
41571,history
44694,female power
44694,generations
44694,ghosts
44694,Nudity (Topless - Brief)
44694,Pedro AlmodÃ³var
45720,Bechdel Test:Pass
45728,crude humor
45728,Kevin Smith
45728,Rosario Dawson
46723,multiple storylines
48744,controversial
48744,depression
48744,queer
51412,bad ending
51412,Philip K. Dick
53123,Music
53123,musicians
55765,Denzel Washington
55908,bad acting
55908,dialogue driven
55908,low budget
55908,philosophical
55908,thought-provoking
58554,Estonia
59018,immigrants
59018,Richard Jenkins
59369,fight scenes
59369,Liam Neeson
59369,realistic
60684,cinematography
60684,dystopia
60950,Javier Bardem
60950,visually appealing
62374,Golshifteh Farahani
62374,Mark Strong
62374,Russell Crowe
62374,slow paced
63082,based on a book
63082,cinematography
65642,complicated
65642,downbeat
65642,grim
65642,humor
65642,Nacho Vigalondo
67267,Amy Adams
69757,artistic
71033,Spanish
71211,offbeat
73211,bad science
73211,innovative
73211,mystery
73211,zombies
73268,dystopia
73268,dystopic future
73268,Ethan Hawke
73268,gore
73268,vampires
73881,bollywood
73881,extremely stupid humor
73881,India
74851,characters
74851,John Travolta
74851,too much violence
77800,Benedict Cumberbatch
77800,Chris Morris
77800,dark comedy
77800,Documentary Style
77800,funny
79293,action
79293,Angelina Jolie
79293,spy
81788,crime
83132,Anime
83132,beautiful
83132,bittersweet
84954,Philip K. Dick
86190,beautiful cinematography
86190,Bechdel Test:Pass
86190,Cate Blanchett
86190,cinematography
86190,ending
88129,atmospheric
88129,ryan gosling
88163,Emma Stone
88163,plot twist
88163,Steve Carell
88672,Paul Rudd
88672,Steve Coogan
88672,watch the credits
89118,Antonio Banderas
89118,disturbing
89118,long revenge
89118,Pedro Almodóvar
90376,cinematography
90376,disjointed
90376,disturbing
90376,insanity
90376,Lynne Ramsay
90430,Christopher Waltz
90430,good acting
90430,Jodie Foster
90430,John C. Reilly
90430,Kate Winslet
92420,Josh Trank
92420,predictable ending
92420,sci-fi
92420,strange
93512,Jason Segel
93512,signs
93512,unravelling emotional issues
93721,documentary
93721,Gourmet
93721,Japan
93721,minimalist
93721,sushi
96655,crime
96655,family
96655,Frank Langella
96655,future
96655,gentle
96737,Dystopia
96737,gore
96737,Karl Urban
96737,Olivia Thirlby
96737,post-apocalyptic
96829,hard to watch
96829,Mads Mikkelsen
96829,painful to watch
96829,pedophilia
96861,Famke Janssen
96861,predictable
96861,unnecessary sequel
97752,atmospheric
97752,complicated
97752,Doona Bae
97752,multiple storylines
97752,sci-fi
99112,conspiracy
99112,framed
99112,slow start
99112,tedious
99112,Tom Cruise
103253,Bad ending
103980,A Streetcar Named Desire
103980,acting
103980,Cate Blanchett
103980,depressing
103980,pointless
104841,bad science
104879,acting
104879,great ending
105355,Bechdel Test:Pass
105355,bittersweet
105355,lesbian
105355,loneliness
105355,slow
105801,Disneyworld
105801,hidden cameras
105801,low budget
106438,Judi Dench
106438,Steve Coogan
106920,artificial intelligence
107406,chris evans
107406,dystopia
107406,illogical
107406,Korean
107406,plot holes
109187,meaning of life
109187,surreal
109187,Terry Gilliam
109578,9/11 reference
109578,bad physics
109578,Liam Neeson
109578,Scoot McNairy
112804,watch the credits
112868,cybernetics
112868,Lawrence Fishburne
112868,predictable
112868,stupid ending
112868,weak plot
113829,confusing
113829,Elisabeth Moss
113829,magical realism
113829,weird
114074,Bill Hader
114074,Kristen Wiig
114074,relationships
114074,suicide
114847,artificial intelligence
114847,consciousness
114847,post-apocalyptic
114935,time travel
115231,Bill Murray
115231,Melissa McCarthy
115680,time travel
115680,unexpected ending
116897,anger
116897,argentina
116897,dark humor
116897,short stories
117881,great acting
117881,Julianne Moore
117881,thought-provoking
120466,artificial intelligence
120466,cyberpunk
120466,robots
133771,absurdist humor
133771,black humor
133771,dystopia
133771,surreal
133771,weird
168250,Bingo
168250,Director: Jordan Peele
168326,authentic
168326,based on a true story
168326,Kumail Nanjiani
168326,Pakistan
168326,Ray Romano
171763,cheesy
171763,coming of age
171763,Edgar Wright
171763,editing
171763,Kevin Spacey
174727,Crime
174727,Robert Pattinson
174727,Suspense
174727,Thriller
174909,Adam Driver
174909,channing tatum
174909,daniel craig
174909,feel good
174909,Heist
179119,Armando Iannucci
179119,chaos
179119,Michael Palin
179119,satire
179119,Steve Buscemi
180031,absurd
180031,atmospheric
180031,Guillermo del Toro
180031,Octavia Spencer
180031,Oscar Nominee: Best Picture
182715,cerebral
189713,A Spike Lee Joint
189713,Adam Driver
189713,john david washington
74688,nicholas sparks
74754,watching this movie is like being stabbed in the head
89281,not so much a movie as a thinly veiled public service announcement about the perils of climate change
89281,So bad it's hard to watch
39,Netflix Finland
97,disturbing
97,social commentary
101,Luke Wilson
101,owen wilson
161,Netflix Finland
204,action
247,surreal
247,surrealism
256,Arnold Schwarzenegger
256,pregnant man
288,road trip
288,satire
292,Netflix Finland
344,Jim Carrey
485,Arnold Schwarzenegger
495,jus+san
733,Netflix Finland
737,Nudity (Topless)
762,Nudity (Topless - Notable)
778,Ewan McGregor
778,jus+san
778,Nudity (Full Frontal - Notable)
778,social commentary
784,Jim Carrey
788,Eddie Murphy
804,relationships
902,Netflix Finland
1172,mentor
1173,Nudity (Topless - Notable)
1176,melancholy
1208,Dark
1208,Nudity (Topless)
1208,surreal
1211,Netflix Finland
1220,jus+san
1255,cult classic
1296,Netflix Finland
1307,relationships
1370,bad sequel
1370,Renny Harlin
1483,disturbing
1517,parody
1552,action
1554,jus+san
1639,relationships
1722,action
1884,Johnny Depp
1918,Chris Rock
1918,comedy
1921,black and white
1921,existentialism
1921,hallucinatory
1921,mathematics
1921,mental illness
1923,Ben Stiller
1952,loneliness
1991,horror
2001,Nudity (Topless)
2004,Joe Dante
2009,conspiracy
2023,jus+san
2313,jus+san
2315,horror
2371,comedy
2391,Netflix Finland
2401,Netflix Finland
2420,mentor
2460,horror
2683,parody
2701,Will Smith
2797,Tom Hanks
2862,jus+san
2916,Arnold Schwarzenegger
2916,cyberpunk
2916,Philip K. Dick
2931,hallucinatory
2966,road trip
2985,dystopia
2985,social commentary
3018,horror
3020,Netflix Finland
3062,Netflix Finland
3168,road trip
3221,jus+san
3262,Nudity (Topless - Notable)
3262,surreal
3271,Beautiful Woman
3271,Netflix Finland
3272,Harvey Keitel
3272,Netflix Finland
3285,Leonardo DiCaprio
3285,Nudity (Topless)
3285,utopia
3294,jus+san
3421,comedy
3498,Nudity (Topless)
3698,Arnold Schwarzenegger
3698,bad jokes
3698,Dystopia
3704,crappy sequel
3704,Tina Turner
3726,jus+san
3752,Jim Carrey
3831,jus+san
4011,Brad Pitt
4015,Ashton Kutcher
4015,comedy
4015,crazy guy from american pie
4015,Seann William Scott
4015,silly
4085,comedy
4246,RenÃ©e Zellweger
4251,jus+san
4369,cars
4369,Vin Diesel
4558,Arnold Schwarzenegger
4848,jus+san
4848,nonlinear
4848,surreal
4848,surrealism
4957,Netflix Finland
5147,dreamlike
5219,Milla Jovovich
5219,Nudity (Full Frontal - Brief)
5377,jus+san
5388,Robin Williams
5452,family
5459,Will Smith
5515,jus+san
5608,jus+san
5840,jus+san
5853,jus+san
5954,Edward Norton
5954,Philip Seymour Hoffman
5956,Cameron Diaz
5956,Leonardo DiCaprio
5956,Nudity (Topless - Brief)
5956,Nudity (Topless)
6021,Netflix Finland
6242,jus+san
6250,Morgan Freeman
6250,pointless
6250,Stephen King
6297,Henry Winkler
6297,Hollywood
6433,jus+san
6787,story
6803,jus+san
6858,jus+san
6867,loneliness
6909,jus+san
6947,Russell Crowe
6957,Netflix Finland
6975,disturbing
7004,Arnold Schwarzenegger
7008,Nudity (Full Frontal - Notable)
7022,satire
7024,jus+san
7044,Laura Dern
7044,Nicolas Cage
7044,Nudity (Topless - Notable)
7044,Nudity (Topless)
7044,Willem Dafoe
7076,car chase
7156,Netflix Finland
7285,drama
7307,Jennifer Jason Leigh
7307,Nudity (Full Frontal - Notable)
7307,Nudity (Full Frontal)
7317,not funny
7317,not funny at all
7317,stupidity
7325,Ben Stiller
7360,Nudity (Topless - Brief)
7371,disturbing
7371,jus+san
7802,jus+san
7951,David Cronenberg
7981,Netflix Finland
8012,childhood
8012,dreams
8012,friendship
8012,Japan
8012,road movie
8035,jus+san
8154,Netflix Finland
8270,jus+san
8604,Marion Cotillard
8604,Nudity (Topless - Notable)
8622,Netflix Finland
8622,social commentary
8623,Steve Martin
8645,Netflix Finland
8798,atmospheric
8798,Jamie Foxx
8861,Milla Jovovich
8861,Nudity (Topless)
8950,jus+san
26003,Poland
26947,Netflix Finland
27397,friendship
27397,jus+san
27416,jus+san
27563,jus+san
27731,jus+san
27773,disturbing
27802,Netflix Finland
27834,brother-brother relationship
27834,road trip
27838,drama
27838,sadness
27873,mental illness
27904,jus+san
27904,surreal
27904,surrealism
30812,Netflix Finland
30848,interesting characters
30848,John Travolta
30848,Scarlett Johansson
31364,jus+san
32892,jus+san
33166,Netflix Finland
33834,Asia Argento
33834,idiotic
34072,beautifully filmed
34072,documentary
34811,Netflix Finland
36517,Netflix Finland
36519,Netflix Finland
36529,Netflix Finland
37380,Rosamund Pike
37729,jus+san
38159,loneliness
39446,jus+san
40148,Netflix Finland
40732,stupid monsters
40732,stylized
40732,tense
44204,jus+san
44665,Netflix Finland
45081,boring
45081,Netflix Finland
45722,Johnny Depp
45950,Netflix Finland
46322,jus+san
46578,dark comedy
46578,road trip
46723,Nudity (Full Frontal - Notable)
46974,Nicolas Cage
47446,Nudity (Full Frontal)
48043,atmospheric
48142,Scarlett Johansson
48394,jus+san
48997,jus+san
49932,jus+san
49961,cate blanchett
49961,manipulation
50068,weak plot
50442,Netflix Finland
51545,Netflix Finland
52042,Netflix Finland
52458,jus+san
53972,hackers
53972,unrealistic action
53972,weak plot
54001,jus+san
55442,Netflix Finland
56145,jus+san
57843,Netflix Finland
58295,Jason Statham
58295,Notable Nudity
58295,Nudity (Topless)
58295,small time criminals
58297,Netflix Finland
58303,Netflix Finland
58376,Netflix Finland
59126,Bill Mahel
59126,Documentary
59126,Netflix Finland
59126,not funny
59126,stupidity
59129,net
59129,Netflix Finland
61240,Netflix Finland
61248,cars with weapons
61248,Jason Statham
61248,video game like
64575,Netflix Finland
64839,jus+san
64839,loneliness
68347,Netflix Finland
68554,jus+san
69134,jus+san
69275,Jenny Skavlan
69275,ridiculous
70728,Netflix Finland
71033,Netflix Finland
71462,Netflix Finland
72405,Netflix Finland
76251,Netflix Finland
76738,jus+san
77427,Netflix Finland
77455,Netflix Finland
78349,Netflix Finland
78836,jus+san
78836,too long
79695,Arnold Schwarzenegger
79695,boring
79695,dialogue
79695,Jet Li
79695,Netflix Finland
81591,jus+san
83134,Netflix Finland
83613,Boring
83613,very boring
86320,jus+san
88125,Netflix Finland
91485,Arnold Schwarzenegger
91485,boring
91485,Chuck Norris
91485,Dolph Lundgren
91485,Netflix Finland
91542,Netflix Finland
91976,characters
91976,man vs. nature
91976,silly
91976,unrealistic
91976,wolves are evil
93805,Netflix Finland
110127,apocalypse
110127,Biblical
110127,Dark
110127,Darren Aronofsky
110127,fantasy
174055,World War II
1284,noir
2093,clockwork devices
2093,creepy
2093,dark fantasy
5064,Amazing Cinematography
5064,revenge
81156,funny pranks
81156,puking
1339,Horror
1192,lgbt
1192,queer
1192,vogue-ing
3786,lesbian
4144,1960s
4144,atmospheric
4144,nocturnal
52952,bittersweet
52952,England
54276,cooking
67255,anti-hero
67255,bisexual
67255,cinematography
72407,bad acting
72407,kristen stewart
72407,teen
88179,female director
88179,Unexpected Ending
108981,Lars von Trier
120478,Wim Wenders
120625,corruption
120625,goverment
120625,russia
140267,A24
140267,archaic vocabulary
140267,atmospheric
140267,cinematography
140267,horror
184997,lgbtq
184997,nick robinson
185473,Funny
185473,gay
185473,john cena
185473,lesbian
90522,Rowan Atkinson
44761,clever
44761,detective movie
44761,film noir
44761,self-mocking
44761,slang
468,She looks like a mouse
1012,Surprise Octopus
1020,Surprise Octopus
1542,She looks like a mouse
1762,surprise octopus
3844,Surprise Octopus
7669,Surprise Octopus
8636,Surprise Octopus
68793,Surprise Octopus
69134,Surprise Octopus
72407,Man glitter
78772,Man glitter
7301,transendental
2560,legend
2560,survival
2560,unconventional
2560,vampires
3074,atmospheric
3074,isolationist
3074,survivalist
3074,wilderness
3108,chivalrous
3108,compassionate
3108,quest
8985,vampires
31696,spiritual warfare
47999,another gospel
47999,false gospel
47999,false prophets
47999,false teachers
47999,fanaticism
48678,atypical
48678,excessive
48678,repulsive
65126,holy bloodline
337,Johnny Depp
337,want to see again
2640,superhero
4958,war
158966,coming of age
158966,quirky
158966,social commentary
47610,Paul Giamatti
3508,acting
97304,Alan Arkin
97304,anti-hero
97304,Ben Affleck
97304,catch phrase
104875,folk music
235,dracula
44665,mindfuck
48879,apartheid
48879,drama
48879,South Africa
48879,true story
76173,french
76173,paris
86781,disturbing
86781,nonlinear
86781,slow
86781,Unexpected Ending
143859,Coen brothers
10,ITS AN OK MOVIE IF YOU LIKE  JAMES BOUND.
50806,awful
6618,kung fu
31878,kung fu
42723,action
42723,banned movie
42723,brutal
42723,Disappointing
42723,goretastic
51077,based on a comic
51077,motorcycle
51077,Nicholas Cage
51077,SO bad
53956,british comedy
53956,dark comedy
53956,farce
53956,Matthew MacFadyen
65601,bad script
65601,bad twist ending
65601,classic horror
65601,Jensen Ackles
65601,Stereoscopic 3-D
75395,bad acting
75395,bad script
75395,predictable ending
75395,psychological
75395,Psychological horror
77191,bad remake
77191,cheap jokes
77191,Chris Rock
77191,shot by shot remake
77191,Tracy Morgan
80549,dialogue
80549,Emma Stone
80549,family relationships
86833,bittersweet
86833,dialogue
86833,offbeat
86833,predictable ending
86833,quirky
95167,No Marriage at the End
1777,Adam Sandler
4034,drugs
2819,intrigue
2819,Robert Redford
2819,thriller
7371,cult film
7371,depressing
7371,disturbing
30803,cerebral
30803,Kim Ki-duk
30803,magic realism
30803,quirky
30803,visual
56782,Daniel Day-Lewis
56782,Oscar (Best Cinematography)
56782,preacher
3445,1970s
3445,fashion photographer
3445,photographer
5791,art
5791,artist
5791,Biography
5791,bisexual
5791,BOHEMIAN LIFE
5992,based on a book
5992,intellectual
133645,based on a book
133645,cate blanchett
133645,christmas
173941,1980s
173941,Berlin
173941,Charlize Theron
173941,lesbian
173941,Sofia Boutella
500,Robin Williams
1199,black comedy
1199,Robert De Niro
1199,Terry Gilliam
1923,Ben Stiller
3793,action
48394,fantasy
48394,surreal
1961,autism
1961,Dustin Hoffman
1961,Tom Cruise
2268,court
2268,drama
2268,Jack Nicholson
2268,military
1147,sports
2871,gritty
2871,psychology
2871,seventies
2871,suspense
2871,very little dialogue
3535,dark comedy
3535,insanity
98607,anime
1260,atmospheric
3798,Harrison Ford
3798,horror
7458,history
4147,coming of age
120637,hackers
1228,Martin Scorsese
1228,oscar (best cinematography)
1228,Robert De Niro
1250,Oscar (Best Actor)
1250,Oscar (Best Picture)
1276,classic
1299,Oscar (Best Cinematography)
1303,adventure
1303,India
1303,Sean Connery
3077,7n Up (series)
3077,Up series
3468,Oscar (Best Cinematography)
6818,disturbing
6818,World War II
78499,Pixar
86345,insightful
86345,Louis C.K.
86345,stand-up comedy
86347,witty
86377,Louis C.K.
103539,drugs
184987,Poorly executed
184987,teenagers
184987,Worst Disney Movie
88125,adventure
88125,based on a book
88125,cinematography
88125,fantasy
106487,based on a book
106487,strong female lead
17,19th century
17,Alan Rickman
342,Australian
342,coming of age
342,quirky
357,British
357,Hugh Grant
1246,coming of age
1441,Johnny Depp
1441,quirky
3967,1980s
3967,ballet
3967,British
3967,coming of age
3967,dance
6947,1800s
6947,19th century
6947,great soundtrack
6947,historical
7162,American Civil War
7162,based on a book
7162,civil war
7162,Jude Law
7162,notable soundtrack
8783,Adrien Brody
8783,cult
8783,psychological
8783,romantic
8783,social commentary
128838,gothic
128838,Mia Wasikowska
128838,Tom Hiddleston
128838,victorian gothic
128838,visually appealing
167370,bad
69529,we are all connected. it's not my life or your life it's all life. stop being afraid and hating the unknown. smile and make eye contact.
3295,neorealism
3295,workers
64278,documentary
64278,ideology
64278,lacan
62,inspirational
1393,Oscar (Best Supporting Actor)
3948,comedy
49130,based on a book
72011,based on a book
105250,psychoanalysis
85788,horror
94018,aliens
94018,sci-fi
103339,action
160718,cute
1913,boring
1913,dull
1913,ominous
5853,exploding heads
5853,weak ending
6615,As violent and retarded as Jason himself
6615,hilarious
31696,Keanu Reeves
71379,just chairs moving about by themselves
5296,horrible
44665,predictable
6502,zombies
88129,soundtrack
4848,creepy
251,horror
915,Humphrey Bogart
8974,hilarious
35957,thriller
40583,desert left-wing
58047,child actor
58047,new york city
58047,sexy leading actresses
81537,Robert Downey Jr.
81537,Zach Galifianakis
99917,Shane Carruth
1673,porn industry
1779,sea bottom
2321,Tobey Maguire
2336,head-of-state
2336,monarchy
2617,special effects
2686,Samuel L. Jackson
2700,adult humor
2702,Spike Lee
2890,gold heist
3354,space calamity
3354,space travel
3896,Ryan Phillippe
6220,remake
6565,Tobey Maguire
7263,sports
7360,remake
8636,Tobey Maguire
8836,old fashion romance
8970,life of noted author
27790,a welcome surprise
27790,original subject
33679,erotic tension
36529,gun smuggling
37739,sports
39435,sword fighting
45081,guilty pleasure
45722,seafaring
46974,9/11
51077,not true to the book
3897,music
3897,rock and roll
8533,great ending
81591,dark
81591,mental illness
81591,Natalie Portman
97921,dark humor
97921,mental illness
168492,romance
1279,multiple storylines
1279,quirky
2918,1980s
2918,breaking the fourth wall
6440,baffling
6440,Coen Brothers
6440,Enigmatic
6440,quirky
6440,stylized
80463,dialogue
80463,great storytelling
80463,Harvard
80463,innovation
116897,anthology
166534,dissociative identity disorder
173197,palme d'or
173197,Satire
173197,social criticism
165,Samuel L. Jackson
288,dark comedy
288,hallucinatory
288,psychedelic
367,Jim Carrey
1101,aviation
1101,romance
1225,biographical
1275,immortality
1275,Sean Connery
1301,intellectual
1301,phylosophycal
1301,robot
1301,sci-fi
1307,romantic comedy
1544,cash-in sequel
1544,inferior sequel
1676,dystopia
1676,heroic
1748,alternate reality
2003,overrated
2288,Kurt Russell
2288,multiple interpretations
2288,paranoia
2527,original idea
2617,overrated
2617,predictable
2671,predictable
2671,romance
2696,comedy
2696,hilarious
2916,alternate universe
2916,complex script
3175,Sigourney Weaver
3476,insanity
3608,Tim Burton
4552,body horror
4552,experimental
4754,atmospheric
4754,Disturbing 
4754,twist ending
6863,Jack Black
6888,parody
6888,stupid
7022,social commentary
7327,slow paced
7396,psychology
7396,realistic
7396,relationships
7757,Greek mythology
7757,Ray Harryhausen
7757,stop motion
8950,guilt
8950,predictable
8977,ancient greece
8977,ancient world
8977,caricatures
8977,Hateful Characters
26082,cinematography
26082,revenge
26082,suicide
26326,animal cruelty
26326,psychedelic
26326,surreal
26547,amazing stunts
26547,Hong Kong
26547,Jackie Chan
26547,martial arts
26776,magic realism
37380,monsters
37380,video game adaptation
48394,fairy tale
48394,fairy tales
55363,long
55363,slow
55363,slow paced
56145,apocalypse
65596,bandits
65596,crime
65596,drama
65596,French
65596,prison escape
71156,absurd
71156,not funny
85412,mythology
85412,scenic
89492,empty scenario
91500,based on a book
91500,battle royale
91500,Popular
98122,indie games
104913,Formula 1
109848,mysterious
109848,Scarlett Johansson
109848,too slow
117529,Commercial
117529,predictable
117533,computer science
117533,democracy
118696,epic
118700,history
143859,Coen Brothers
149830,absurd
149830,british comedy
149830,parody
152077,unexpected ending
553,kinda slow
7263,Great olympic story
345,Australia
345,cross dressing
345,gay
345,gender identity
345,musical
1046,adolescent gays
1046,coming out
1046,Gay
1046,gay romance
1046,london
1611,gay
1611,Keanu Reeves
1611,narcolepsy
1611,River Phoenix
2320,Ian McKellen
2320,Stephen King
2428,alien infection
2428,aliens
2428,Assimilation Plot
2428,body horror
2607,coming of age
2607,coming out
2607,gay
2607,high school
2607,queer
3082,007
3082,james bond
3082,Pierce Brosnan
3285,Danny Boyle
3285,drugs
3317,adultery
3317,college
3317,coming of age
3317,gay
3317,literature
3686,afterlife
3686,alternate reality
3686,Kiefer Sutherland
3686,medical school
3686,supernatural
4450,Bijou Phillips
4450,bullying
4450,exploitation
4450,Larry Clark
4450,Rachel Miner
4725,boring
4880,Hayden Christensen
4880,Ian Somerhalder
4880,touching
5378,aliens
5378,awkward dialogue
5500,comedy
5902,black comedy
5902,Charlie Kaufman
5902,dark comedy
6890,adolescence
6890,austere
6890,disturbing
6890,enigmatic
6890,experimental
8667,polyamory
8914,bad science
8914,cerebral
31184,anime
31184,CGI
31184,future
31184,sci-fi
31184,techno-evolution
31696,action
33171,alien abduction
33171,brainwashing
33171,child abuse
33171,disturbing
33171,dramatic
37720,Exorcism
42004,coming of age
42004,complex characters
42004,cultural conflict
42004,drugs
42004,dysfunctional family
48738,Africa
48738,based on a true story
48738,dictatorship
48738,Forest Whitaker
48738,genocide
48744,beautiful
48744,bisexual
50442,drug dealers
50442,drugs
50442,kidnapping
50442,Nudity (Topless)
52952,atmospheric
52952,bittersweet
52952,bullying
59549,bad dialogue
59549,cliche dialogue
59549,coming out
59549,gay
59549,Gay Character
61132,Justin Theroux
63062,angelina jolie
63062,based on a true story
63062,Clint Eastwood
63062,John Malkovich
63062,mother-son relationship
66090,dark
66090,disturbing
66090,good ending
66090,great ending
66090,intense
71520,good concept
71520,inconsistent
71520,Ricky Gervais
71520,wasted potential
77201,atmospheric
77201,beautiful scenery
77201,Boring?
77201,Mads Mikkelsen
77201,medieval
78088,buried alive
78088,claustrophobic
78088,false hope
78088,gripping
78088,Iraq
85213,atheism
85213,based on a play
85213,depression
85213,dialogue driven
85213,existentialism
85788,demons
85788,ghosts
85788,gore-free
85788,haunted house
87234,aesthetically pleasing
87234,Coming Of Age
87234,First love
87234,great soundtrack
87234,interesting characters
87306,aliens
87306,child actor
87306,cinematography
87306,J.J. Abrams
87306,sci-fi
88235,black comedy
88235,Brendan Gleeson
88235,Dark Comedy
88235,Ireland
88235,John Michael McDonagh
88810,1960s
88810,based on a book
88810,Emma Stone
88810,feel good movie
88810,feminism
93819,sound design
93838,action
96829,child abuse
97306,alcoholism
97306,atmospheric
97306,Christopher Walken
97306,clever
97306,Colin Farrell
98361,Bechdel test: pass
98361,bordello
98361,British
98361,cancer
98361,cinematography
102684,bangkok
102684,beautifully filmed
102684,Ryan Gosling
102684,slow paced
102684,stylized
104457,black comedy
104457,home invasion
104457,subversive
104457,twist
104908,Clever
104908,ghosts
104908,horror
104908,possession
104908,serial killer
107771,atmospheric
107771,cinematography
107771,existentialism
107771,music
107771,Tilda Swinton
108729,absurd
108729,adultery
108729,ambiguous
108729,atmospheric
108729,confusing
110586,atmospheric
110586,black comedy
110586,Brendan Gleeson
110586,Catholicism
110586,child abuse
111384,brutal
111384,crime
111384,dark humour
111384,indie
111384,little dialogue
111913,bitterweet
111913,british
111913,coming out
111913,depressing
111913,emotional
113829,alternate reality
122884,demon
122884,father-daughter relationship
127204,Jason Schwartzman
135288,based on a book
135288,dementia
135288,Ian McKellen
135288,memory
135536,Batman
135536,dc comics
135536,Harley Quinn
135536,Jared Leto
136020,007
136020,Daniel Craig
136020,espionage
136020,franchise
136020,james bond
139655,creepy
139655,disturbing
139655,meaningless
139655,mental illness
139655,torture
142424,childbirth
142424,dancer
142424,dystopia
142424,rape
142424,sibling relationship
148888,Justin Theroux
149334,Amy Adams
149334,brilliant
149334,complex
149334,disturbing
149334,great acting
152079,predictable
155064,atmospheric
155064,cinematography
155064,fashion industry
155064,lesbian
155064,models
160571,darkness
160571,Family disorder
160571,ghost
160571,Horror 
160571,jump scares
162414,addict
162414,Black Lead Character
162414,bullies
162414,cinematography
162414,coming of age
167370,assassin
167370,Brendan Gleeson
167370,Knights Templar
167370,Michael Fassbender
168612,cyberpunk
168612,Scarlett Johansson
168612,sci-fi
168612,visual effects
169984,Disappointing
169984,Lore
169984,Predictible
169984,Religious Themes
170827,Tom Cruise
175197,Stephen King
175303,good adaptation
175303,horror
175303,monster
175303,Stephen King
176419,creepy
176419,cult
176419,dark
176419,Darren Aronofsky
176419,disturbing
184253,alternative universe
184253,bad science
184253,Cloverfield
184253,experiment
184253,sci-fi
18,dark comedy
18,multiple storylines
18,Quentin Tarantino
25,atmospheric
25,dark
25,drama
367,Cameron Diaz
367,comedy
515,Anthony Hopkins
515,historical fiction
648,Brian De Palma
648,plot twists
648,spies
741,artificial intelligence
741,complex
741,cyberpunk
741,philosophical
741,sci-fi
1101,aviation
1101,fighter jet planes
1101,soundtrack
1172,bittersweet
1172,nostalgic
1172,reflective
1517,Elizabeth Hurley
1517,funny
1517,Mike Myers
1923,Cameron Diaz
2143,dark fantasy
2890,black comedy
3408,strong female lead
3755,disaster
3755,ocean
3968,Elizabeth Hurley
4011,brad pitt
4011,cynical
4011,dark comedy
4011,dark humor
4148,Anthony Hopkins
4148,Julianne Moore
4148,strong female lead
4367,adventure
4367,Angelina Jolie
4367,sexy
4699,Angelina Jolie
5809,action
6213,war
7458,Brad Pitt
8042,directionless
27020,Angelina Jolie
33004,british comedy
33004,sarcasm
33004,sci-fi
33004,witty
33679,Action
33679,Angelina Jolie
33679,Brad Pitt
33679,funny
39183,Heath Ledger
39183,Jake Gyllenhaal
39183,melancholy
39183,scenic
40148,cryptic
40148,psychology
40966,17th century
44199,Denzel Washington
45186,Tom Cruise
45186,unrealistic
45722,Johnny Depp
45722,Keira Knightley
45722,pirates
49772,cholera
49772,Edward Norton
49772,epidemic
49772,landscape
49772,Naomi Watts
52604,Anthony Hopkins
52604,outsmarting
52604,perfect crime
52604,psychological
52604,Rosamund Pike
53322,Brad Pitt
53996,Megan Fox
53996,Michael Bay
53996,teen
56587,jack nicholson
59037,visually stunning
60072,action
60072,Angelina Jolie
60072,plot twist
60072,stylish
60950,Penelope Cruz
60950,Rebecca Hall
60950,Scarlett Johansson
64497,aliens
64497,first contact
64575,dialogue driven
64957,Brad Pitt
64957,cinematography
64957,emotional
65585,Anne Hathaway
72733,Matt Damon
72733,Morgan Freeman
72733,politics
79185,Cameron Diaz
80969,disturbing
80969,dystopia
80969,Keira Knightley
80969,thought-provoking
88129,atmospheric
88129,cinematography
88179,Anne Hathaway
88179,sad ending
88744,action
88744,genetics
88744,sci-fi
88744,thought-provoking
89470,Marion Cotillard
90522,Rowan Atkinson
91500,cheesy
91500,implausible
94478,dark comedy
94478,Eva Green
94478,Johnny Depp
94478,Michelle Pfeiffer
94478,Tim Burton
97938,cinematography
97938,emotional
97938,surreal
97938,visual effects
97938,wisdom
98961,action
98961,cia
98961,Jessica Chastain
98961,military
98961,Osama bin Laden
100083,cast
100083,crude humor
100083,original
102445,action
102445,fast paced
102445,visually appealing
102880,bad acting
102880,Jaden Smith
104243,aliens
104243,sci-fi
104243,space western
105844,Brad Pitt
105844,Chiwetel Ejiofor
105844,drama
107141,character development
110553,Andrew Garfield
110553,plot holes
110553,too long
110730,artificial intelligence
110730,Johnny Depp
110730,Morgan Freeman
111364,giant monster
111364,monster
111743,Charlize Theron
111743,witty
114847,artificial intelligence
115170,Robert Downey Jr.
115680,sci-fi
115680,time travel
115680,twist ending
117881,drama
117881,Julianne Moore
118985,Tim Burton
122918,sci-fi
127116,psychology
135569,adventure
135569,sci-fi
135569,space
135569,Star Trek
140174,brie larson
140174,drama
140174,escape
140174,female protag
140174,mother son relationship
141749,alicia vikander
141749,cinematography
159817,stunning photography
160954,teenagers
160980,Tom Hanks
162082,social criticism
163645,intense
163645,touching
168612,cyberpunk
173209,Brad Pitt
173209,politics
178061,based on a true story
178061,Margot Robbie
178061,storytelling
178061,stranger than fiction
299,coming out
299,gay
299,homosexuality
2333,gay
2333,Ian McKellen
3094,coming out
3094,gay
7023,Chinese
7023,gay
7023,gay marriage
7023,gay romance
7023,green card
8973,drama
8973,Gael Garcia Bernal
8973,gay
27731,anime
39183,coming out
40870,coming of age
40870,coming out
40870,gay
40870,Gay Lead Character
40870,homosexuality
43560,magic
43560,Thomas Sangster
47610,Illusionism
47610,magic
47610,stage magic
54001,Daniel Radcliffe
54001,harry potter
54001,magic
60397,Meryl Streep
60397,Musical
63876,gay
63876,gay rights
63876,glbt
68835,coming out
68835,gay
68835,magic
68835,musical
68835,nonsense
72720,gay
72720,Gay Lead Character
82152,alex pettyfer
82152,vanessa hudgens
85056,Alex Pettyfer
85056,cliche
85056,magic
85056,poor acting
85056,supernatural
92954,coming out
92954,drama
92954,gay
92954,Gay Lead Character
92954,homophobia
96588,Anna Kendrick
96588,choir
96588,music
96588,predictable
98809,Ian McKellen
98809,magic
109183,coming out
109183,gay
109183,gay-straight friendship
126548,Robbie Amell
1380,bought the DVD
2599,seen more than once
3911,seen more than once
5991,bought the DVD
733,action packed
733,brainless
132157,lost of time
599,Sam Peckinpah
2164,Worst movie ever
3198,Steve McQueen
4327,Steve McQueen
6301,Sam Peckinpah
7076,Steve McQueen
7889,Sam Peckinpah
7895,Sam Peckinpah
7896,Sam Peckinpah
8016,Sam Peckinpah
1358,emotion
1358,mental illness
3052,Alan Rickman
3052,thought-provoking
6329,mental illness
6329,Mental Institution
80693,coming of age
80693,depression
80693,mental hospital
104944,mental health
104944,mental illness
104944,sexual abuse
112421,mental illness
131920,mental illness
134796,Middle East
3623,Lame ending
3897,bittersweet
7323,family bonds
7323,historical
86320,big themes
86320,Charlotte Gainsbourg
86320,cinematography
86320,introspective
108727,Lars von Trier
108727,psychology
108727,sexuality
108727,story
108981,dialogue driven
108981,Lars von Trier
109848,boring
109848,little dialogue
158966,creative
179817,Dialogue
2804,red ryder
45950,overrated
31700,Friendship
8969,what a way to waste 2 hours!!!
30707,boxing
112,india
173,Futuristmovies.com
173,What is this
832,kidnapping
832,Mel Gibson
832,tryrty
4367,boring
7360,Zombie Movie
7360,zombies
7387,ZOMBIES
120130,anime
120130,romance
85367,Adam Sandler
85367,Hawaii
85367,Jennifer Aniston
6537,Arnold Schwarzenegger
6537,time travel
44665,Ben Kingsley
44665,Bruce Willis
53318,alternate reality
53318,insomnia
111362,saga
4888,conversation
4888,thought-provoking
5120,intelligent
5120,twists and turns
5120,witty
6263,Multiple twists
74228,endless loop
74228,puzzle
74228,thriller
74228,time loop
74228,time travel
100383,psychology
100383,twist
100383,twist ending
100383,twists
163985,dystopian
163985,time loop
163985,time travel
5218,comedy
101142,love
101142,surviving
160569,animation
160569,family
160569,family friendly
160569,funny
164200,family friendly
164200,funny
546,Mario
1556,Boat
1801,Iron Mask
2384,Babe
2409,Rocky
3988,Grinch
5218,hfghfg
123,cinematography
123,dreamlike
123,reflective
123,Wong Kar Wai
57504,animation
57504,coming of age
148881,animation
148881,sci-fi
148881,surreal
148881,time travel
22,detective
39,teen movie
46,women
218,women
346,musicians
549,musicians
950,detective
1068,noir thriller
1088,dancing
1188,dancing
1228,masterpiece
1252,masterpiece
1344,suspenseful
1442,mentor
1678,women
1950,detective
2144,teen movie
2145,teen movie
2442,musicians
2485,teen movie
2866,musicians
3005,detective
3013,splatter
3210,teen movie
3418,women
3551,suspenseful
3594,dancing
3692,splatter
3693,splatter
3791,dancing
3798,supernatural
4018,women
4291,women
4902,supernatural
5266,suspenseful
5385,musicians
5693,dancing
5820,musicians
6785,dancing
7217,noir thriller
7223,noir thriller
7335,noir thriller
7943,noir thriller
25927,noir thriller
27815,mentor
44709,mentor
47610,great ending
55553,splatter
56339,supernatural
2701,action
8622,documentary
117444,Artistic
117444,family
22,thriller
36,death
36,murder
161,tense
198,mystic
198,sci-fi
216,stupid
308,beautiful
308,humane
308,touching
337,excellent
474,tense
745,aardman
745,animated
745,clay
745,funny
861,police
1148,aardman
1148,animated
1148,clay
1148,funny
1148,penguin
1357,mental illness
1370,action
1390,politics
1597,thriller
1610,thriller
1639,funny
1639,gay
1639,sexy
1641,disco
1641,funny
1641,humane
1641,striptease
1772,sequels
2026,high school
2058,tense
2353,thriller
2383,police
2882,nazis
3052,funny
3052,religion
3052,satire
3256,tense
3256,thriller
3980,inspirational
4467,Nudity (Topless - Brief)
5400,cia
5400,nuclear bomb
5400,russians
5400,spy thriller
5785,stupid
7034,realistic
7034,sad
7034,strong
7034,teen
7160,mental illness
7193,Harlin
8781,politics
41997,covert operation
41997,olympics
41997,serious
1233,Best of Rotten Tomatoes: All Time
1259,1960s
1259,based on a book
1259,classic
1394,Coen Brothers
1394,Cult classic
1394,cult film
1394,off-beat comedy
1394,Quirky
1673,1970s
1673,1980s
1673,drugs
4034,corruption
4034,drug abuse
4034,DRUG TRADE
4223,suspense
4235,episodic
4235,imdb top 250
4235,independent film
4239,based on a true story
4239,cocaine
4239,drug trade
4239,drug trafficking
4239,drugs
4326,based on a true story
4326,ku klux klan
4326,racism
4326,true story
5225,coming of age
5225,Mexico
5225,quirky
5225,spanish
5502,atmospheric
5502,eerie
5502,Joaquin Phoenix
5502,m. night shyamalan
5502,suspenseful
8376,awkward
8376,camp
8376,independent film
26974,Bizarre
26974,experimental
26974,youth gone wild
56782,cerebral
56782,greed
102194,fugitive
102194,powerful
1909,conspiracy
1909,science fiction
2455,mad scientist
2455,remake
2455,sci-fi
2672,alternate reality
2683,Gross-out
2683,parody
2683,Silly
3178,excellent
3704,crappy sequel
71530,alternate reality
71530,bad science
109187,dystopia
109187,meaning of life
173925,population control
1245,neo-noir
1245,stylized
1245,twists & turns
5945,road trip
6867,charming
8970,bittersweet
38061,fast-paced dialogue
38061,witty
51935,conspiracy
68073,funny
69122,funny
69122,Hilarious
102993,coming of age
102993,heartwarming
114060,subtlety
84392,Matthew McConaughey
96588,Anna Kendrick
2995,asylum
2995,william castle remake
78469,action
78469,bradley cooper
78469,cheesy lines
7317,comedy
7317,europe
71462,documentary
71462,eye-opening
71462,Japan
86781,rape
116411,humanity
116411,touching
165551,true story
4654,awesome
4654,badass
4654,cool
4654,i used to fuck guys like you prison
1212,photography
1280,photography
1960,photography
2730,photography
2925,photography
2932,photography
3677,photography
6299,photography
1127,sci-fi
1779,sci-fi
2424,romance
8798,Tom Cruise
47382,dance
1627,Billy Bob Thornton
1627,Sean Penn
4144,adultery
4144,intimate
2671,romance
539,chick flick
587,chick flick
653,Dragons
802,Good music
1097,Aliens
1441,Favorite
1573,Drive In
1591,comic book
1727,chick flick
1727,horrible
1727,horses
1835,Good music
1917,Outer space
2054,kids
2140,Puppets
2253,dream like
2446,Good ads bad movie
3388,bigfoot
3388,family
5620,AMC 24
5881,horrible
5943,AMC 24
5957,AMC 24
6058,tv
6212,Jacksonville
6212,TV
6250,as-seen-on-tv
6250,Stephen King
33815,Movies 8
37733,Movies 8
37739,golf
37844,competition
39307,horses
39307,kids
39307,not a love story
40581,Movies 8
40614,Movies 8
40614,predictable
40851,game
40851,good sequel
40851,Outer space
40962,Movies 8
42009,Movies 8
42013,Movies 8
42732,Movies 8
43871,dvd
43919,Movies 8
43919,stupid
44195,blockbuster
44195,DVD
44397,Movies 8
45081,dollar
45081,Movies 8
45208,Movies 8
45431,Drive-In
45431,Opening Weekend
45431,Regal
46723,movies 6
47261,predictable
47261,rental dvd
48414,Movies 8
48593,dvd
48593,jacksonville
48593,redbox
50792,DVD
50923,movies 8
51086,dvd
51086,jacksonville
51086,redbox
51927,dvd
51927,jacksonville
51927,redbox
51931,dvd
51931,jacksonville
51931,redbox
52458,dvd
52458,jacksonville
52458,redbox
52712,jacksonville
52712,redbox
53993,dvd
53993,redbox
54272,jacksonville
54272,regal
55259,dvd
55259,Jacksonville
55259,redbox
56176,dvd
56176,jacksonville
56176,redbox
56339,jacksonville
56339,redbox
58156,awful
58156,DVD
58156,jacksonville
58156,redbox
58299,dvd
58299,florence
58299,let down
58299,redbox
59018,cincinnati
59018,redbox
59501,dvd
59501,florence
59501,redbox
59727,dvd
59727,florence
59727,let down
59727,redbox
59900,dvd
59900,florence
59900,redbox
60074,better than expected
60074,danberry
60074,florence
60126,dvd
60126,florence
60126,great quotes
60126,redbox
61024,cincinnati
61024,indiana
61024,live truck
61024,redbox
63131,cincinnati
63131,dollar saver
63131,florence
63131,tuesday
64497,cincinnati
64497,dollar saver
64497,florence
65802,dollar saver
65802,florence
65802,wednesday
68793,danberry
68793,florence
70159,dvd
70159,florence
70159,redbox
70293,dvd
70293,florence
70293,redbox
73042,Cincinnati
73042,Dollar Saver
73042,Florence
67997,british
67997,intelligent
67997,satire
1407,funny
1407,Horror 
1407,self-aware
986,car accident
986,father daughter relationship
986,flying
1835,hard choice
1900,poverty
1900,shoes
2161,bully
2310,freak
7820,legend
7820,rape
25769,Buster Keaton
41828,british soldier
41828,french resistance
41828,german soldier
52712,ghost
52712,invisibility
52712,invisible
66915,child hero
66915,elvis presley
66915,human becoming an animal
66915,owl
72605,love triangle
72605,repentance
72605,War in Afghanistan
120130,childhood
120130,coming of age
120130,fairy
180095,being different
180095,classmate
180095,classmates
180095,deformity
180095,halloween
933,dull
933,stale
1242,civil war
1242,history
1242,racism
1242,true story
2072,black comedy
2072,quirky
2313,atmospheric
2551,disturbing
2551,psychological
2791,absurd
3503,atmospheric
3503,dreamlike
3503,meditative
3503,psychological
3730,claustrophobic
3730,paranoia
3730,psychological
3868,funny
4002,funny
4487,pointless
4552,cyberpunk
4552,surreal
5785,funny
6669,cathartic
6669,meaning of life
6669,meditative
6669,philosophical
8974,funny
8974,silly
49932,atmospheric
49932,dark
49932,David Lynch
49932,disturbing
79091,cute
79091,funny
108932,fun
114627,atmospheric
114627,bizzare
114627,eerie
114627,gothic
114627,surreal
2324,bittersweet
70599,based on a book
70599,time travel
127096,time travel
3408,great acting
3408,Julia Roberts
3408,Oscar (Best Actress)
3408,Oscar Nominee: Best Picture
3753,revenge
3916,race issues
3916,race politics
3916,racial issues
3916,racism
7445,Christopher Walken
7445,Denzel Washington
7445,great cinematography
7445,makes you cry
7445,redemption
76251,badass girl
76251,Chloe Moretz
76251,gore
76251,Hit Girl
83134,predictable
83134,story
89774,combat
89774,fighting
89774,good premise
89774,great acting
89774,great writing
90345,aliens
90345,atmospheric
90345,horror
90345,lovecraftian
90345,Mary Elizabeth Winstead
110591,atmospheric
110591,mindfuck
110591,original horror
110591,supernatural
55282,bad acting
110553,Marvel
110553,superhero
111364,special effects
111364,story
8950,bleak
1120,comedy
1120,drama
6218,family tolerance
89039,Brit Marling
6852,author:Truman Capote
1127,sci-fi
1350,demons
1377,super-hero
1610,submarine
2420,classic
4865,Johnny Depp
6755,B-movie
26152,camp
26865,martial arts
37830,anime
37830,cgi
37830,videogame
26750,qute characters
122884,dead mother
122884,father-daughter relationship
122884,paranormal investigators
47937,badass girl
47937,dark humor
96832,brecht
96832,surreal
71494,Alternative Animation
535,Los Angeles
1680,alternate universe
1680,British
1680,great concept
2613,end of the world
2726,imdb top 250
3008,apocolypse
3008,Canada
3008,multiple storylines
4823,Good Romantic Comedies
5391,coincidences
5391,ensemble cast
5391,multiple storylines
5391,nonlinear
5391,well-acted and thought-provoking
7154,great cast
7154,Julia Roberts
7154,Julia Stiles
7154,Kirsten Dunst
7154,sentimental
26704,Sean Penn
31364,korean
33166,breakthroughs
34336,love story
43919,Not funny
43919,revoltingly bad
43919,stinking heap of shit
44974,controversial
45668,architecture
45668,good romantic comedies
45668,love story
45668,Sandra Bullock
45668,sweet
51084,Definite chick flick
52973,overrated
153,Batman
1377,batman
1377,superhero
1562,Batman
1562,superhero
33004,sci-fi
40966,johnny depp
44,video game adaptation
393,video game adaptation
546,video game adaptation
1681,video game adaptation
2549,video game adaptation
4241,video game adaptation
4367,video game adaptation
4446,video game adaptation
5219,video game adaptation
5463,Post apocalyptic
6564,video game adaptation
6872,video game adaptation
8861,Post apocalyptic
8861,video game adaptation
31424,video game adaptation
33834,Post apocalyptic
37380,video game adaptation
57326,video game adaptation
72737,animation
37475,domestic violence
64839,Nudity (Topless)
64839,strippers
199,catherine deneuve
207,cinematography
236,fear of airplanes
1357,music
1496,Go Sophie Marceau
1496,Sean Bean lives
1619,great cinematography
1949,Honor
2126,boring
3082,sophie marceau
3808,stark
4994,boring
5064,Amazing Cinematography
6157,saliva song rocks
6724,tatum o neal
80586,love
112290,childhood
112290,growing up
112290,life
3450,Walter Matheau
233,Atom Egoyan
233,grief
347,BDSM
347,disturbing
347,erotic
347,Nudity (Topless)
347,passionate
1178,military
1178,war
1178,World War I
1884,based on a book
2557,disturbing
2557,Gaspar Noé
4932,Criterion
4932,elevator
4932,murder
4932,prostitute
4932,straight razor
5893,erotic
5893,femme fatale
5893,Linda Fiorentino
5893,neo-noir
5893,well written
6123,documentary
7616,murder
7616,Nudity (Topless - Notable)
7616,sexual
7616,witness
26326,Alejandro Jodorowsky
26326,animal cruelty
48997,18th century
48997,artistic
48997,based on a book
48997,creativity
55278,remake
59387,1920s
59387,beautiful
59387,beautiful cinematography
59387,beautiful colors
59387,bittersweet
69134,atmosphere
69134,atmospheric
69134,beautiful scenery
71033,Academy Award - Best Foreign Film
71033,Academy Award winner
71033,Argentina
78836,afterlife
78836,art house
78836,beautiful
83601,neon
83601,psychadelic
83601,trippy
89118,disturbing
93040,documentary
93040,history
96606,beautiful cinematography
96606,documentary
96832,beautiful
96832,clever
96832,complicated
99917,artistic
99917,artsy
99917,atmospheric
99917,beautiful
100044,documentary series
113565,brainwashing
113565,cult
113565,found footage
113565,horror
113565,journalist
113780,archaeologist
113780,archeology
113780,catacombs
113780,cave
113780,devil
128620,"believable, spontaneous acting"
128620,Berlin
128620,breathtaking
128620,cinematography
128620,Continuous shot
129333,neo noir
129333,neo-noir
129333,rape
129333,revenge
140247,baby
140247,birth
140247,bully
140247,creepy
140247,gift
142115,documentary
143511,documentary
159817,animals
159817,ecology
163809,adventure
163809,animation
163809,comedy
170355,Los Angeles
170705,accurate
170705,drama
170705,gritty
170705,military
170705,not a movie
171011,documentary
171495,documentary
64622,World War II
89039,parallel universe
89039,Parallel worlds
89039,Parallels worlds
94799,Brit Marling
94799,cult
94799,cults
94799,time travel
94799,Zal Batmanglij
114935,paradox
114935,time loop
114935,time machine
152591,martial arts
4085,comedy
4085,detective
4085,Eddie Murphy
4552,but this is a bit thick.
6953,Nonlinear
112623,ape
112623,apes
112623,monkey
112623,post-apocalyptic
173145,beautiful cinematography
173145,war
175569,forest
175569,investigation
175569,murder mystery
175569,Native Americans
175569,Revenge 
7178,based on a book
79798,artistic
79798,family
79798,homosexual
79798,mother-son relationship
5219,zombies
36529,dark comedy
36529,narrated
45447,adventure
45447,conspiracy theory
47200,action packed
47200,adrenaline
84152,concept
84152,human potential
84152,interesting premise
84152,smart
104243,sci-fi
104243,space western
185029,dystopian
65188,documentary
65188,heartbreaking
65188,murder
63113,007
63113,007 (series)
926,fabulous
1086,seen more than once
1207,seen more than once
3088,classical
3510,seen more than once
5064,fabulous
6870,powerful
26116,fabulous
256,Arnold Schwarzenegger
256,Danny DeVito
256,easygoing
428,al pacino
428,DeNiro
428,father-son relationship
428,Great movie
1227,atmospheric
1227,Nudity (Full Frontal)
1227,Nudity (Rear)
1227,Nudity (Topless - Brief)
1580,Will Smith
7004,arnold
7004,Arnold Schwarzenegger
7004,undercover cop
7004,Who is your daddy and what does he do?
59369,thriller
85367,Adam Sandler
85367,funny
86644,audience intelligence underestimated
86644,car chase
105653,Arnold Schwarzenegger
105653,Escape
105653,Sylvester Stallone
105653,torture
112370,Special Effects
112370,Too Long
597,cinderella
597,Good Romantic Comedies
597,romance
33145,happy ending
33145,love
33145,romance
49286,Kate Winslet
49286,Romance
49286,romantic comedy
49286,sweet
49286,switching places
81562,moving
1446,communism
1446,czech society
103075,interesting concept
103075,wasted potential
62,emotion
141,comedy
529,chess
1228,boxing
1276,classic
1276,prison
2300,Funny as hell
2302,courtroom
2302,enjoyable
3275,crime family
3275,hitmen
3275,Irish
3275,organized crime
3671,Mel Brooks
5577,dramedy
5630,Hannibal Lecter
6296,mockumentary
6787,journalism
6787,Politics
8575,Audrey Tatou
8575,French
8784,apathetic
8784,overly medicated
8784,psychology
8784,Zach Braff
34338,fucking awesome
34338,hilarious
34523,suburbia
39414,a realistic and human romance
39444,marriage
40946,stand-up comedy
43708,to-rent
173,comics
307,reflective
308,enigmatic
353,dark hero
866,neo-noir
866,stylish
913,noir thriller
1129,lone hero
1179,neo-noir
1241,gruesome
1245,neo-noir
1248,noir
1248,noir thriller
1249,stylish
1251,reflective
1264,stylish
1289,meditative
1305,melancholic
2726,noir thriller
2912,stylish
2917,noir
2966,melancholic
3364,noir
3677,meditative
3702,lone hero
3703,lone hero
3741,meditative
3793,comics
3917,gruesome
4881,noir
5388,psychological
6669,meditative
7022,bloody
8636,comics
8957,gruesome
52281,bloody
72011,George Clooney
4978,hw drama
6002,PS Hoffman
52241,Potential Oscar Nom 2008
64839,awesome performance
73023,Jeff Bridges
6242,Shudder
175,everything
175,poor acting
175,the ending
26631,Characterization
26631,Narration
26631,Visuals
54962,God Complex
3093,atmospheric
35836,reject
60397,ABBA
60397,adapted from B'way
60397,music:ABBA
969,Adventure
5613,French Film
26,Shakespeare
419,hillbillies
2409,boxing
2409,fighting
2409,silvester stalone
2412,boxing
2412,fighting
2863,music
2863,the beatles
3668,Shakespeare
3979,Adam Sandler
4006,Robots
5528,robin williams
6953,sean penn
8957,digusting
3702,cult classic
3702,dystopia
3702,post-apocalyptic
6754,vampires
317,Tim Allen
353,Fantasy
370,Leslie Neilsen
432,Billy Crystal
435,Dan Aykroyd
553,Western
3033,John Candy
3717,Nicolas Cage
4643,Mark Wahlberg
2150,comedy
3409,gore
6058,gore
6058,sadistic
94777,funny
94777,science fiction
94777,time travel
119655,incompetent villains
119714,funny
119714,unpredictable
119714,wacky
135137,adam sandler
87660,economics
87660,Finance
590,AFI 100
599,AFI 100
599,Emerson must see
898,AFI 100
905,romantic comedy
909,AFI 100
913,AFI 100
919,AFI 100
919,Emerson must see
922,AFI 100
922,Emerson must see
926,AFI 100
926,Emerson must see
955,AFI 100
955,Emerson must see
1094,Emerson must see
1103,AFI 100
1103,Emerson must see
1104,AFI 100
1104,Emerson must see
1207,AFI 100
1252,AFI 100
1252,Emerson must see
1256,AFI 100
1256,Emerson must see
1260,Emerson must see
1267,AFI 100
1267,Emerson must see
1284,Emerson must see
1304,AFI 100
1931,AFI 100
1939,AFI 100
2066,Emerson must see
2303,Emerson must see
2648,AFI 100
2648,Emerson must see
2935,Emerson must see
3089,Emerson must see
3095,AFI 100
3363,AFI 100
3365,AFI 100
3365,Emerson must see
3424,Emerson must see
3451,AFI 100
3788,Emerson must see
3871,AFI 100
4361,AFI 100
4914,Emerson must see
5291,Emerson must see
6783,Emerson must see
7070,Emerson must see
8154,Emerson must see
25788,Emerson must see
25996,Emerson must see
337,Leonardo DiCaprio
743,Leslie Nielsen
1088,80's classic
1088,coming of age
1240,androids
1923,Ben Stiller
2105,cyberpunk
2105,hackers
2105,Jeff Bridges
2134,Kelly LeBrock
2416,Rodney Dangerfield
2460,dennis hopper
2701,steampunk
3300,anti-hero
3300,Riddick
3300,villain as hero
3300,Vin Diesel
3421,John Belushi
3552,Bill Murray
3702,dystopia
3869,slapstick
3948,Ben Stiller
6550,Rowan Atkinson
6764,Seann William Scott
8798,tom cruise
30825,Ben Stiller
35836,steve carell
66934,anti-hero
66934,Neil Patrick Harris
79293,Angelina Jolie
82461,Jeff Bridges
90522,Rowan Atkinson
93838,minimal plot
93838,thin plot
112171,dark hero
112171,Denzel Washington
120466,AI
120466,artificial intelligence
175197,bad book adaptation
175197,Stephen King
182823,fantasy
182823,orcs
182823,Will smith
5171,Crappy Remake
3793,20th Century Fox fanfare
3793,action
3793,adapted from:comic
46530,based on comic
46530,Brandon Routh
46530,comic book
52722,action
52722,adapted from:comic
52722,based on a comic
52722,comic book
52722,Comic Book adaption
60040,action
60040,adapted from:comic
60040,avengers
60040,comic book
60040,Ed Norton
68319,action
68319,bad cgi
68319,bad plot
87430,Badly made
87430,based on comics
87430,Boring
87430,CGI
87430,comic book
95510,action
95510,Andrew Garfield
95510,Bad Adaptation
95510,based on a comic
95510,comic book
122920,Action
122920,Anthony Russo
122920,based on comic
122920,Black Panther
180985,circus
180985,colorful
180985,great soundtrack
180985,Hugh Jackman
180985,music
56949,Katherine Heigl
69406,Betty White
69406,chemistry between actors
69406,Ryan Reynolds
2706,funny
2706,Nudity (Topless - Notable)
2706,Nudity (Topless)
2706,sexuality
4718,Notable Nudity
4718,Nudity (Topless)
5266,suspenseful
5266,thriller
5481,comedy
5481,hilarious
5481,parody
8807,Buddy movie
8807,Nudity (Topless)
60074,anti-hero
84152,cinematography
87485,breast implants
87485,Nudity (Topless - Notable)
125916,erotic
125916,nudity (topless)
5319,Argentina
5319,con artists
5319,CONS AND SCAMS
5319,twist ending
113453,police
183611,black comedy
183611,funny
183611,plot twists
40819,dvd
59369,happy ending
745,animation
1037,artificial intelligence
1037,bad acting
1037,cyberpunk
1037,priest
1037,science
1188,Australia
1188,Australian
1188,ballroom dancing
2105,classic
2105,computer animation
2109,classic
2109,Steve Martin
4121,miniaturization
4121,Spherical Blow-Up
4121,trapped in a human body
4545,artificial intelligence
4545,robots
7147,bittersweet
27660,animation
27660,anime
27660,cyberpunk
27660,Matrix
27660,sci-fi
27728,2D/3D hybrid Animation
27728,anime
27728,cyberpunk
27728,robots
77427,abduction
77427,body horror
77427,body mutilation
77427,experiment
77846,good dialogue
77846,one-room
88744,sci-fi
98243,animation
98243,lack of story
100390,road trip
102194,coming of age
102194,Matthew McConaughey
102481,Google
103141,animation
103141,comedy
103141,Pixar
118888,Dave Chappelle
118888,stand-up comedy
136449,cyberpunk
136449,future
136449,Ghost in the Shell
136449,philosophical
136449,sci-fi
166024,drummer
166024,jazz band
166024,music
167036,fun
167036,kids ok
167036,music
168,chick flick
4865,alan moore
5945,Drama
7090,amazing photography
7373,comic book
40148,cryptic
89039,Brit Marling
110882,responsible
112804,believer
127202,loss
3948,Ben Stiller
3948,comedy
3948,funny
4489,Eddie Murphy
4489,funny
357,Garath
1320,alien series
49957,everything
49957,nothing
4344,ClearPlay
160980,based on a true story
160980,flashbacks
160980,heroics
5049,Ação
5049,Comedia
5049,Fome
3214,cycling
3359,cycling
292,disease
292,epidemic
1220,great soundtrack
2058,Samuel L. Jackson
6787,conspiracy
6787,corruption
52281,Quentin Tarantino
89470,disease
89470,epidemic
89470,plausible
89470,Realistic
104913,based on a true story
104913,great soundtrack
152077,Psychological thriller
152077,unexpected ending
168266,Nostalgia
1459,directing
1459,Music
1459,soundtrack
1620,Morgan Freeman
1722,Michelle Yeoh
2421,Tamlyn Tomita
2485,Freddie Prinze Jr.
2485,Matthew Lillard
2485,rachel leigh cook's beautiful face
2485,Slow in parts
2540,Chow Yun Fat
2549,nostalgic
2549,theme song
2582,better than expected
2582,clever
2582,hilarious
2582,Hong Kong
2582,lighthearted
2888,f bomb
2888,guilty pleasure
2888,Melissa Joan Hart
2888,melodramatic
2888,music
3066,accuracy
3066,Actual planes
3066,attention to detail
3066,Best War Films
3066,comraderie
3882,90s
4701,Hong Kong
4701,light hearted
5313,Kelly Hu
5400,Jerry Goldsmith
6686,Basicly a kids movie
6686,Bloopers
6686,Boring action
6686,Christy Chung
6686,Hong Kong
6796,coming of age
6796,personal growth
6808,Bechdel Test:Pass
26612,finale
46322,Betty Sun
55276,Mercedes S-Class
55276,soundtrack
58306,Khulan Chuluun
58306,romance
62081,unlikeable characters
79293,commercial
83349,Cameron Diaz
83349,Jay Chou
83349,lighthearted
83349,Seth Rogen
83349,slapstick
88140,authentic men
88140,authenticity
88140,positive
88140,positive themes
92507,Camera work
92507,Denzel Washington
92507,Ryan Reynolds
92507,Vera Farmiga
85,Nudity (Full Frontal - Notable)
357,Romance
539,Tom Hanks
915,feel-good
1954,boxing
72356,short film
193,Nudity (Full Frontal)
56805,willies
587,good cry
170,Blackhat
170,Cyberpunk
329,James T. Kirk
329,Jean Luc Picard
329,Star Trek
329,Star Trek: Next Generation
329,Star Trek: Original Series
497,Shakespeare
674,Overrated
736,Natural Disaster
799,Afterlife
799,Fantasy
830,Adultery
830,Divorce
830,Girl Power
901,1950s
901,Audrey Hepburn
901,Classic
911,60s
911,Audrey Hepburn
933,1950s
933,Cary Grant
933,Classic
1269,1940's
1269,Black & White
1269,Classic
1356,Borg
1356,Jean Luc Picard
1356,Star Trek
1356,Star Trek: Next Generation
1372,James T. Kirk
1372,Spock
1372,Star Trek
1372,Star Trek: Original Series
1373,James T. Kirk
1373,Spock
1373,Star Trek
1373,Star Trek: Original Series
1374,James T. Kirk
1374,Khan
1374,Spock
1374,Star Trek
1375,James T. Kirk
1375,Spock
1375,Star Trek
1375,Star Trek: Original Series
1376,James T. Kirk
1376,Spock
1376,Star Trek
1376,Star Trek: Original Series
1438,Natural Diaster
1438,Survival
1675,Art Theft
1675,Forgery
1967,Classic Fantasy
1967,David Bowie
1967,High Fantasy
1967,Jim Henson
1967,Teen Movie
2052,Halloween
2205,Black & White
2205,Classic
2393,Jean Luc Picard
2393,Star Trek
2393,Star Trek: Next Generation
2826,Mythology
2826,Vikings
3479,Low Fantasy
3479,Medieval
3981,Mars
3981,Sci-Fi
3981,Survival
3999,Survival
4184,1940's
4184,Black & White
4184,Cary Grant
5168,1950s
5168,Classic
5168,Dance
5168,Fred Astaire
5168,London
5507,xXx
5944,Conspiracy
5944,Coup d'état
5944,Jean Luc Picard
5944,Star Trek
5944,Star Trek: Next Generation
6264,Apocalyptic
8033,1960s
8033,Art Forgery
8033,Art Theft
8033,Audrey Hepburn
33158,xXx
40614,Trigger Warning: Rape
52975,Musical
60074,Superhero
68269,Historical Romance
68269,Period Piece
68269,Royalty
73319,Ireland
73319,St Patrick's Day
73319,Valentine's Day
74530,Based on a Book
74530,Greek Mythology
74530,Percy Jackson
78316,Italy
78316,Romantic Comedy
85510,Rape Culture
86059,Easter
93988,based on book
93988,romance
93988,slow burn
98243,Boogeyman
98243,Christmas
98243,Easter
102445,Conspiracy
102880,bad acting
102880,Jaden Smith
102880,sci-fi
103249,Apocalyptic
103249,Disease
103249,Epidemic
103249,Fast Zombies
103249,Investigation
103772,Superhero
103772,X-Men
104074,Based on a Book
106491,wuxia
110771,Adultery
110771,Divorce
110771,Girl Power
110771,Revenge
111364,Godzilla
131796,Holocaust
131796,Nazism
131796,Restitution
155509,Assassin
155509,Brain Damage
155509,Dance Fighting
155509,Murdery RomCom
155509,ridiculous
162606,assassin
162606,autism
162606,genius
162606,lone fighter
176935,Apocalyptic
176935,Natural Disaster
176935,Survival
8957,clever
8957,surprise ending
8957,twist ending
53000,stupid children ruin everything
53000,zombie
53000,zombies
92420,predictable ending
97870,humor
97870,philosophy
97870,sexuality
32657,http://www.tu.tv/videos/el-hombre-que-plantaba-arboles
928,Library of Congress
1022,Library of Congress
1301,Library of Congress
1487,National Film Registry
2186,National Film Registry
2361,National Film Registry
2859,National Film Registry
2936,National Film Registry
3451,National Film Registry
3546,National Film Registry
196,aliens
196,dna
587,murder mystery
587,Spooky
70599,pedophilia
67695,Anna Faris
67695,dark comedy
67695,mean-spirited
67695,Racism
67695,Seth Rogen
3262,Lynchianoir
4640,violent
38095,Asian Thriller
55805,human fallibility
55805,nonlinear
55805,Philip Seymour Hoffman
93598,Aussie Noir
95761,Lynchianoir
120783,Aussie Thriller
120783,Crime
120783,Doublecross
141866,remote place
78893,Avatar trilogy
78893,effects
78893,story
501,intellectual
501,Mike Leigh
501,social commentary
57528,ridiculously spiritual
35836,crude humor
35836,geeks
35836,nerds
63131,Elizabeth Banks
67534,bad story
6768,faith
6768,historical
6768,inspiring
44195,dark comedy
44195,dark humor
44195,social commentary
55280,comedy-drama
55280,cute
67087,bromance
67087,brother-brother relationship
67087,comedy
67087,friendship
67087,likeable
2931,affectionate
49396,Jack Black
50068,weak plot
2144,racist
2144,rape culture
32031,Robin Williams
84637,Shakespeare
84637,shakespeare adaption
115617,Coming of Age
115617,Disney
115617,Marvel
115617,superhero
159717,paul rudd
159717,whitty dialogue
457,action
457,Andrew Davis
457,crime
899,comedy
899,Gene Kelly
899,musical
899,romance
923,drama
923,mystery
923,Orson Welles
923,USA
1207,book
1220,action
1220,comedy
1220,John Landis
3006,article
3006,drama
3006,Michael Mann
3006,thriller
6796,crime
6796,drama
6796,John Singleton
6870,Clint Eastwood
6870,drama
6870,mystery
8464,documentary
8464,Morgan Spurlock
8464,USA
27741,drama
27741,Japan
27741,Yoji Yamada
27838,drama
27838,Jacob Aaron Estes
27838,USA
1747,fun
45730,M. Night Shyamalan
60037,bad ending
60037,Bad Science
60037,M. Night Shyamalan
60037,weak dialogue
60037,weak story
62511,depressing
62511,Philip Seymour Hoffman
62511,postmodern
62511,surreal
74754,extended sex scene
74754,quotable
74754,so bad it's good
74754,unintentional comedy
89281,so bad it's good
96728,confusing
96728,great performances
96728,Paul Thomas Anderson
96728,Philip Seymour Hoffman
96728,unique
44,fight scenes
58,Pablo Neruda
60,indians
95,action packed
112,fight scenes
339,feel-good
350,lawyer
368,con men
377,action packed
434,action packed
441,geeks
450,homeless
475,irish
605,single father
628,lawyer
991,irish
1179,con men
1293,indians
1357,father son relationship
1488,irish
1589,new jersey
1777,feel-good
1917,action packed
2353,lawyer
2360,dysfunctional family
2529,allegory
2572,geeks
2594,spanish
2706,geeks
3259,irish
3510,father son relationship
5014,single father
5135,indians
5225,spanish
5878,spanish
6218,interracial romance
6266,Colin Firth
6266,father daughter relationship
6365,fight scenes
6979,video game
8973,spanish
56339,spanish
83134,gore
93988,Period Drama
93988,romance
111622,music
39414,based on a book
3479,medieval
90471,drugs
90471,lawyers
3476,insanity
3476,paranoia
3476,psychological horror
3476,surreal
152077,suspense
107,treasure
176,Catherine Keener
176,cinema
176,Dermot Mulroney
176,indie
176,meta-indie
232,aging
232,Ang Lee
232,cooking
232,food
232,food/cooking
353,dark hero
485,arnold
898,screwball comedy
1179,neo-noir
1251,cinematography
1251,Federico Fellini
1251,humorous
1894,stranded
1895,cheerleading
1962,based on a play
1962,friendship
2022,christian
2022,jesus
2143,dragon
2186,Alfred Hitchcock
2353,conspiracy theory
2360,dialogue driven
2360,disturbing
2360,dysfunctional family
2360,family
2405,treasure
2728,Criterion
2728,Dalton Trumbo
2728,gladiator
2728,Kirk Douglas
2927,adultery
2927,affectionate
2927,bittersweet
2927,impossible love
2927,infidelity
3067,screwball comedy
3566,entirely dialogue
4500,bizarre
4500,cinematic
4500,cynical
4500,dreamlike
4500,female friendship
4847,bad ending
4847,bleak
4847,Criterion
4847,cynical
4847,fucked up ending
5269,based on a book
5269,Isabelle Huppert
5269,Michael Haneke
5269,mother-daughter relationship
5269,psychology
5515,absurd
5515,cynical
5515,dark
5515,poem
5954,depressing
6002,depression
6002,Philip Seymour Hoffman
6002,suicide
6300,Anders Thomas Jensen
6300,childhood friends
6300,childhood memory
6300,cooking
6300,crime
6666,Luis Bunuel
6666,satire
6666,social criticism
6666,surreal
6873,screwball comedy
7265,Bernardo Bertolucci
7265,cineastic
7265,controversial
7265,sexual
7297,atmospheric
7297,humorous
7297,loneliness
7297,norway
7297,quirky
7327,actress
7327,Bibi Andersson
7327,Brechtian
7327,cerebral
7386,christian
7419,absurd
7419,anxiety
7419,bad luck
7419,black comedy
7419,dark comedy
7451,clique
7451,coming of age
7451,Lindsay Lohan
8235,real stunts
8254,Emir Kusturica
8254,screenplay
8254,surreal
8261,100 Essential Female Performances
8261,allegorical
8261,allegory
8261,atmospheric
8261,Criterion
8366,christian
8622,conspiracy theory
25940,atmospheric
25940,femme fatale
25940,film noir
25940,insurance fraud
25940,mirrors
26237,1970s
26237,aesthetically fulfilling
26237,classic
26237,desert
26237,free spirit
33880,bittersweet
33880,quirky
33880,SEXUAL AWAKENING
47491,black comedy
47491,cynical
47491,danish
47491,Mads Mikkelsen
47491,thought-provoking
48342,kamera
50912,city portrait
50912,Episode cinema
50912,episodic
50912,France
50912,French
51573,ahead of her time
51573,dreamlike
51573,inner conflict
51573,surreal
53161,asylum
53161,Cute story
53161,grandparent grandchild relationship
53161,insanity
53161,korean
56333,depression
56333,elderly
56333,father figure
56333,good characters
56333,Good performance by Seymour Hoffman and Laura Linney
64278,creative
64278,female director
67997,Anna Chlumsky
67997,Armando Iannucci
76091,cinematography
76091,mother-son relationship
76091,stylized
81018,1950s
81018,2D animation
81018,animation
81018,beautiful
81018,beautifully drawn
84954,Bechdel Test:Fail
84954,Changing fate
84954,Emily Blunt
100106,creative
100106,documentary
100106,female director
100106,ideology
100106,philosophy
101088,dark
101088,erotic
101088,imagery
101088,psychological thriller
101088,visually stylish
114494,darknet
114494,hackers
114494,hacking
114494,mindfuck
114494,stylized
127204,Adam Scott
127204,Jason Schwartzman
127204,marriage
127204,self discovery
129428,flat storyline
129428,weak character development
134881,Beach Boys
134881,biography
134881,mental abuse
134881,Paul Dano
134881,true story
139855,animated
139855,animation
139855,Charlie Kaufman
139855,cynical
139855,depressing
141422,based on a true story
141422,female director
141422,feminism
141422,feminist
142420,Art Direction
142420,big plot jump
142420,cinematography
142420,Direction
142420,dystopia
148881,child
152077,aliens
168492,Armie Hammer
168492,atmospheric
168492,coming-of-age
168492,italy
173197,Satire
173197,social satire
3039,Dan Aykroyd
3039,Eddie Murphy
4489,Eddie Murphy
4489,multiple roles
2081,Disney
6944,wedding
3615,now thats a set of nice chompers
25,Annemari
25,library
28,library vhs
39,Beautiful Woman
39,female director
45,library
65,Golden Raspberry (Worst Actor)
75,Golden Raspberry (Worst Actor)
80,cultural customs and traditions
80,girl
80,goldfish
80,money
80,New Year's Eve
85,To See
88,easily confused with other movie(s) (title)
89,blackmail
89,child in peril
89,conspiracy
89,elevator
89,governor
97,black and white
97,memasa's movies
97,missing gun
121,sexual abuse
121,To See
123,airport
147,based on a true story
147,Catholicism
147,diary
147,escape
147,expelled from school
154,library vhs
156,memasa's movies
160,gorilla
174,Golden Raspberry (Worst Actor)
193,Golden Raspberry (Worst Actress)
193,Golden Raspberry (Worst Picture)
194,memasa's movies
194,on dvr
194,shop (establishment)
199,1950s
199,1960s
199,breakthroughs
208,gyrocopter
213,library
214,To See
233,To See
246,National Film Registry
246,Netflix Finland
249,To See
273,frankenstein
273,remake
299,MEMBERS OF THE CLERGY
299,priest
306,BFI modern classic
306,dogs
306,eavesdropping
306,judge
306,library
307,BFI modern classic
307,bluish
308,beautiful
337,brothers
353,bird guardian spirit
376,boat
376,child in peril
376,dogs
376,family bonds
376,father-son relationship
383,Golden Raspberry (Worst Actor)
412,on dvr
431,on dvr
436,Golden Raspberry (Worst Picture)
446,courtesan
446,gay
446,To See
448,easily confused with other movie(s) (title)
454,lawyers
461,Teddy Award
474,memasa's movies
475,1970s
475,bad cop
475,based on true story
475,courtroom
484,dogs
495,library vhs
501,To See
509,ARRANGED MARRIAGES
535,To See
581,interviews
581,Teddy Award
590,library
590,National Film Registry
594,National Film Registry
596,National Film Registry
599,library
599,National Film Registry
613,library
617,memasa's movies
628,bishop
628,split personality
628,To See
650,library vhs
665,library
668,To  See
668,trains
678,interviews
678,murderer
680,black and white
680,conscience
680,detective
680,on dvr
719,mentally impaired
720,dogs
720,Wallace and Gromit
722,Ed Wood
736,storm
747,Golden Raspberry (Worst Actor)
762,Golden Raspberry (Worst Actress)
762,Golden Raspberry (Worst Picture)
781,library vhs
841,eyes
841,face
841,on dvr
851,andy warhol
851,Annemari
851,drugs
867,Golden Raspberry (Worst Actor)
880,island
898,library
900,National Film Registry
900,on dvr
902,1960s
902,apartment
902,Beautiful Woman
905,National Film Registry
906,acting debut
906,DANGEROUS ATTRACTION
906,house
906,jewel
906,l'homme fatal
909,Christmas
915,library vhs
915,National Film Registry
916,National Film Registry
918,National Film Registry
922,director
922,mansion
927,National Film Registry
930,National Film Registry
931,Annemari
931,based on a book
931,doctor-patient relationship
931,library
931,medical thriller
935,National Film Registry
936,blindfold
936,National Film Registry
938,courtesan
938,National Film Registry
940,National Film Registry
942,National Film Registry
942,on dvr
945,National Film Registry
946,National Film Registry
947,National Film Registry
948,National Film Registry
948,on dvr
950,National Film Registry
951,National Film Registry
954,National Film Registry
955,National Film Registry
965,breakthroughs
965,handcuffs
965,memory guy
965,secrets
965,theatre
969,National Film Registry
996,memasa's movies
1010,beetle
1023,To See
1024,blindfold
1035,library
1035,National Film Registry
1051,alcoholism
1051,bar
1051,boss
1051,cocaine
1051,debut film
1068,To See
1081,alter ego
1081,closeted homosexual
1081,To See
1081,transvestism
1084,Beautiful Woman
1092,Erotic Thriller
1092,library
1093,Annemari
1094,genitalia
1094,hairdresser
1094,hostage
1094,library
1100,cars
1111,beautifully filmed
1111,cdon
1111,Good Documentary
1111,Great score
1111,my shopping list
1117,Down  syndrome
1120,wheelchair
1129,nocturnal
1147,library
1161,controversial
1161,extraordinary
1161,otherness
1161,vertically challenged people
1172,To See
1173,art house
1173,Beautiful use of color
1173,dark comedy
1173,decadent
1176,memasa's movies
1176,Nudity (Topless - Notable)
1183,based on a book
1183,desert
1183,library
1183,library vhs
1183,Netflix Finland
1184,insularity
1184,island
1184,light
1184,Nudity (Topless)
1184,PROSTITUTES
1185,cdon
1185,cerebral palsy
1185,library
1186,husband-wife relationship
1186,infidelity
1186,lawyers
1186,lies
1186,National Film Registry
1189,National Film Registry
1189,Netflix Finland
1190,abduction
1190,ACTOR'S LIFE
1190,mentally disturbed rejoining society
1190,movie business
1190,movies about movies
1192,Teddy Award
1211,circus
1211,mostly black and white
1211,on dvr
1217,16th century
1217,brothers
1217,King Lear
1217,library
1218,To See
1223,cards
1223,dogs
1223,holiday
1223,house of cards
1223,Oscar Nominee
1231,memasa's movies
1241,To See
1242,library vhs
1244,National Film Registry
1245,To See
1248,National Film Registry
1249,Annemari
1249,cult film
1249,double life
1250,bridge
1250,jungle
1250,National Film Registry
1254,gold
1254,library vhs
1254,National Film Registry
1254,Native Americans
1256,Annemari
1256,National Film Registry
1256,political
1260,library vhs
1267,National Film Registry
1271,aging
1271,empowerment
1271,ku klux klan
1271,racism
1272,National Film Registry
1276,car wash
1276,National Film Registry
1279,library vhs
1280,courtesan
1280,To See
1281,amnesia
1281,barber
1281,dictatorship
1281,multiple roles
1281,National Film Registry
1282,library
1283,library
1283,National Film Registry
1287,National Film Registry
1293,Gandhi
1293,library
1293,Netflix Finland
1293,nonviolence
1295,library
1296,chick flick
1300,1950s
1300,absent fathers
1300,boxing
1300,child nudity
1300,childhood
1304,library
1304,National Film Registry
1305,Beautiful Woman
1305,my shopping list
1305,Netflix Finland
1305,searching
1307,Netflix Finland
1320,Alien Quadrilogy
1320,memasa's movies
1340,Black comedy
1343,on dvr
1345,To See
1354,delusional
1354,library vhs
1354,male nudity
1354,mental imbalance
1354,Scotland
1357,library
1358,To See
1373,Golden Raspberry (Worst Actor)
1380,library
1380,Netflix Finland
1393,Netflix Finland
1406,library vhs
1408,memasa's movies
1414,easily confused with other movie(s) (title)
1416,Argentina
1431,ninja
1446,1980s
1446,ARRANGED MARRIAGES
1446,childhood
1466,1970s
1466,based on a true story
1466,boat
1466,Christmas
1475,courtesan
1483,bisexual
1483,car accident
1483,cars
1483,David Cronenberg
1496,author:Leo Tolstoy
1497,box office flop
1497,Friday night movie
1497,island
1497,monks
1497,pregnancy
1541,camera obscura
1554,bisexual
1554,book
1554,books
1554,calligraphy
1572,library vhs
1586,Golden Raspberry (Worst Actress)
1597,conspiracy
1635,To See
1641,strippers
1673,1970s
1680,male-female relationship
1684,See: The Hours
1690,Alien Quadrilogy
1690,memasa's movies
1694,Pentecostal
1726,Golden Raspberry (Worst Actor)
1726,Golden Raspberry (Worst Picture)
1730,on dvr
1734,library vhs
1747,dialogue
1747,election
1747,fake
1757,accomplices
1757,assassin
1757,assassins
1757,bar
1757,debt collection
1760,Golden Raspberry (Worst Actress)
1784,on dvr
1784,To See
1801,mask
1801,remake
1804,heist
1805,To See
1809,art
1809,bank robbery
1809,bittersweet
1809,BREAKUPS AND DIVORCES
1809,cancer
1827,library
1833,Golden Raspberry (Worst Actor)
1834,library vhs
1844,Netflix Finland
1873,library vhs
1888,blindfold
1889,books
1889,conscience
1889,easily confused with other movie(s) (title)
1889,fashion clothing
1889,hotel
1917,Golden Raspberry (Worst Actor)
1927,National Film Registry
1929,National Film Registry
1933,National Film Registry
1936,library
1938,my shopping list
1938,realistic
1939,National Film Registry
1941,library
1941,library vhs
1942,National Film Registry
1942,remade
1944,National Film Registry
1945,National Film Registry
1945,overrated
1946,National Film Registry
1947,Annemari
1947,dance
1947,interracial romance
1947,library
1950,National Film Registry
1952,bisexual
1952,bus
1952,childhood flashback
1952,Dream Sequence
1954,memasa's movies
1960,communism
1960,lavish
1964,on dvr
1991,child in peril
1991,dolls
1991,mother-son relationship
1992,dolls
1993,dolls
1994,child in peril
2000,Netflix Finland
2005,Netflix Finland
2010,library vhs
2010,subterranean
2010,working class
2020,aristocracy
2020,liaisons
2020,on dvr
2023,memasa's movies
2023,Netflix Finland
2025,lolita
2054,To See
2058,hostage
2058,on dvr
2066,National Film Registry
2067,classic
2067,epic
2067,flowers
2067,lavish
2067,memasa's movies
2068,on dvr
2075,To See
2102,National Film Registry
2116,gardener
2130,National Film Registry
2131,library
2132,drinking
2132,husband-wife relationship
2132,infertility
2136,National Film Registry
2138,See: Pom Poko (a.k.a. The Raccoon War) (Heisei tanuki gassen pompoko)
2167,easily confused with other movie(s) (title)
2167,Netflix Finland
2196,box office flop
2201,on dvr
2203,National Film Registry
2252,easily confused with other movie(s) (title)
2269,Golden Raspberry (Worst Picture)
2283,library vhs
2289,cameo-fest
2289,dry funny
2289,movie business
2289,satire
2300,National Film Registry
2303,National Film Registry
2315,dolls
2318,aging
2318,BREAKUPS AND DIVORCES
2318,child abuse
2318,closeted homosexual
2330,To See
2333,Netflix Finland
2333,To See
2334,Golden Raspberry (Worst Actor)
2348,library
2353,Netflix Finland
2355,acting
2355,circus
2357,alcoholism
2357,Brazil
2357,bus
2357,child selling
2357,christians
2361,amateur film making
2361,anus
2361,birthday
2361,black comedy
2363,anti-war
2363,giant monster
2363,nuclear
2363,radiation
2371,memasa's movies
2384,pigs
2391,airplane
2391,money
2396,memasa's movies
2398,National Film Registry
2402,archery
2402,camp
2402,Golden Raspberry (Worst Actor)
2402,Golden Raspberry (Worst Picture)
2402,jungle
2403,bad cop
2403,memories
2403,small town
2403,special forces
2403,war hero
2404,Golden Raspberry (Worst Actor)
2406,1980s
2411,Golden Raspberry (Worst Actor)
2420,Netflix Finland
2427,library
2450,Golden Raspberry (Worst Picture)
2467,monastery
2467,on dvr
2483,priest
2483,To See
2503,Apple
2503,blind
2503,childhood
2503,dysfunctional family
2503,family dynamics
2529,National Film Registry
2530,doomsday
2563,courtesan
2572,Netflix Finland
2585,abroad
2585,airplane
2585,Best romantic movie in years
2585,bluish
2585,childhood
2594,Beautiful Woman
2594,face
2594,mask
2594,my shopping list
2599,library
2609,1900s
2609,20th century
2609,acrobat
2609,adoption
2609,apprenticeship
2612,Beautiful Woman
2612,my shopping list
2612,National Film Registry
2612,on dvr
2612,restaurant
2617,books
2624,Annemari
2624,my shopping list
2629,letters
2639,Golden Raspberry (Worst Actress)
2639,Golden Raspberry (Worst Picture)
2651,baroness
2651,classic horror
2651,curse
2660,National Film Registry
2662,To See
2671,ACTOR'S LIFE
2677,concert
2677,life
2677,life in general
2677,music business
2677,MUSICIAN'S LIFE
2686,antique
2686,auction
2686,audition
2686,centuries
2691,library vhs
2694,Golden Raspberry (Worst Actor)
2700,on dvr
2701,Golden Raspberry (Worst Picture)
2701,library vhs
2707,on dvr
2718,mentally impaired
2727,ballet
2727,boxing
2727,chase
2727,dancing
2731,library
2732,memasa's movies
2745,Netflix Finland
2747,library vhs
2757,1930s
2757,ACTOR'S LIFE
2757,asylum
2757,domineering mother
2757,electric shocks
2775,easily confused with other movie(s) (title)
2775,gay
2810,To See
2827,pregnancy
2843,drugs
2843,Family
2843,forced marriage
2843,gambling
2843,gypsy
2872,To See
2890,Netflix Finland
2905,based on a book
2905,library
2908,female director
2908,library
2912,out from prison
2912,revenge
2912,unusual editing
2917,library
2932,library
2932,National Film Registry
2935,National Film Registry
2936,National Film Registry
2947,gold
2947,on dvr
2950,Golden Raspberry (Worst Actress)
2950,island
2952,To See
2966,Annemari
2966,library vhs
2968,Netflix Finland
2968,To See
2970,dreamer
2970,lavish
2970,memasa's movies
2970,OBSESSIVE QUESTS
2970,personality disorder
2971,Annemari
2972,library vhs
2984,motorcycle
2985,Netflix Finland
3002,memasa's movies
3002,on the battlefield of life itself
3011,on dvr
3019,To See
3020,going postal
3020,Netflix Finland
3022,19th century
3022,acrobat
3022,Best Performance:  Buster Keaton as Johnny Gray
3022,cannon
3022,Civil War
3030,Over the top
3038,National Film Registry
3053,memasa's movies
3077,To See
3083,GLBT
3089,coming of age
3089,cycling
3089,economic depression
3089,father-son relationship
3091,library
3093,library
3095,Annemari
3095,National Film Registry
3097,National Film Registry
3101,Erotic Thriller
3101,memasa's movies
3101,rabbits
3101,stalker
3105,on dvr
3105,To See
3127,library vhs
3132,library
3146,amputee
3146,fish
3146,giant
3146,gigolo
3146,male nudity
3148,library
3148,on dvr
3148,orphanage
3152,National Film Registry
3155,19th century
3155,Annemari
3155,based on a book
3155,based on a true story
3155,box office flop
3157,adoption
3157,cats
3157,cheesy
3158,library
3159,library vhs
3159,updated classics
3165,yakuza
3168,library
3168,motorcycle
3168,National Film Registry
3176,bisexuality
3176,false identity
3176,great cast
3176,male nudity
3198,based on a book
3198,book was better
3198,library
3198,on dvr
3201,National Film Registry
3210,Annemari
3210,National Film Registry
3224,based on a book
3224,desert
3224,haunting
3224,insects
3224,Male Female Relationship
3246,library
3257,Annemari
3257,unsuspenseful
3262,prequel
3268,Golden Raspberry (Worst Actor)
3271,Annemari
3271,Beautiful Woman
3271,library vhs
3275,Boston
3281,Teddy Award
3289,bureaucracy
3289,child labor
3289,childhood
3289,city life
3289,Coca-Cola
3306,acrobat
3306,apes
3306,chase
3306,circus
3306,clowns
3307,National Film Registry
3310,angel
3310,artists
3310,authority
3310,charity
3325,Golden Raspberry (Worst Actress)
3328,1990s
3328,assassin
3328,bad premise
3328,bears
3328,birds
3347,airplane
3347,Annemari
3347,eskimos
3347,male nudity
3347,mouse
3350,National Film Registry
3360,National Film Registry
3363,1960s
3363,arcade
3363,cars
3364,National Film Registry
3365,library
3365,National Film Registry
3374,National Film Registry
3390,Golden Raspberry (Worst Actress)
3391,Golden Raspberry (Worst Actress)
3412,19th century
3412,animals
3412,Animals die :(
3412,based on a book
3412,bears
3418,library
3424,National Film Registry
3430,DEATH OF A SPOUSE
3430,on dvr
3430,vigilante
3438,ninja
3439,ninja
3448,Annemari
3461,library
3461,Savage
3462,anti-authoritarian
3462,assembly line
3462,factory
3467,library
3468,National Film Registry
3469,on dvr
3470,based on a book
3470,friendship
3470,hunters
3470,library
3470,nature
3471,abduction
3471,Annemari
3471,National Film Registry
3475,National Film Registry
3492,National Film Registry
3498,Annemari
3498,library
3498,Turkey
3504,Annemari
3504,cynical
3504,library vhs
3504,National Film Registry
3545,1930s
3545,abortion
3545,based on a play
3545,bisexual
3545,cabaret
3549,Netflix Finland
3550,easily confused with other movie(s) (title)
3555,submarine
3555,water
3559,artists
3559,ballet
3590,motorcycle
3593,Golden Raspberry (Worst Actor)
3593,Golden Raspberry (Worst Picture)
3598,easily confused with other movie(s) (title)
3624,princess
3629,Alaska
3629,amnesia
3629,dance
3629,Funny as hell
3629,hunger
3634,on dvr
3653,National Film Registry
3677,divine vs. profane
3677,divine vs. worldly
3677,my shopping list
3678,Netflix Finland
3679,To See
3682,motorcycle
3683,library
3684,audition
3684,brother-brother relationship
3684,brothers
3684,Christmas
3684,dogs
3698,anti-hero
3698,bad acting
3703,archery
3703,bad acting
3703,boomerang
3703,car chase
3704,airplane
3704,cult of persona
3720,easily confused with other movie(s) (title)
3720,library vhs
3723,Oedipus Complex
3729,National Film Registry
3732,easily confused with other movie(s) (title)
3735,Netflix Finland
3736,cave
3736,journalism
3736,library
3736,my shopping list
3736,news media
3739,National Film Registry
3741,desert
3741,National Film Registry
3741,on dvr
3742,mutiny
3742,Propaganda
3761,drugs
3788,antique
3788,cars
3788,mimes
3788,models
3789,National Film Registry
3824,library vhs
3824,Netflix Finland
3825,To See
3827,memasa's movies
3834,blindfold
3845,To See
3849,based on a book
3849,mute
3849,on dvr
3849,serial killer
3849,stairs
3851,Movielens QuickPick
3851,To See
3855,affecting
3855,anonymity
3855,cafe
3855,chemistry - not the scientific kind
3855,color symbolism
3858,blindfold
3863,library
3871,library
3871,National Film Registry
3925,Cannes: Camera d'Or
3925,National Film Registry
3925,not funny
3925,on dvr
3925,what's the point?
3928,National Film Registry
3929,National Film Registry
3932,chemistry
3932,lust for power
3932,mad scientist
3932,memasa's movies
3932,National Film Registry
3966,National Film Registry
3972,Netflix Finland
3983,absent fathers
3983,accident
3983,infidelity
3983,mother-son relationship
3983,overrated
3985,on dvr
3991,dogs
3992,Beautiful Woman
3992,library
3993,amateur theatre
3993,anti-authoritarian
3993,asylum
3993,cdon
3993,distinctive
3994,accident
3994,car accident
3994,father-son relationship
4007,Netflix Finland
4007,not as good as I expected
4014,Annemari
4014,naive
4014,overrated
4017,Netflix Finland
4019,basketball
4019,books
4019,friendship
4019,WRITER'S LIFE
4019,writing process
4021,Netflix Finland
4033,To See
4061,To See
4091,1980s
4103,library vhs
4125,Golden Raspberry (Worst Actor)
4125,Golden Raspberry (Worst Picture)
4127,easily confused with other movie(s) (title)
4128,1980s
4128,adolescence
4133,on dvr
4160,19th century
4160,captain
4160,colonial power
4160,compassionate
4160,conscience
4161,missing gun
4161,road movie
4174,easily confused with other movie(s) (title)
4174,entrepreneurs
4174,FAMILY GATHERINGS
4174,Fourth of July
4174,immigrant experience
4178,mentally impaired
4203,motorcycle
4223,Netflix Finland
4236,kolmasulottuvuus.fi
4237,To See
4251,Netflix Finland
4255,Golden Raspberry (Worst Actor)
4255,Golden Raspberry (Worst Picture)
4259,library
4278,See: Why We Fight series
4278,Third Reich
4282,library
4289,library
4296,library
4297,library vhs
4298,heist
4298,library
4299,predictable
4313,World War II
4326,library vhs
4327,library
4327,Netflix Finland
4334,memasa's movies
4338,National Film Registry
4361,Annemari
4361,glbt
4361,National Film Registry
4380,brothers
4380,HAUNTED BY THE PAST
4380,heist
4380,intertwined
4380,male nudity
4381,closeted homosexual
4384,To See
4390,To See
4399,library vhs
4403,National Film Registry
4403,remake
4404,based on a play
4404,books
4404,church
4404,classic horror
4404,dark
4406,library
4406,National Film Registry
4419,National Film Registry
4426,National Film Registry
4454,altruism
4454,artist
4454,assembly line
4454,boss
4454,consumerism
4470,black comedy
4470,library
4470,proletariat trilogy
4470,To See
4471,Golden Raspberry (Worst Actress)
4487,Golden Raspberry (Worst Picture)
4508,gorilla
4508,on dvr
4529,cafe
4529,desert
4529,motel
4529,music
4529,not funny
4546,cdon
4546,MISSING PERSONS
4558,brother-brother relationship
4558,brothers
4565,ninja
4623,blindfold
4640,To See
4641,Annemari
4641,friendship
4642,Teddy Award
4642,To See
4643,altering history
4643,anthropomorphic
4643,apes
4643,astronauts
4644,amateur detective
4644,bus
4644,flowers
4644,holiday
4644,library
4658,Down  syndrome
4708,To See
4717,1930s
4717,camp
4717,competition
4717,gangsters
4717,immigrants
4741,1970s
4741,commune
4741,conflicts and differences between 2 people
4741,friendship
4741,gender
4769,evacuees
4769,World War II
4775,Golden Raspberry (Worst Actress)
4777,black and white
4795,World War II
4801,Netflix Finland
4811,1960s
4811,library
4811,motorcycle
4811,rebellion
4831,Golden Raspberry (Worst Picture)
4850,library
4855,library
4855,memasa's movies
4865,1800s
4865,19th century
4865,asylum
4873,constitution of individuality and identity
4873,life
4873,memory
4873,predestination
4873,talky
4880,library vhs
4881,Annemari
4881,library
4881,library vhs
4902,gold
4902,memasa's movies
4902,neither fish nor fowl
4902,orphanage
4920,National Film Registry
4926,blindfold
4947,motorcycle
4967,memasa's movies
5015,memasa's movies
5026,18th century
5026,Beast Of Gévaudan
5026,courtesan
5026,my computer
5026,To See
5028,Annemari
5028,Clock
5028,deceased family member
5028,wrist watch
5051,library
5055,Biography
5055,To See
5060,National Film Registry
5063,library
5064,on dvr
5068,cycling
5068,library
5068,on dvr
5072,superhuman
5072,visually appealing
5073,Characters with great depth
5073,deceased family member
5073,Golden Palm
5073,heartbreaking
5073,loss
5106,Golden Raspberry (Worst Actress)
5114,flashbacks
5114,Hollywood
5114,National Film Registry
5114,on dvr
5121,on dvr
5121,PROSTITUTES
5134,British
5134,guard
5134,on dvr
5134,prison
5134,remake
5135,library vhs
5147,Annemari
5147,old age
5147,road trip
5177,National Film Registry
5224,Netflix Finland
5224,To See
5231,National Film Registry
5238,National Film Registry
5288,"""Duck and cover!"""
5288,animal cruelty
5288,animal research
5288,Animals die :(
5288,archive footage
5291,truth
5294,brothers
5294,Directorial Debut
5294,father-son relationship
5294,sheriff
5296,library vhs
5304,Golden Palm
5304,on dvr
5304,World War II
5311,blindfold
5319,Argentina
5353,blindness
5353,discshop
5353,inspired by a real-life person
5353,To See
5377,Annemari
5377,shy person
5377,single mother
5379,love
5379,Nudity (Topless)
5379,on dvr
5379,self-hatred
5379,skinhead
5382,motorcycle
5388,easily confused with other movie(s) (title)
5389,narrated
5389,native american
5425,library
5446,library vhs
5461,blindfold
5465,on dvr
5477,cdon
5477,island
5477,Julio Medem
5477,male nudity
5477,Mediterranean
5489,memasa's movies
5489,Remake
5489,vampire
5498,my shopping list
5503,conventionalities
5503,families
5503,FAMILIES IN CRISIS
5503,Family
5503,fear of commitment
5504,island
5507,motorcycle
5507,play enough video games and you can become an NSA agent
5507,ridiculous training sequence
5525,blindfold
5525,chefs
5525,control freak
5525,customer service
5525,DOCTORS AND PATIENTS
5612,blindfold
5613,absurd
5613,Agatha Christie-like
5613,closed spaces
5613,dark comedy
5630,blindness
5630,extreme naiveness makes the character of Reba much less believable; she's not a child
5632,1970s
5632,army
5632,IRA
5632,on dvr
5632,riot
5633,easily confused with other movie(s) (title)
5633,library vhs
5675,Golden Raspberry (Worst Actress)
5675,Golden Raspberry (Worst Picture)
5678,skinhead
5747,library
5788,To See
5788,working class
5792,on dvr
5792,sexuality
5792,teenagers
5792,To See
5810,1990s
5810,asshole
5810,Eminem is a VICTIM
5810,mediocre
5818,library
5826,library
5839,library
5840,library
5841,island
5856,1960s
5856,adolescence
5856,attic
5856,autosuggestion
5856,bands
5878,hospital
5881,library vhs
5884,motorcycle
5890,a good comedy about a serious subject
5890,autonomy
5890,better than expected
5890,board game
5890,book-learned
5891,campy
5909,To See
5945,DEATH OF A SPOUSE
5945,widows/widowers
5949,blindfold
5949,To See
5962,Golden Raspberry (Worst Actress)
5963,library
5975,library
5990,Golden Raspberry (Worst Actor)
5991,remake
6001,memasa's movies
6001,on dvr
6003,CIA Agent
6003,double life
6003,moles
6003,on dvr
6021,Netflix Finland
6042,secretary
6057,motorcycle
6070,blindfold
6070,sadomasochistic
6070,To See
6107,evacuees
6107,fascism
6107,from the view of children
6107,World War II
6140,Annemari
6140,murder
6140,Nudity (Topless - Notable)
6140,WRITER'S LIFE
6159,To See
6163,BRIEF ENCOUNTERS
6163,DANGEROUS ATTRACTION
6163,doctor-patient relationship
6163,erotomania
6163,flowers
6170,National Film Registry
6192,To See
6216,library
6218,female athletes
6218,library
6219,memasa's movies
6220,rats
6244,Bombay
6244,brothel
6244,dark side of India
6244,drugs
6244,festivals
6254,Annemari
6254,based on a play
6254,divorce
6254,dogs
6254,husband-wife relationship
6269,child molestor
6269,pedophile
6270,aging
6270,art
6270,childhood
6271,Annemari
6271,car accident
6271,directing
6271,director
6271,movies about movies
6273,great acting
6273,library vhs
6273,National Film Registry
6286,atmospheric
6286,cameos
6286,deadpan
6286,executed with economy of expression
6286,Finland Trilogy
6287,angry
6291,child prostitution
6291,friendship transcending death
6291,Going West
6291,loyalty vs. betrayal
6291,poverty
6299,To See
6301,bar
6301,cdon
6301,destruction
6301,drinking
6322,corruption
6322,on dvr
6322,redhead
6327,To See
6341,library
6344,Christmas
6344,closeted homosexual
6344,lesbian
6344,library
6344,love triangles
6365,memasa's movies
6368,To See
6370,exchange student
6370,library
6378,deceased family member
6378,ensemble cast
6380,To See
6383,cars
6383,crappy sequel
6383,tattoo
6405,island
6412,National Film Registry
6466,Idi Amin
6484,blindfold
6503,motorcycle
6517,easily confused with other movie(s) (title)
6534,aircraft
6534,angry
6534,animal research
6534,desert
6537,artificial human
6537,artificial intelligence
6538,books
6538,desire
6538,diary
6538,drinking
6538,Erotic Thriller
6542,anti-war
6542,multinational settings
6542,See: Merry Christmas (Joyeux Noël)
6552,heart
6552,library
6552,organ
6552,prostitution
6552,To See
6567,1980s
6567,anti-hero
6567,army
6567,black market
6567,DRUG TRADE
6587,Golden Raspberry (Worst Actor)
6587,Golden Raspberry (Worst Actress)
6587,Golden Raspberry (Worst Picture)
6591,1960s
6591,abuse
6591,Catholicism
6591,compulsory adoption
6591,convent
6611,dogs
6611,library
6618,on dvr
6618,To See
6643,Noriko Trilogy
6643,on dvr
6644,To See
6660,library
6662,Netflix Finland
6663,doomsday
6665,on dvr
6665,remake
6665,vampires
6684,library
6734,invisibility
6768,16th century
6768,historically inaccurate
6770,Netflix Finland
6772,library
6772,teacher
6772,teacher as protagonist
6773,cycling
6773,dogs
6773,interesting animation style
6773,no dialogue
6773,train
6780,paralysis
6782,abroad
6782,bands
6782,bar
6782,barber
6782,camp
6783,on dvr
6785,National Film Registry
6785,on dvr
6789,easily confused with other movie(s) (title)
6789,library
6789,Nudity (Topless)
6789,obsession
6789,real-life married couple
6790,easily confused with other movie(s) (title)
6800,motorcycle
6807,british comedy
6836,invisibility
6852,National Film Registry
6856,National Film Registry
6857,library
6857,ninja
6858,hitchhiker
6858,library
6858,low budget
6858,minimal
6881,neighbors
6884,DRUG TRADE
6884,inspired by a real-life person
6884,journalism
6884,legislation
6885,library
6885,tattoo
6909,blindness
6909,ghosts
6909,remade
6920,on dvr
6932,Bollocks
6932,boss
6932,good story & bad directing
6932,hoax
6932,lies
6950,Annemari
6950,blindfold
6954,library
6954,To See
6957,Netflix Finland
6961,adultery
6961,autumnal
6961,breakthroughs
6961,dysfunctional family
6961,England
6963,To See
6967,To See
6967,ventriloquist
6971,1940's
6971,abroad
6971,Christmas
6971,Europe Trilogy
6971,father-daughter relationship
6974,easily confused with other movie(s) (title)
6985,on dvr
6986,National Film Registry
6987,carnival
6987,fiancÃ©e
6987,german expressionism
6987,hypnosis
6987,insane asylum
7000,blindfold
7000,Golden Raspberry (Worst Picture)
7008,AMERICANS ABROAD
7008,apartment
7008,bitter
7008,deceased family member
7022,anomie
7055,National Film Registry
7056,National Film Registry
7059,National Film Registry
7063,Heart of Darkness
7063,Kinski got dubbed
7063,megalomania
7063,memasa's movies
7065,National Film Registry
7065,racism
7070,National Film Registry
7071,National Film Registry
7072,library
7075,National Film Registry
7076,National Film Registry
7080,Annemari
7080,National Film Registry
7090,calligraphy
7091,absurd
7091,football
7091,slapstick
7091,speakeasy
7092,19th century
7092,adultery
7092,aristocracy
7092,army
7092,author:Leo Tolstoy
7107,librarians
7109,library vhs
7116,To See
7118,To See
7121,National Film Registry
7123,library
7124,archive footage
7132,National Film Registry
7134,Europe Trilogy
7139,grieving
7139,IMMIGRANT LIFE
7139,mourning
7139,new beginning
7139,touching
7141,easily confused with other movie(s) (title)
7141,To See
7156,Netflix Finland
7156,To See
7158,American dream
7158,culture clash
7158,immigrants
7158,Iranian
7158,Nudity (Rear)
7160,lesbian
7160,library
7160,memasa's movies
7160,on dvr
7171,Netflix Finland
7175,motorcycle
7177,library
7193,Golden Raspberry (Worst Actor)
7193,Golden Raspberry (Worst Picture)
7206,boss
7206,cars
7206,dogs
7206,factory
7206,house
7209,beach
7209,hotel
7209,no plot
7209,vacation
7218,National Film Registry
7223,National Film Registry
7225,Arnold Schwarzenegger
7225,boring
7225,music
7243,National Film Registry
7248,library
7248,Siam
7256,survival
7256,To See
7260,Teddy Award
7265,library
7282,library
7282,rare
7282,spoof
7299,inauthentic
7299,inspired by a real-life person
7302,National Film Registry
7303,library
7307,easily confused with other movie(s) (title)
7323,1970s
7325,not funny
7325,Remake
7352,library
7367,choir
7367,gospel
7373,automata
7373,clockwork devices
7373,daemons
7373,steampunk
7382,1970s
7382,agonizing
7382,based on a book
7382,childhood
7382,country life
7386,National Film Registry
7396,library
7459,prison
7482,National Film Registry
7482,To See
7486,1990s
7486,abroad
7486,addiction
7486,alone
7486,Argentina
7487,1930s
7487,based on autobiography
7487,BOHEMIAN LIFE
7487,cinematography
7487,cult film
7566,7n Up (series)
7566,To See
7569,gyrocopter
7569,submarine
7584,National Film Registry
7587,library vhs
7614,National Film Registry
7700,library
7713,National Film Registry
7728,Annemari
7728,murder
7745,library
7745,library vhs
7756,Annemari
7766,Toho
7773,To See
7789,9/11
7789,library
7896,National Film Registry
7900,frankenstein
7924,library
7925,16th century
7925,gold
7925,greed
7925,hiding place
7925,library
7926,cdon
7932,To See
7936,Annemari
7936,island
7937,childhood
7937,desire
7937,escapism
7937,Faith Trilogy
7937,hotel
7938,complaints
7938,Faith Trilogy
7938,love
7938,my shopping list
7938,priest
7939,dysfunctional family
7939,Faith Trilogy
7939,god
7939,incestuous
7939,mental illness
7940,goth
7943,easily confused with other movie(s) (title)
7943,National Film Registry
7976,To See
7981,better than the american version
7981,inspirational
8011,archive footage
8014,Atmospheric
8014,atonement
8014,buddhist
8014,calligraphy
8014,cat
8042,National Film Registry
8044,National Film Registry
8117,black comedy
8125,National Film Registry
8125,To See
8126,National Film Registry
8128,Annemari
8128,friendship
8128,library
8128,my shopping list
8128,Nazis
8132,easily confused with other movie(s) (title)
8143,courtesan
8154,Netflix Finland
8157,comic book
8157,Dream Sequence
8157,end of war
8157,girl
8157,library
8189,annoying little girl
8191,library
8197,Hiroshima
8197,interracial romance
8197,library
8197,memasa's movies
8207,library
8235,National Film Registry
8253,To See
8254,blindfold
8254,library
8264,co-dependancy
8264,decay
8264,docventures
8264,estate
8264,mother daughter relationship
8270,hairdresser
8270,library
8275,library vhs
8327,dolls
8327,Filmifriikki
8327,Movielens QuickPick
8327,To See
8338,library
8340,library
8341,Charles Dickens
8341,poverty
8360,library
8360,Netflix Finland
8362,basic values
8362,formulaic
8362,grieving
8362,guardian
8362,mourning
8370,but amazing swordaction
8370,cross dressing
8370,sword fight
8405,Annemari
8405,husband-wife relationship
8405,insomnia
8405,painter
8405,To See
8459,National Film Registry
8459,To See
8464,educational
8482,painting
8482,To See
8491,burn victim
8491,car chase
8491,cars
8491,chase
8491,coverup
8502,remake
8511,library
8511,National Film Registry
8526,inventor
8526,martial arts
8526,remake
8526,Slaughtered the book
8526,statue
8528,blindfold
8530,library
8600,basketball
8600,corruption
8600,gambling
8600,gangster
8600,library
8601,on dvr
8601,short
8607,baby
8607,cross dressing
8607,father daughter relationship
8607,Gay Character
8607,Japanese 'It's a Wonderful Life'
8609,To See
8620,easily confused with other movie(s) (title)
8622,9/11
8645,pregnancy
8656,austere
8656,lawyer
8656,library
8656,multiple storylines
8656,murder
8666,advertising
8666,amusement park
8666,basketball
8670,allegory
8670,based on a book
8670,car chase
8670,DOCTORS AND PATIENTS
8670,german expressionism
8690,World War II
8748,library vhs
8748,rare
8784,actors
8795,library
8798,assassins
8800,To See
8810,memasa's movies
8815,memasa's movies
8833,19th century
8833,aristocracy
8833,Bollywood influence
8833,bourgeois
8873,library
8873,motorcycle
8873,road trip
8910,activism
8910,corporate
8910,existentialism
8910,library
8910,salespeople
8912,taxi driver
8928,Beautiful Woman
8928,campy
8928,madcap
8928,Nudity (Topless - Brief)
8928,on dvr
8937,good soundtrack that doesn't fit in the movie
8937,sports
8949,Annemari
8958,on dvr
8966,interviews
8966,male nudity
8967,dolls
8973,actors
8974,underwater
8985,RZA (composer)
9008,invisibility
25746,To See
25750,amateur detective
25750,Dream Sequence
25750,innovative
25750,movie theatre
25750,National Film Registry
25752,easily confused with other movie(s) (title)
25752,National Film Registry
25753,greed
25753,National Film Registry
25757,easily confused with other movie(s) (title)
25757,National Film Registry
25769,Annemari
25769,classic
25769,library
25769,library vhs
25771,Nudity (Topless)
25771,short
25771,To See
25773,National Film Registry
25788,library vhs
25788,National Film Registry
25797,National Film Registry
25825,easily confused with other movie(s) (title)
25833,courtesan
25850,New Year's Eve
25850,on dvr
25856,my shopping list
25856,National Film Registry
25856,Netflix Finland
25865,letters
25905,National Film Registry
25923,library
25952,letters
25963,library vhs
25963,street children
25996,National Film Registry
25999,motorcycle
26078,Netflix Finland
26082,To See
26084,National Film Registry
26131,library
26131,on dvr
26133,Christmas
26133,library vhs
26150,Biblical
26150,iconography
26150,library vhs
26150,painter
26150,reconciling
26242,cafe
26242,cars
26242,chase
26317,Nudity (Full Frontal - Notable)
26317,Nudity (Topless - Notable)
26317,on dvr
26317,rape
26340,Netflix Finland
26350,library
26350,on dvr
26366,National Film Registry
26471,Netflix Finland
26472,National Film Registry
26524,gay
26524,news media
26524,on dvr
26524,politicians
26524,politics
26585,A Better Tomorrow Trilogy
26585,brothers
26585,counterfeiting
26585,police
26585,Subgenre: Heroic Bloodshed
26587,Ten Commandments
26599,1980s
26599,closeted homosexual
26599,correspondence
26599,Flaming
26599,gay
26606,To See
26612,A Better Tomorrow Trilogy
26680,1950s
26680,cars
26680,hair
26680,Jail
26680,juvenile deliquent
26713,1960s
26713,abroad
26713,adoption
26713,BRIEF ENCOUNTERS
26713,mother-son relationship
26729,Heart of Darkness
26777,library
26791,Golden Raspberry (Worst Actress)
26791,Golden Raspberry (Worst Picture)
26840,Movielens QuickPick
26840,To See
26865,blindfold
26903,antique
27186,curse
27186,library vhs
27186,magic
27186,perseverance
27186,rare
27266,1960s
27266,2000s
27266,androids
27266,father daughter relationship
27266,fear of commitment
27317,audition
27397,memasa's movies
27416,a good comedy about a serious subject
27416,ARRANGED MARRIAGES
27416,forced marriage
27416,friendship
27450,library
27450,rare
27482,cube
27491,To See
27523,To See
27563,animated segments
27563,dark comedy
27563,unconventional
27592,Movielens QuickPick
27592,Revenge Trilogy
27592,To See
27664,motorcycle
27706,child in peril
27706,deceased family member
27706,fire
27706,guardian
27721,based on a book
27721,library
27722,cdon
27722,Movielens QuickPick
27722,on dvr
27728,easily confused with other movie(s) (title)
27731,See: Whisper of the Heart
27731,Studio Ghibli
27731,transition
27741,19th century
27741,cdon
27744,amnesia
27744,baking
27744,chick flick
27744,family drama
27744,husband-wife relationship
27768,actually funny
27768,memasa's movies
27784,library
27784,my addition to ML
27784,phone
27801,Bangkok
27801,chase
27801,drugs
27801,gambling
27801,great stunts
27803,euthanasia
27803,library
27803,Movielens QuickPick
27803,overrated
27803,See: Diving Bell and the Butterfly The (Scaphandre et le papillon)
27820,Animal movie
27820,childhood
27820,colt
27820,desert
27820,family
27834,bluish
27834,brother-brother relationship
27834,childhood
27865,assassin
27865,comic book
27865,Dark hero
27865,female warriors
27865,ninja
27866,library
27866,on dvr
27869,brother-brother relationship
27869,Filmifriikki
27869,on dvr
27869,To See
27873,library
27878,Netflix Finland
27878,photographer
27899,library
30812,Annemari
30812,aviation
30812,slow
30812,wasted potential
30848,deceased family member
30848,on dvr
30850,memasa's movies
30850,Nudity (Topless - Notable)
30850,Shakespeare
30850,women disguised as men
31116,National Film Registry
31364,To See
31410,anti-Semitism
31410,Biography
31410,civilians at war
31435,cdon
31435,cerebral palsy
31435,disability
31435,To See
31437,Annemari
31437,based on a true story
31617,on dvr
31660,big budget
31660,memasa's movies
31660,pulp
31660,steampunk
31660,Swing and a Miss
31878,To See
31952,easily confused with other movie(s) (title)
31952,murder
31952,narcolepsy
31952,on dvr
31952,rivalry
32179,library
32213,cube
32582,parrots
32596,amature
32600,art house
32600,courtesan
32600,episodic
32600,To See
32632,motorcycle
32657,short
32743,prequel
32770,brothers
32770,family dynamics
32770,on dvr
32770,prisoners
32875,directorial debut
32892,library
32892,library vhs
32898,aliens
32898,anthropomorphic
32898,spaceships
33124,library
33138,abortion
33138,Christianity
33138,independent film
33138,indie
33138,pedophile
33166,confrontational
33166,cultural conflict
33310,my addition to ML
33437,blindness
33437,dark comedy
33437,father figure
33437,fight club
33564,divorce
33649,lesbians hiding their identities
33649,saving face
33649,To See
33660,1930s
33660,Biography
33669,library
33677,library
33725,cameos
33725,deafness
33725,disability
33725,disc jockey (scene)
33725,hearing impairment
33834,library
33896,cannibalism
33896,don't eat while watching
33896,malevolence
33896,not for the squeamish
33896,uneven
33966,Golden Raspberry (Worst Actor)
34148,Netflix Finland
34153,accident
34153,car accident
34153,disability
34153,discshop
34153,friendship
34162,false identity
34162,funeral
34162,Gay Character
34162,Nudity (Rear)
34164,To See
34530,Golden Raspberry (Worst Actor)
34542,library
34800,barber
34800,diamonds
34800,hotel
34800,male nudity
34800,Nudity (Topless - Notable)
36276,art house
36276,french suspense
36276,memasa's movies
36276,overrated
36276,talky
36397,birds
36397,pigeons
36397,plot goes down like a lead balloon - or a pigeon
36527,cliche
36527,control freak
36527,deceased family member
36527,father daughter relationship
36527,flashbacks
36535,my computer
36535,To See
37240,9/11
37240,To See
37382,Amelie-esque color scheme
37382,fast-cut
37382,foggy
37382,inspired by a real-life person
37382,saturated
37545,austere
37545,based on a book
37545,brutality
37545,DOCTORS AND PATIENTS
37545,dubious medical experiments
37720,1970s
37720,better than expected
37720,courtroom drama
37720,Exorcism
37729,animated Opera
37733,library
37853,memasa's movies
37853,To See
37857,library
38038,Wallace and Gromit
38159,library vhs
38159,loneliness
38159,neighbors
38159,nocturnal
38198,fishing
39234,female director
39234,labor unions
39234,miners
39234,misogyny
39234,on dvr
39292,black and white
39292,CBS
39292,censorship
39292,Communist witch hunt
39292,history
39381,Annemari
39381,brother-brother relationship
39381,captain
39381,husband-wife relationship
39446,on dvr
39869,cards
39869,disappointing
39869,library
39869,male nudity
39869,on dvr
40278,memasa's movies
40412,To See
40414,1910s
40414,humane
40414,library
40414,multinational settings
40491,my addition to ML
40491,proletariat trilogy
40583,not as good as I expected
40583,political thriller
40597,cancer
40597,memasa's movies
40597,road trip
40617,dark
40617,deformity
40617,easily confused with other movie(s) (title)
40617,homeless
40617,my addition to ML
40723,loosely based on true events
40723,scary as hell
40723,trust no one
40723,vomit-inducing
40819,memasa's movies
41527,friendship
41527,Golden Globe winner
41571,Annemari
41571,courtesan
41571,library
41769,Annemari
41769,To See
41863,To See
42018,To See
42632,child murder
42632,disturbing
42632,memasa's movies
42632,Revenge Trilogy
42638,my computer
42718,on computer
42728,based on a book
42728,library
43376,anti-war
43376,based on a true story
43376,interrogation
43376,memasa's movies
43376,Reference to Aktion T4
43396,1960s
43396,abroad
43396,based on a true story
43396,desert
43396,motorcycle
43419,19th century
43419,bank robbery
43419,Beautiful Woman
43419,CLASS DIFFERENCES
43419,father daughter relationship
43460,library
43836,no words can describe how bad this movie is
43836,not funny; bad remake
43836,remake
43836,xenophobic
43921,missing gun
44301,abuse
44301,bar
44301,drab
44301,drinking
44301,FEMMES FATALES
44633,1980s
44633,1990s
44759,Erotic Thriller
44759,Golden Raspberry (Worst Actress)
44759,Golden Raspberry (Worst Picture)
44777,alien abduction
44777,alien contact
44777,aliens
44777,British
44777,crop circles
44788,religious bigotry
44788,To See
44849,To See
44929,Netflix Finland
44937,1000th rating
44937,adoption
44937,baby
44937,belgium
44937,black market
44974,To See
45183,To See
45210,easily confused with other movie(s) (title)
45442,3 stars for special effects
45447,bullshit history
45447,museum
45517,cars
45517,CGI doesn't help an average movie!
45635,beautiful woman
45635,censorship
45635,female director
45666,monastery
45732,Not Even Uma Could Save This Dizaster! Wanda Yikes!
45928,To See
45950,earth
45950,important
46322,blindness
46322,calligraphy
46322,easily confused with other movie(s) (title)
46335,cars
46559,docudrama
46559,falsely accused
46559,George Bush
46559,interrogation
46559,library
46723,library
46723,Nudity (Full Frontal - Notable)
46865,Golden Raspberry (Worst Actor)
46948,anthropomorphic
46948,basketball
46970,blindfold
46970,cars
46974,courage
46974,World Trade Center
47202,assembly line
47202,burn victim
47202,cellphone scene
47202,deafness
47202,factory
47423,Netflix Finland
47423,Oscar Nom 2007
47423,Oscar Nominee
47423,Oscar Nominee: Lead Actor
47629,car accident
47629,deceased family member
47629,flowers
47629,funereal
47629,good acting
47894,brothers
47970,remake
48304,disappointing
48326,remake
48598,blindfold
48696,child molestor
48696,Nudity (Topless - Notable)
48696,swimming pool
48696,To See
48698,female director
48698,Netflix Finland
48698,priest
48698,To See
48783,flag
48783,World War II
48883,To See
49265,History
49530,1990s
49530,Africa
49530,atrocity
49530,child soldiers
49530,Civil War
49649,cliche
49649,coming of age
49649,destiny
49651,boxing
49651,father-son relationship
49651,restaurant
49822,World War II
50003,B-movie
50003,competition
50003,dumb but funny
50003,geek
50003,geeks
50005,calligraphy
50005,library
50005,Netflix Finland
50068,letters
50068,library
50068,on dvr
50514,To See
50658,7n Up (series)
50658,To See
50798,faun
50806,Golden Raspberry (Worst Actor)
50842,actors
50842,Annemari
50842,boss
50842,dry humor
50842,lawyers
50851,Netflix Finland
51091,on dvr
51314,library
51575,motorcycle
51694,To See
51705,library
51709,child in peril
51709,Netflix Finland
51709,To See
51884,library
51931,9/11
51939,ninja
52042,Beautiful Woman
52042,end of war
52042,espionage
52042,false identity
52241,mentally impaired
52241,Netflix Finland
52281,exploitation
52281,genre spoof
52281,machine gun leg
52579,Annemari
52579,To See
52668,To See
52967,Alzheimer's disease
52967,Annemari
52967,memory
52967,memory loss
52967,nurse
53024,EXPERIMENTS GONE AWRY
53024,To See
53121,library
53123,Annemari
53123,immigrants
53123,memasa's movies
53129,on dvr
53129,To See
53322,library
53550,To See
53883,To See
53894,library
53953,claustrophobic
53953,hotel
53956,accident
53996,Netflix Finland
54116,male-female relationship
54190,To See
54272,pollution
54274,Golden Raspberry (Worst Actress)
54274,Golden Raspberry (Worst Picture)
54276,blindfold
54276,remake
54372,library
54372,Netflix Finland
54686,child in peril
54686,coming of age
54686,even worse than Eragon
54686,female warriors
54686,good versus evil
54780,To See
54796,library
54881,1980s
54881,2000s
54881,arcade
54881,competition
54881,donkey kong
54995,amputee
54995,barbecue
54995,biochemical weapons
54995,crude humor
54995,explosions
54997,Annemari
54997,father-son relationship
54997,library
54999,To See
55067,1970s
55067,better than the american version
55067,cool design
55067,epilepsy
55067,Exorcism
55069,1980s
55069,To See
55071,To See
55094,Netflix Finland
55094,To See
55118,baby
55167,Annemari
55205,interviews
55245,curse
55253,library
55253,Netflix Finland
55253,To See
55272,nightclub
55276,chemical
55276,company
55276,To See
55363,on dvr
55363,To See
55442,1980s
55442,1990s
55442,abroad
55442,airport
55444,easily confused with other movie(s) (title)
55444,Movielens QuickPick
55444,MUSICIAN'S LIFE
55444,Netflix Finland
55451,Annemari
55553,activism
55553,activist
55555,library
55721,Golden Bear (Best Film)
55721,Netflix Finland
55765,1960s
55765,1970s
55765,based on a true story
55765,corruption
55805,To See
55814,great cinematography
55814,hospital
55814,inaccurate
55814,locked-in syndrome
55814,memasa's movies
55830,Netflix Finland
56003,To See
56060,hotel
56060,on dvr
56060,waiter
56152,library
56156,PROSTITUTES
56156,tattoo
56286,androgyny
56339,childhood
56389,library
56607,Annemari
56607,library
56715,afterlife
56715,suicide
56715,To See
56788,on dvr
56788,To See
57274,firefighters
57274,isolation
57274,on dvr
57274,police
57274,reporter
57640,To See
57910,castration
57910,To See
58078,To See
58103,To See
58191,afghanistan
58191,kolmasulottuvuus.fi
58191,legislation
58191,on dvr
58191,To See
58287,easily confused with other movie(s) (title)
58301,Annemari
58301,breaking the fourth wall
58301,cabin
58301,dogs
58301,egg
58303,concentration camp
58306,on dvr
58351,Netflix Finland
58351,To See
58376,Netflix Finland
58425,library
58879,Annemari
58879,concert
58879,interviews
58879,library
58879,the rolling stones
58972,island
59018,To See
59103,library
59103,To See
59141,1980s
59141,bullying
59141,childhood
59141,exchange student
59141,friendship
59336,To See
59725,predictable
59731,archive footage
59731,Arnold Schwarzenegger
59731,Pro Wrestling
59731,sports
59731,To See
59985,library
59995,To See
60333,antarctica
60333,To See
60363,B-movie
60363,campy
60363,gore
60363,Nudity (Rear)
60363,Nudity (Topless - Notable)
60487,halloween
60487,library
60522,rare
60522,To See
60766,archive footage
60766,on dvr
60766,partially black and white
60766,wire walker
60766,World Trade Center
60943,my computer
60943,Netflix Finland
61026,memasa's movies
61026,Netflix Finland
61132,ACTOR'S LIFE
61236,animation
61236,Biography
61236,dissociation
61236,my shopping list
61236,on dvr
61240,1980s
61240,based on a book
61240,library
61240,school
61323,on dvr
61729,dentist
61729,To See
62250,memasa's movies
62250,Netflix Finland
62376,family
62376,steampunk
62376,stylistic
62394,based on a computer game
62394,computer game
62394,memasa's movies
62394,To See
62394,video game adaptation
62644,Netflix Finland
62662,library
62662,Netflix Finland
62849,good soundtrack
62849,painting
62849,To See
63515,monastery
63515,monks
63808,Netflix Finland
63853,aboregines
63853,Australia
63853,horses
63859,cats and dogs
63859,comic sidekick
64034,Annemari
64034,concentration camp
64034,family crisis
64034,from the view of children
64197,easily confused with other movie(s) (title)
64197,To See
64285,Aardman
64285,bakery
64285,baking
64285,dogs
64285,love
64499,To See
64501,Annemari
64501,To See
64620,president
64622,library
64622,Netflix Finland
64622,postwar
64622,To See
64969,easily confused with other movie(s) (title)
64969,motorcycle
64983,amputee
64983,conspiracy
64983,coup
64983,eye patch
64983,no happy ending
65130,Annemari
65514,Netflix Finland
65514,To See
66785,Annemari
66934,death ray
66934,overrated
67508,based on a book
67508,Germany
67508,library
67508,Nudity (Full Frontal - Brief)
67508,Nudity (Topless - Notable)
67799,To See
68073,To See
68347,Netflix Finland
68522,easily confused with other movie(s) (title)
68932,To See
69140,easily confused with other movie(s) (title)
69394,library
69394,sister sister relationship
69394,village
69784,fame
70293,on dvr
70451,occupation
70451,on dvr
70451,resistance movement
70728,Netflix Finland
70862,electric guitar
70862,Netflix Finland
71108,memasa's movies
71264,father-son relationship
71462,Animals die :(
71484,Adult Animation
71484,animation
71484,Annemari
71484,dreary
71484,dystopia
71619,Annemari
71640,kolmasulottuvuus.fi
71640,Netflix Finland
72011,Netflix Finland
72356,memasa's movies
72395,Netflix Finland
72605,easily confused with other movie(s) (title)
72605,remake
72720,memasa's movies
72720,on dvr
72720,professor
72737,african american
72737,Annemari
72737,black magic
72737,Firefly
73023,alcoholism
73023,Annemari
73323,burn victim
73323,courtroom
73323,DOCTORS AND PATIENTS
73323,hospital
73323,lawyers
73808,ex-cop
73808,Netflix Finland
73808,pimps
74510,burn victim
74510,cunnilingus
74510,father daughter relationship
74510,heroine
74510,human trafficking
74545,Netflix Finland
74750,Annemari
74750,To See
76173,weapons industry
76738,male nudity
76738,my shopping list
76738,sauna
76738,To See
77455,consumerism
77455,dolls
77455,immigrants
77455,interviews
78316,Annemari
78499,Annemari
78499,dolls
78499,escape
78574,Annemari
78574,MISSING PERSONS
78574,siblings
79057,memasa's movies
80454,based on a true story
80454,lobotomy
80454,mental hospital
80454,mental illness
80454,Nudity (Topless)
80489,Annemari
80551,Annemari
80586,egg
80586,neighbors
80586,Netflix Finland
80586,teen
80590,Annemari
80831,Netflix Finland
80969,Annemari
81257,Annemari
81257,bombs
81257,deceased family member
81257,DOCTORS AND PATIENTS
81257,friendship
81562,Annemari
81562,hallucination
81562,split screen
81791,on dvr
81819,memasa's movies
81847,hair
81847,Netflix Finland
82242,all-male cast
82242,based on short films Rare Exports Inc. and Rare Exports: The Official Safety Instructions
82242,Christmas
82242,filmed in Norway
82242,Finnish
82378,based on a true story
82527,Annemari
82527,death
82527,Jewish
82527,wedding
82667,Netflix Finland
82767,Netflix Finland
83086,Annemari
83134,accident
83369,Annemari
83803,memasa's movies
83803,Pixar
83803,tolerance
84392,Netflix Finland
85774,death
85885,bathroom
85885,Beautiful Woman
85885,hotel
85885,Nudity (Full Frontal - Notable)
85885,Nudity (Rear)
86279,catastrophe
86279,Educational
86279,electricity
86279,energy
86279,enlightening
86298,birds
86298,endangered species
86298,parrots
86548,Annemari
86548,trains
87194,my computer
87222,Annemari
87222,Dream Sequence
87222,memory
87222,my computer
87222,wolves
88163,babysitting
88163,Netflix Finland
88267,Annemari
88267,balloon
88267,book
88267,hand-drawn
88267,honey
89343,Annemari
89492,baseball
89492,memasa's movies
89492,To See
89864,ruutu.fi
89904,ACTOR'S LIFE
89904,dogs
89904,memasa's movies
89904,Netflix Finland
89904,To See
90374,Annemari
90531,Netflix Finland
90746,action right from the start to the very end
90746,alcoholism
90746,captain
90746,dogs
91077,deceased family member
91077,wistful
91488,flying
91488,imagination
91488,snowman
91628,New Year's Eve
92243,memasa's movies
92243,Netflix Finland
93805,bad execution
93805,dark side
93805,Julia Dietze
93805,moon
93840,cabin
93840,ruutu.fi
95311,memasa's movies
95311,rabbits
95311,stage magic
96150,rich
96488,docventures
96488,memasa's movies
96811,video camera
97024,accident
97024,amputee
97024,disability
97024,father-son relationship
97024,fight club
97172,EXPERIMENTS GONE AWRY
97172,homage
97172,Netflix Finland
97172,science
97921,Beautiful Woman
98122,Netflix Finland
98809,dwarf
99728,Netflix Finland
100556,docventures
101525,bank robbery
101525,corrupt cops
101525,memasa's movies
102194,deliberate
104272,captivity
104913,rivalry
105844,history
106489,dragon
56715,black comedy
56715,cult film
100714,honest
108727,nudity
4369,racing
6502,horror
47200,Jason Statham
73929,angels
89840,Jason Statham
158,Christina Ricci
158,ghosts
594,fairy tale
594,fairy-tale
907,Astaire and Rogers
907,Eric Blore
916,Audrey Hepburn
916,Gregory Peck
917,Shirley Temple
935,CinemaScope
936,Greta Garbo
936,paris
945,Astaire and Rogers
1295,Daniel Day-Lewis
1295,Juliette Binoche
1307,chick flick
1307,girlie movie
1344,better than the remake
1344,Gregory Peck
1940,Gregory Peck
2010,German expressionism
2185,Alfred Hitchcock
2204,Alfred Hitchcock
2863,1960s
2863,british comedy
3083,Almodovar
3083,Pedro AlmodÃ³var
3083,PenÃ©lope Cruz
3088,James Stewart
3088,Jimmy Stewart
3307,blindness
3307,Chaplin
3330,Natalie Wood
3364,atmospheric
3451,1960s
3451,Spencer Tracy
3546,Bette Davis
3606,CinemaScope
3606,Vera-Ellen
3668,Olivia Hussey
4356,Marilyn Monroe
4920,Bette Davis
5105,atmospheric
5105,Donald Sutherland
5602,British
5602,dark comedy
5878,Almodovar
5878,Leonor Watling
5878,pedro almodovar
5975,Audrey Hepburn
6063,Angela Bettis
6063,disturbing
6063,loneliness
6063,odd
6237,James Stewart
6461,Audrey Hepburn
6502,England
6502,horror
6502,low budget
6516,Ingrid Bergman
6639,1960s
6639,Alan Arkin
6639,Audrey Hepburn
7049,Astaire and Rogers
7050,Astaire and Rogers
7053,Astaire and Rogers
7053,Fred Astaire
7053,Irene Dunne
7055,Astaire and Rogers
7702,Ingrid Bergman
8518,Greta Garbo
8571,Natalie Wood
8571,Paul Mazursky
8712,Irene Dunne
8938,mental illness
8938,psychology
25865,Bette Davis
26133,Christmas
26133,short
26587,dark
26587,thought-provoking
26587,understated
33683,CÃ©cile De France
33683,ending
33683,plot twist
33683,psycho
34359,1960s
34359,James Mason
34359,Lynn Redgrave
44974,claustrophobic
44974,controversial
44974,disturbing
48082,bittersweet
48082,dreams
48082,Gael GarcÃƒÂ­a Bernal
48082,Michel Gondry
48082,psychology
52435,Christmas
52435,Dr. Seuss
52435,narrated
60487,halloween
60803,Christmas
60803,stop motion
441,1970s
441,drugs
3255,baseball
3255,feminism
3255,Geena Davis
3255,madonna
3255,nostalgic
3916,american football
5247,Burt Reynolds
5247,road movie
5247,Sally Field
5247,trucking
6959,time travel
33836,Steve Carell
33836,Will Ferrell
72407,kristen stewart
99007,comedic horror
99007,funny
99007,post-apocalyptic
99007,unconventional
99007,zombies
107069,american
107069,Celebrates militarism
107069,commando mission
107069,gunfight
107069,military
113378,dystopian future
127096,time travel
135518,billionaire
135518,flashbacks
135518,immortality
135518,mind transfer
135518,New Orleans
160271,Funny
160271,Kevin Hart
160954,soundtrack
162082,zombie apocalypse
162082,zombies
163985,dystopian
163985,Sci-fi
164367,based on novel or book
164367,children
164367,Different
164367,drama
165635,Dystopian
165635,Stupid ending
167570,Netflix
167570,not a movie
170817,Amy Schumer
173291,aliens
173291,bad acting
173291,bad dialogue
173291,based on a graphic novel
173291,futuristic
180231,will ferrell
182823,buddy cop
182823,fantasy
1726,Kevin Costner
1726,Post apocalyptic
2387,dark comedy
2387,dark humor
5088,irreverent
9010,cruel characters
42632,brutality
62434,Seth Rogen
62434,Sexual Humor
100083,embarassing scenes
100083,offensive
156371,80's
158872,Crude humor
158872,mindfuck
158872,sarcasm
5528,Voyeur
140525,FBI
140525,twist ending
3269,Can't remember
3968,original is better
4544,crappy sequel
5478,mocking it's own genre
5679,the japanese is better
6880,unnecessary remake
1131,emotional
1131,tragedy
139747,love
131739,DC
142074,Keanu Reeves
71838,strategic thinking
44,set design
4850,over expositive
5299,second half was better!
5523,design
6058,slapstick
6966,funny
8369,corny
8369,corny to the max
8369,just terrible
8369,one-liners
8369,only three characters with any stand-out qualities or background story
8810,inconsistent with itself
31685,cute
53000,brainless splatter
61350,sequel hook
104,sports
2427,atmospheric
2427,cinematography
2427,lyrical
2427,meditative
2932,atmospheric
2932,cinematography
3365,western
3521,Atmospheric
3521,quirky
4232,silly
4641,bittersweet
4641,quirky
4713,psychedelic
5881,cinematography
5881,existentialism
5881,hallucination
33681,tongue-in-cheek
42418,17th century
42418,atmospheric
42418,contemplative
42418,meditative
53996,80s nostalgia
57502,psychedelic
57502,surreal
71745,Coming of age
71745,dreamlike
71745,fantasy world
71745,imagination
71745,stylized
81791,loneliness
86898,abstract
86898,surreal
86898,thought-provoking
95088,feel good
95088,touching
99764,moving
99764,philosopical
99764,surreal
100556,documentary
100556,Indonesia
104944,feel-good
104944,touching
110882,dialogue driven
110882,realtime
110882,strong performance
110882,unique
114074,heartfelt
131724,homicide investigation
224,fantasy
224,Johnny Depp
56788,politics
58156,Will Ferrell
61323,satire
63113,bond
10,007
10,james bond
165,action
165,Bruce Willis
208,sci-fi
367,comic book
367,funny
500,cross dressing
500,Robin Williams
1562,Action
1573,John Travolta
1573,Nicolas Cage
1918,action
1918,comedy
2000,action
2000,classic
2001,action
2001,Mel Gibson
2404,action
2411,action
2641,superhero
2948,007
2949,007
2985,cyborgs
2985,sci-fi
2991,007
3697,action
3785,stupid
4023,life
4152,chefs
4246,girlie movie
4388,comedy
5218,animated
5528,photography
5872,007
6888,stupid
6902,nice and kind
7573,007
7756,History
8810,action
8810,Alien
8977,History
26152,super-hero
40148,guy ritchie
44022,Comedy
45447,bullshit history
8772,John le Carre
73881,friendship
89281,best worst movie
89281,so bad it's good
66934,musical
519,franchise
1248,black and white
1287,christianity
1302,father-son relationship
1396,ensemble cast
1589,ensemble cast
1945,black and white
2024,christianity
2944,ensemble cast
3273,franchise
3440,franchise
3468,black and white
3683,dark
53121,franchise
63113,franchise
8972,treasure hunt
56775,treasure hunt
85131,war
3094,gay
1586,Nudity (Rear)
303,revenge
303,western
471,Coen Brothers
471,quirky
2093,creepy
2093,dark fantasy
2140,dark
2140,dark fantasy
2140,fantasy
2140,Jim Henson
2143,dark fantasy
7045,author:Roald Dahl
7045,Roald Dahl
86898,abstract
86898,beautifully filmed
135861,Seth MacFarlane
4874,alien
87194,friendship
87194,loss
87194,pilgrimage
34532,better than expected
39231,good but not as good as garden state
39449,suprisingly funny
45666,better than expected
2087,annoying sound effects
148775,gimmicks trump urgency
37857,allegory
37857,circus
37857,coping with loss
1264,arthouse
5796,james bond
3246,malcom x
3210,Nudity (Full Frontal - Notable)
3210,seen more than once
45501,Jennifer Aniston
45501,Nudity (Topless - Brief)
45501,relationships
45501,Vince Vaughn
87485,Cameron Diaz
87485,Nudity (Topless - Notable)
1573,John Travolta
27523,korean
3105,memory loss
3105,Robert De Niro
377,action
377,action packed
377,exciting
377,Keanu Reeves
1644,suspense
2080,animation
2391,great acting
3624,Jackie Chan
3624,Western Comedy
4992,Hugh Jackman
4992,time travel
5109,adventure
5109,animation
5109,Peter Pan
5109,pirates
5109,sequel
5265,dark comedy
5265,Edward Norton
5265,Robin Williams
5882,sci-fi
7324,1890s
7324,adventure
7324,desert
7324,Disney
7324,Joe Johnston
47950,1950s
47950,anticlimactic
47950,conspiracy
47950,Hollywood
47950,Long 
51694,coming of age
55292,funny
55292,raunchy
55292,satirical
60514,3d
60514,predictable
65130,1950s
65130,disillusionment
65130,satisfaction in life
101283,Alan Arkin
101283,dark humor
101283,Las Vegas
101283,Steve Buscemi
103141,colorful
106487,action
106487,dystopia
106487,dystopic future
106491,fantasy
106491,samurai
116823,dragging
116823,dystopia
162082,thriller
169984,aliens
185585,sci-fi
628,drama
1047,thriller
1302,drama
1327,possession
1690,sci-fi
1951,musical
2297,heaven
2297,philosophy
2359,irish comedy
4246,Romance
5957,Sandra Bullock
7376,revenge
33085,possession
6373,jennifer aniston
6373,Jim Carrey
6373,religion
6373,Steve Carell
60126,espionage
78574,Jennifer Lawrence
91653,Family
91653,feel-good
91653,Matt Damon
91653,Scarlett Johansson
108190,bad writing
108190,female protagonist
108190,Shailene Woodley
115617,Animation
127098,comedy
127098,Louis C.K.
127098,stand-up comedy
131013,comedy
134368,comedy
134368,espionage
149354,amy poehler
149354,Tina Fey
149354,uneven
1711,Kevin Spacey
4740,british
4740,hugh laurie
34164,dark comedy
41716,Brosnan
43904,just-plain-bad
51575,John Travolta
51575,Martin Lawrence
51575,roadtrip
52245,ice skating
52245,Jon Heder
52245,Will Ferrell
52375,based on a true story
52375,richard gere
55250,"Dwayne ""The Rock"" Johnson"
55250,football
1488,"""It's not an American story"
1488,"its an Irish one."""
106100,Matthew McConaughey
71518,Ellen Page
74530,Chris Columbus
53447,Gus Van Sant
53447,skateboarding
3250,mountain climbing
3250,south america
3250,survival
83369,adventure
83369,prison escape
83369,siberia
83369,survival
175,Nudity (Full Frontal)
204,Steven Seagal
247,friendship
247,lesbian
327,based on a comic
327,Post apocalyptic
327,post-apocalyptic
327,punk
724,teen movie
1320,aliens
1320,franchise
1385,Nudity (Topless - Notable)
1385,Steven Seagal
1590,boring
1590,cheesey
1690,alien series
1690,aliens
1754,demon
1754,neo-noir
1754,possession
1754,unreliable narrators
2167,Marvel
2275,cult film
2275,desert
2275,post-apocalyptic
2275,rock and roll
2599,lesbian
2599,MTV
2808,super soldier
2810,celebrity
2810,distorted reality
2810,hallucination
2810,madness
3272,corruption
3272,drug addiction
3272,drugs
3300,atmospheric
3555,submarine
3555,U-boat
3786,bisexual erasure
3786,campy
3786,cute
3786,happy ending
4203,bikers
4203,Don Johnson
4203,Mickey Rourke
4389,cliche
4389,erotic
4389,lesbian
4389,lesbians hiding their identities
4389,Nudity (Topless - Notable)
5069,The Series Was Better
5146,atmospheric
5146,post-apocolypic
5146,sequel better than original
5146,vampire
5146,Yoshiaki Kawajiri
5219,Michelle Rodriguez
5463,dystopia
5463,Post apocalyptic
5463,post-apocalyptic
5463,skydiving
5479,based on a true story
5479,history
5479,nuclear
5479,submarine
5479,U-boat
6213,Bruce Willis
6242,atmospheric
6264,bad science
6264,stupid plot
6264,unrealistic
6754,heroine in tight suit
6754,Kate Beckinsale
6774,atmospheric
6774,body horror
6774,creepy
6774,hallucinations
6774,mindfuck
6790,alternate reality
6790,atmospheric
6790,cyberpunk
6790,dystopia
6857,Yoshiaki Kawajiri
6969,black and white
6969,cinematography
6969,post-apocalyptic
6969,savagery
6969,survival
7063,amazon
7118,ambitious
7118,anti-war
7118,dieselpunk
7118,engineering
7123,author:william s. burroughs
7123,cronenberg
7123,David Cronenberg
7123,dreamlike
7982,atmospheric
7982,claustrophobic
7982,creepy
7982,psychology
8118,Chuck Norris
8370,blindness
8370,but amazing swordaction
8371,Alpha male
8371,bounty hunter(s)
8371,Riddick
8371,sequel
8371,Vin Diesel
8861,Post apocalyptic
8917,bizarre
8917,Gross-out
8917,irreverent
8917,marionettes
8917,political
26258,atmospheric
26258,existentialism
26258,hallucinatory
26258,mindfuck
26258,passionate
26840,Takeshi Kitano
26840,yakuza
26947,ambiguous ending
26947,drugs
26947,Nicolas Winding Refn
26947,open ending
26985,cyberpunk
26985,cyberspace
26985,dystopia
27317,disturbing
30745,surrealism
31364,atmospheric
31364,korean
31696,adapted from:comic
31696,Christianity
37380,POV
37386,A bit stupid
37386,adapted from:cartoon
37386,cartoon
37495,multiple storylines
37495,surrealism
37495,weird
37727,airplane
37727,conspiracy
37727,paranoia
37727,Sean Bean lives
37727,suspenseful
38095,revenge
39427,amazing cinematography
39427,dreamlike
39427,near-death experience
39427,psychological
39427,twist ending
42738,dark fantasy
42738,female lead
42738,gothic
42738,Kate Beckinsale
47404,meeting god
47404,mind over matter
47404,quirky
47404,strong will
47404,surreal
48872,black and white
48872,russian roulette
53972,kungfu hackers
57502,abstract
57502,art house
57502,dreamlike
58376,30% truth 70% story
58376,Biased
58376,Conspiracy Theory
60760,Amanda Peet
60760,David Duchovny
60760,Gillian Anderson
62849,Guy Ritchie
62849,twist ending
65682,Kate Beckinsale
65682,prequel
68791,bad acting
68791,bad script
68791,franchise
68791,plot holes
68791,weak dialoges
71518,predictable
73211,character driven
73808,brutality
73808,pimps
77709,atmospheric
77709,aviation
77709,dieselpunk
77709,dogfights
77709,dreamlike
78349,claustrophobic
78349,cliche characters
78349,cliche dialogue
78349,interrogation
82667,crazy
82667,gore
82667,Ji-woon Kim
82667,Min-sik Choi
84952,revenge
84952,vengeance
85179,anime cliches
85179,hacking
85412,atheism
85412,hunting
85412,mockumentary
86892,child labor
86892,cinematography
86892,cute kid
86892,kidnapping
86892,Nudity (corpse)
87520,audience intelligence underestimated
87520,childish
87520,childish plot
87660,business
87660,Global Economic Crisis
87660,politics
89047,Childish
89047,metal soundtrack
89047,Natalie Portman
89804,politics
89804,Ryan Gosling
90439,Wall Street
91974,Charles Dance
91974,heroine in tight suit
91974,Kate Beckinsale
93855,child killing
93855,controversial
93855,dark comedy
93855,grotesque
93855,hypocrisy
98154,biography
98154,patriotic
98491,black and white
98491,heterosexuality
98491,romance
99437,mind altering drugs
99437,misleading title
99437,nonlinear
99437,surreal
99764,doom
99764,fate
103685,art house
103685,black and white
103685,hallucinatory
103685,mushrooms
103685,psychedelic
105593,corruption
105593,Disturbing
105593,drugs
105593,hallucinations
105593,nudity (topless)
107723,Highlander
107723,immortality
107723,revenge
107723,sword fight
107723,Yoshiaki Kawajiri
110730,anti-scientific
110730,bad acting
114180,boring
114180,kids
114180,plot holes
114180,weak plot
114554,studio ghibli
117444,brother sister relationship
118900,hiking
118900,nature
120799,Emilia Clarke
132362,Mamoru Oshii
141718,comedy
141718,gore
141718,metal
141718,metal band
141718,metalheads
155288,collateral damage
155288,drone
155288,good against evil
155288,military
157200,stock market
161131,cynical
161131,war
162606,autism
162968,light novel
166558,Charles Dance
166558,heroine in tight suit
166558,Kate Beckinsale
176601,Not the TV Show
569,baseball
62434,Pittsburgh
74532,Bruce Willis
74532,Kevin Smith
74532,Seann William Scott
74532,Tracy Morgan
74946,pittsburgh
111443,colors
111443,food
111443,happy ending
784,misunderstood
784,underrated
2717,underrated
57532,Films that made me mad
2579,Criterion
2579,neo-noir
4103,based on a book
4103,China
4103,Steven Spielberg
4103,World War II
7976,Nudity (Full Frontal)
7976,unsimulated sex scenes
66665,Characters with great depth
66665,great soundtrack
66665,humorous
66665,philosophical
66665,quirky
71464,black humour
71464,dark comedy
71464,introspective
71464,Jewish
71464,Philosophical
7010,age difference
7010,lolita
7010,loss of virginity
7010,Nudity (Full Frontal)
7010,older man younger woman relationship
30820,child abuse
30820,paedophilia
30820,pedophile
98809,adventure
10,bond
26,shakespeare
390,camp
412,costume drama
935,astaire/kelly musical
948,epic
951,screwball
955,screwball
969,road picture
1034,camp
1034,neo-noir
1217,shakespeare
1272,biopic
1345,camp
2848,shakespeare
3801,courtroom drama
4024,costume drama
4298,caper
6064,boxing drama
7069,shakespeare
7243,epic
7766,shakespeare
30850,shakespeare
1701,hilarious
1701,Woody Allen
2338,Jack Black
2338,Jennifer Love Hewitt
2338,white guy with Jamaican/Caribbean accent
4148,Anthony Hopkins
4148,psychology
500,cross dressing
574,incest
574,Nudity (Full Frontal)
1562,Arnold Schwarzenegger
2894,rape
2894,unsimulated sex
3175,aliens
3175,parody
3569,explicit sex
3569,group sex
3825,Music 
3825,musical
3825,singer
4390,unsimulated sex
5507,Vin Diesel
6383,cars
6383,dumb
6550,parody
6818,children in wartime
6818,emotionally draining
6818,war drama
31225,basketball
31225,inspirational
31225,Samuel L. Jackson
31225,sports
31225,violence in schools
31878,black comedy
31878,Chinese Humor
31878,comedy
44828,alien invasion
45517,animation
45517,cars
45517,childish
48696,adultery
54272,animation
54272,comedy
55253,China
55253,erotic
59501,based on a book
59501,Disney
60128,Nudity (Topless)
60128,sex
60128,threesome
72489,extremely gory
72489,poor lighting
72489,poor plot
72489,stylized violence
81562,based on a true story
85342,Brazil
85342,politics
89492,baseball
94677,political satire
94677,Sacha Baron Cohen
94677,satire
97188,found footage
97188,occult
97188,serial killer
97188,supernatural
98491,creative
98491,pretty
103335,family
103341,british comedy
103341,ending lame
103341,England
103341,English humor
103341,slow start
103772,comic book
103772,Predictible
103772,superhero
104241,brutality
110591,atmospheric
111921,drama
111921,PG-13
111921,PG-13:brief strong language
111921,PG-13:some sexuality
111921,PG-13:thematic elements
112171,cliché
112171,dark hero
112171,disappointing third act
119141,absurd
119141,bloody
119141,Comedy 
119141,dictatorship
119141,funny
136864,bad adaptation
136864,Batman
136864,Ben Affleck
136864,boring
136864,comic book
140162,almost porn
140162,cheating
140162,explicit sex
140162,sex
152091,black humor
152091,British
152091,dark humor
152091,satire
159415,A24
159415,absurdist humor
159415,black comedy
159415,dark
159415,existential
159817,animals
159817,documentary
161131,arms dealer
161131,based on a true story
161131,cynical
162982,anime
162982,time travel
163809,cult tv
163809,musical
173145,beautiful cinematography
173145,dark
179491,Over-The-Top Violence
179491,satire
179491,violence
179491,virus
1287,historical
7024,fascism
3865,stand-up comedy
4102,stand-up comedy
6122,stand-up comedy
86347,stand-up comedy
86377,stand-up comedy
118888,stand-up comedy
127098,stand-up comedy
178613,stand-up comedy
89837,horror
89837,surreal
1304,dated music but fun
2406,too frenzied
538,can't remember
835,queer
1449,Eugene Levy
1685,disappointing
2310,adolescence
2310,bullying
2310,disability
2310,friendship
2337,amazing soundtrack
2857,rock music
2857,surreal
2857,The Beatles
2857,weird animation
4102,homophobia
4102,homophobic
4102,warning:homophobia
4147,coming of age
4147,homosexuality
4147,rape
4147,SEXUAL AWAKENING
4470,Finnish
5380,mistaken identity
5380,Oscar Wilde
6770,adultery
8511,eating shoes
34540,black comedy
34540,Election type rip-off
34540,manipulation
43549,based on a true story
49957,abuse
49957,adolescence
49957,school
68194,british
68886,Charlotte Gainsbourg
68886,French
68886,mother-son relationship
68886,sisters
69712,bad interpretation
69712,ending
90809,gender identity
102819,1970s
102819,based on a book
102819,based on a true story
102819,cosmetic surgery
102819,Liberace
1438,funny
1587,Barbarian
1883,atmospheric
2405,action
2478,Amigos
2872,History
2953,family
6,Al Pacino
6,complex characters
6,crime
6,philosophy
6,relationships
11,cheesy
11,clever dialogue
11,ethics
11,great performances
11,idealism
104,comedy
104,funny
104,funny moments
104,goofy
151,adventure
151,biography
151,Can't remember
151,history
151,not interesting
161,battle for power
161,battle of wits
161,betrayal
216,comedy
216,funny
216,goofy
216,great cast
333,Chris Farley
333,comedy
333,funny
333,goofy
508,dramatic
508,emotion
508,emotional
524,American culture
524,aspiration
524,based on a true story
524,biography
524,family relationships
553,19th century
553,based on a true story
553,based on actual events
788,actor playing multiple roles
788,Colon cleanse
788,Comedy 
788,corny
852,chick flick
852,didn't get it
852,failure
852,meaning of life
852,melodramatic
1028,childhood
1028,classic
1028,cute
1028,family
1028,father - child relationship
1060,1990s
1060,90s
1060,aspiring actor
1060,aspiring actress
1060,boyfriend girlfriend relationship
1091,80's humor
1091,Can't remember
1091,comedy
1100,action scenes
1100,cheesy
1100,cringe moments
1100,entertaining
1124,daughter /parent relationships
1124,dialogue
1124,family conflict
1124,family relationships
1124,Father - Daughter Relationship
1231,adapted from:book
1231,ambition
1231,based on book
1231,based on novel or book
1272,Best War Films
1272,biography
1272,biopic
1343,creepy
1343,Disturbing 
1393,believe in yourself
1393,compelling story
1393,emotionally captivating
1408,adapted from:book
1408,Adventure 
1408,American history
1408,based on a book
1461,disappointing
1461,Not as good as I expected 
1461,not as good as the first
1461,not funny
1468,blind date
1468,friendship
1468,funny
1468,funny moments
1468,Jamie Foxx
1569,chick flick
1569,girlie movie
1580,absurd
1663,comedy
1663,difficult to watch
1663,disappointing
1663,military spoof
1663,not funny
1777,Can't remember
1784,conflicts and differences between 2 people
1784,excellent script
1923,comedy
1955,acting
1955,based on a book
1955,bittersweet
1955,drama
1955,emotional
2005,adventure
2005,childhood friends
2005,classic
2023,american dream
2023,american mafia
2054,adventure
2054,better than expected
2054,Bit Corny
2064,american idiocy
2064,auto industry layoffs
2064,biased
2064,business
2064,capitalism
2081,adapted from:book
2082,family film
2082,family friendly
2082,feel-good ending
2082,good for kids
2082,hockey
2109,absurd comedy
2109,absurdist humor
2131,abortion
2131,abusive mother
2371,1980s
2371,cheesy ending
2371,classic silly
2410,bad sequel
2410,believe in yourself
2410,boring
2410,boxing
2410,brother in law brother in law relationship
2411,boxing
2411,cold war
2411,commitment
2416,1980s
2416,college
2416,father - child relationship
2416,funny
2420,55 movies every kid should see--Entertainment Weekly
2420,bullying
2599,adultery
2745,Acting 
2745,cardinal the priest
2763,anti-hero
2763,art
2763,art collector
2763,art theft
2763,art thief
2796,city country contrast
2796,comedy
2796,funny
2796,funny moments
2796,Hilarious 
2804,best christmas movie
2804,classic
3039,classic
3039,classic funny
3039,comedy
3087,comedy
3100,Beautiful story.
3100,beautifully filmed
3100,brother brother relationship
3100,brothers
3100,cinematography
3107,action scenes
3107,brother brother relationship
3107,corruption
3107,danger of life
3107,father - child relationship
3173,american football
3173,decent acting
3173,family business 
3173,family relationships
3173,flawed characters
3259,adventure
3259,ambition
3259,american dream
3360,classic
3360,father-son relationship
3360,feel-good
3360,Gene Hackman
3494,based on a book
3494,bounty hunter
3494,character development
3494,classic
3494,dated
3526,abortion
3526,abortion consideration
3526,cheesy
3526,comedy
3526,corny
3552,Chevy Chase
3591,1980s
3591,bold
3591,Dad
3591,Detroit
3591,father-son relationship
3735,70's new york
3735,abrupt ending
3735,Al Pacino
3735,anger
3868,Boring moments 
3868,comedy
3868,drags on
4002,charity
4002,classic
4008,acceptance
4008,authentic
4008,based on a book
4008,biopic
4008,catholic
4039,55 movies every kid should see--Entertainment Weekly
4039,based on a play
4039,businessman
4039,child's point of view
4039,classic
4102,funny
4296,Love 
4296,love story
4296,meaning of love
4296,poignant
4322,baseball
4322,based on a true story
4322,Chicago
4322,choices
4322,courtroom
4489,classic
4509,classic
4509,Comedy 
4509,family
4509,family drama
4509,family fun
4623,comedy
4623,funny
4623,funny moments
4623,never give up
4679,80's classic
4679,Comedy 
4679,family
4679,family dynamics
4679,family relationships
5102,baseball
5102,cheesy
5102,coming of age
5102,funny moments
5102,kids movie
5103,A little cheesy 
5103,baseball
5103,childhood
5139,baseball
5139,Classic!
5139,Comedy 
5139,coming of age
5139,funny
5147,acceptance
5218,adventure
5218,animated
5299,acceptance
5299,comedy
5438,funny
5438,funny moments
5449,I walked out of the theater 
5449,One of the worst movies of all time
5449,over the top
5449,Sandler's worst movie 
5481,better than expected
5481,comedy
5810,ambition
6188,challenge the system
6188,comedy
6188,funny
6793,clean comedy
6793,comedy
6793,dog
6793,dogs
6793,family
6863,believe in yourself
6863,better than expected
6863,cheesy
6944,comedy
6944,father - child relationship
6944,father daughter relationship
6944,fatherhood
6997,American history
6997,bad ending
6997,biography
6997,Could be better
6997,disappointing
7263,based on a true story
7263,inspirational
7263,leadership
26366,1970s
26366,class war
26366,coal mine
26366,coal miner
26471,bold
26471,crude humor
26471,Funny as hell
26471,Highly quotable
40278,Desert Storm
40278,disappointment
40278,great acting
40278,Gulf War
40583,bad dialogue
40583,boring
42009,better than expected
42009,better than the first
42009,big family
42009,brother sister relationship
45210,9/11
45210,airplane
45210,airplane hijacking
45210,based on a true story
46974,9/11
52435,adapted from:book
55250,bachelor
55250,cheese
55250,cheesy
60487,60s
61406,American history
61406,biography
61406,complex characters
61406,complex marriage
61406,dialogue heavy
62437,biased
62437,Bush bashing
62437,complex characters
62437,complex relationships
62437,family dynamics
64620,based on a true story
64620,boring
64620,Can't remember
64620,dialog based
65230,bad ending
65230,book was better
73854,acceptance
73854,adventure
73854,authentic
73854,Christmas
73854,classic
80489,action
81932,adapted from:true story
81932,based on a true story
81932,biography
81932,brother brother relationship
81932,brother-brother relationship
83803,Animation 
83803,beauty
85774,ambition
85774,biography
85774,complex characters
85774,documentary
86000,1980s
86000,absent father
86000,brother brother relationship
86000,child's perspective
86000,child's point of view
87194,adventure
89864,best friend
89864,cancer
89864,chemotherapy
90890,Adam Sandler
90890,cameos
90890,comedy
90890,corny
90890,creative
92243,altruism
92243,based on true events
92243,China
93040,American Civil War
93040,civil war
93040,classic
97923,Acting 
97923,addiction
97923,alcoholism
97923,confession
97923,Contrite 
98154,American Civil War
98154,American history
98154,based on true events
101895,bad acting
101895,bad screenplay
101895,bad script
101895,baseball
101895,based on a true story
103141,Animation 
104913,ambition
105844,abrupt ending
106438,authentic
106438,based on a book
106438,based on a true story
106916,based on a true story
106916,con artists
106916,corruption
106916,great performances
106916,long
108932,better than expected
108932,clever
108932,creativity
108932,fast paced
117867,abandoned
117867,action packed
117867,belfast
117867,civil war
117867,combat
118702,based on a true story
118702,based on non fiction book
118702,biography
118702,christian
118702,god
126430,epic
126430,friendship
126430,Grueling 
126430,history
126430,horrors of war
130520,alien invasion
130520,aliens
130520,animation
130520,annoying
130520,annoying characters
130970,comedian
130970,Comedy 
130970,disappointing
130970,dying and death
130970,funny moments
135887,adventure
135887,better than expected
136018,based on a true story
136018,biographical
136018,corrupt FBI agents
136018,corruption
136018,gangster
136469,Comedy 
136469,deadpan
136469,funny
136469,Hilarious 
136469,intelligent
136556,cartoon
136556,honor
136556,kids movie
136556,not a movie
136556,not interested
142488,catholic church
142488,Catholicism
142488,Christianity
142488,conspiracy
143367,Acting 
143367,based on novel or book
143367,belief
143367,betrayal
143367,catholic
157296,adventure
157296,amnesia
157296,Animation 
157296,boring
157296,dumb
160289,1990s
160289,comprehensive 
160289,crime
160289,Disturbing 
160289,documentary
161582,bank robbery
161582,better than expected
164917,American history
164917,civil rights
164917,documentary
164917,enlightening
164917,history
166024,abuse
166024,abusive relationship
166946,ambition
166946,based on a true story
166946,business
166946,capitalism
168366,dark
168418,Adventure 
168418,animation
172461,bizarre
172461,crazy people
172461,delusional
172461,documentary
172461,history
176423,boring
176423,crazy characters
176423,disappointing
176423,disjointed timeline
176423,documentary
178827,creative
178827,entertaining
178827,family
178827,funny moments
181315,abusive relationship
181315,Acting 
181315,aesthetic
181315,aesthetically pleasing
181315,artistic
184257,attorney
184257,believable
184257,corruption
184257,courtroom
184257,criminal mind
187717,authentic
187717,based on a true story
187717,biography
187717,bold
187717,documentary
70159,original
161634,blind person
161634,kidnapping
161634,robbery turned wrong
161634,thriller
493,real
2662,almost real
40412,revenge
1047,ironic
56176,Why the terrorists hate us
57326,masterpiece
57532,Why the terrorists hate us
4446,gaia
331,mental illness
422,thriller
747,stupid
999,ensemble cast
1957,inspirational
2431,inspirational
2443,ensemble cast
2483,dark
2583,ensemble cast
2806,high school
3015,tense
3071,inspirational
3088,mental illness
3230,nazis
3690,franchise
3822,black and white
4029,ensemble cast
4043,father-son relationship
4068,high school
4212,mystery
4251,violent
4345,ensemble cast
4347,nazis
4432,black and white
4640,violent
4769,nazis
4845,stupid
4947,police
4969,mystery
5021,ensemble cast
5501,stupid
5564,high school
5585,stupid
6185,police
6216,nazis
6371,franchise
6981,christianity
7223,mystery
7235,violent
7831,mystery
7834,mystery
8207,tense
8207,thriller
26003,black and white
26122,dark
30846,mental illness
44193,high school
47122,high school
50798,stupid
57532,stupid
62792,police
63436,franchise
67923,franchise
78637,franchise
22,detective
521,noir thriller
549,musicians
724,teen movie
1537,dancing
1678,women
1719,melancholic
2144,teen movie
2726,noir thriller
2841,supernatural
2859,musicians
2863,musicians
2866,musicians
2915,teen movie
3005,detective
3791,dancing
4018,women
4020,supernatural
4054,dancing
5266,suspenseful
5693,dancing
7572,john donne
154,Nenhum viu
339,Os dois viram
905,Nana viu
930,Nenhum viu
938,Nenhum viu
1086,Nenhum viu
1244,Nana viu
1688,Os dois viram
1938,Nenhum viu
1944,Nana viu
1945,Nana viu
1974,Nana viu
2000,Nenhum viu
2010,Nenhum viu
2065,Nenhum viu
2068,Nenhum viu
2144,Nana viu
2145,Nenhum viu
2203,Nenhum viu
2739,Nenhum viu
2915,Nenhum viu
2940,Nenhum viu
2966,Nenhum viu
3159,Os dois viram
3196,Nenhum viu
3246,Nenhum viu
3546,Nenhum viu
3559,Nenhum viu
4855,Nenhum viu
6436,Nenhum viu
6993,Nenhum viu
7820,Nenhum viu
7936,Nenhum viu
8197,Nenhum viu
31260,Nenhum viu
46062,Os dois viram
46855,Nenhum viu
51084,Os dois viram
52458,Nenhum viu
52579,Nenhum viu
55721,Baker viu
56152,Os dois viram
58351,Nenhum viu
61123,Os dois viram
105197,Nenhum viu
105954,Nenhum viu
111443,Baker viu
114554,Nenhum viu
122896,Os dois viram
130578,Nenhum viu
165551,Nana viu
171759,Os dois viram
171765,Nenhum viu
41573,Christmas
41573,Rachel McAdams
45501,Vince Vaughn
80839,horses
80839,true story
101362,action
101362,white house
107141,Tom Hanks
107141,true story
181,Power Rangers
459,cuckold
1882,bad acting
3125,cheating wife
3752,cuckold
4713,psychedelic
6873,cuckold
71379,found footage
91077,cheating wife
3593,aliens
3593,BAD special effects
3593,Forest Whitaker
3826,rape
4369,fashion
4369,macho
4814,kidnapping
4814,Michael Douglas
7347,Johnny Depp
7347,mystery
26554,alone in the world
26554,apocalypse
34532,Twist Ending
34532,Voodoo
35957,Airplane
71379,atmospheric
71379,demon possession
71379,ending
74791,surreal
90524,cheesy bad
90524,sexy protagonist
90524,Taylor Lautner
101973,internet
101973,masturbation
101973,suicide
108945,remake
108945,Special Effects
109673,female nudity
109673,male nudity
109673,wasted potential
152079,bad cgi
781,atmospheric
781,erotic
781,soundtrack
1635,atmospheric
1805,Erotic Thriller
1805,female nudity
1805,lesbian
1805,lesbian sex scene
4329,atmospheric
118900,coping
118900,self discovery
142222,Naomi Watts
143385,spy
184471,based on a video game
184471,boring
184471,female protagonist
184471,predictable
76,artificial intelligence
76,horror
76,so bad it's good
143385,Amazing acting
3,sequel
107,treasure
163,sequel
165,sequel
173,cheesy lines
173,futuristic
224,Johnny Depp
235,Bechdel Test:Pass (technically)
235,Johnny Depp
235,youtube
267,seen
339,chick flick
349,sequel
370,sequel
372,Ben Stiller
372,ethan hawke
372,Janeane Garofalo
372,Winona Ryder
420,sequel
435,seen
466,sequel
481,seen
485,arnold
485,seen
670,sequel
703,youtube
838,seen
849,sequel
1024,seen
1268,seen
1367,seen
1447,Tim Roth
1461,seen
1513,seen
1566,Disney
1608,youtube
1648,incest
1717,sequel
1722,seen
1825,youtube
1882,seen
1900,realistic
1957,seen
1965,black comedy
1965,Emilio Estevez
1965,futuristic
2001,sequel
2022,christian
2022,jesus
2042,seen
2053,seen
2058,seen
2065,meta
2068,netflix queue
2085,animation
2085,Disney
2085,fashion
2089,seen
2094,seen
2145,seen
2300,Gene Wilder
2300,Mel Brooks
2320,netflix queue
2335,Adam Sandler
2335,Fairuza Balk
2335,football
2405,Sequel 
2504,netflix queue
2596,cult film
2739,based on a book
2765,based on a book
2765,dark comedy
2765,drugs
2826,Bechdel Test:Fail
2826,youtube
2840,jesus
2857,psychedelic
2872,not seen
2891,William H. Macy
3077,sequel
3108,Jeff Bridges
3108,Terry Gilliam
3174,Andy Kaufman
3174,Courtney Love
3174,Danny DeVito
3174,Jim Carrey
3266,mockumentary
3273,sequel
3438,youtube
3439,youtube
3440,youtube
3468,Paul Newman
3484,seen
3565,Natalie Portman
3819,netflix queue
3826,rape
3826,Sexualized violence
3835,Alicia Silverstone
3858,John Waters
3858,metafilm
3986,mars
4029,Sarah Jessica Parker
4042,History
4042,seen
4047,mini-series
4047,not a movie
4121,seen
4139,youtube
4409,netflix queue
4443,youtube
4448,Edward Norton
4448,Heist
4467,fantasy
4467,Terry Gilliam
4621,seen
4642,based on a play
4642,campy
4642,music
4678,Michael Richards
4678,quirky
4701,seen
4823,Romantic Comedy
4845,seen
4911,netflix queue
5171,seen
5198,Netflix queue
5265,Black Comedy
5265,Catherine Keener
5300,netflix queue
5313,seen
5472,netflix queue
5782,unpredictable
5991,stylized
6155,seen
6156,seen
6287,youtube
6345,based on a play
6367,Chick Flick
6367,Ewan McGregor
6367,stylized
6564,seen
6618,funny
6662,not funny
6662,Peter Sellers
6724,seen
7060,Bechdel Test:Fail
7448,seen
7566,sequel
7614,seen
8266,Prince
8366,christian
8690,Boring
26003,Holocaust
26003,Poland
26082,netflix queue
26564,youtube
27899,seen
31903,not seen
32657,youtube
34532,New Orleans
36401,netflix queue
37384,workplace
39231,boring
39231,love
39231,romantic
47465,netflix queue
47978,abrupt ending
47978,realistic
52975,Amanda Bynes
54121,youtube
54999,Netflix queue
56152,romance
57183,netflix queue
59725,fashion
59725,infidelity
59725,wedding
61024,James Franco
67734,Jesse Eisenberg
67734,quirky
67734,Ryan Reynolds
68194,netflix queue
69849,seen
71494,animation
71494,Rob Zombie
71494,Sheri Moon Zombie
72731,netflix queue
76091,easily confused for another title
77177,not a movie
77846,youtube
81132,metafilm
85394,boring
86237,not a movie
86237,youtube
86355,adapted from:book
87876,Pixar
89305,netflix streaming
94953,awkward
94953,Jennifer Aniston
95558,Bechdel Test:Pass
95583,netflix queue
95654,not a movie
95761,Emile Hirsch
95761,violent
96373,Cillian Murphy
100044,netflix streaming
100044,not a movie
102602,youtube
104339,Demetri Martin
104339,Nick Offerman
105037,1990s
107159,sequel
107159,Youtube
108190,Bechdel Test:Pass
109596,amazon
112818,sequel
126090,youtube
131796,netflix queue
134849,not a movie
139052,amazon prime
140737,not a movie
140737,youtube
142115,not a movie
143458,netflix queue
148424,Amazon Prime
167746,metafilm
171011,not a movie
171749,not a movie
322,hollywood
4342,gay
4342,gay romance
4342,heartwarming
4342,lgbt
7065,racist
53435,genital mutilation
87485,bad attitude wins
95449,male stripper
95449,surprisingly serious
167036,music
167036,visually attractive
177763,mystery
184997,gay
184997,gay romance
184997,lgbt
1694,Boring
1694,religion
1694,revival
1694,Robert Duvall
2336,historical
2336,historical epic
4769,altruism
4769,documentary
56563,belabored
56563,interviews
56563,long
56563,too long
56563,typography
68159,Helen Mirren
68159,lame ending
68159,political corruption
68159,protagonist is journalist
68159,red herring
131796,Austria
4941,So bad it's good
93838,thin plot
175197,bad book adaptation
175197,Idris Elba
454,lawyers
1573,identity
2490,revenge
4014,france
4223,heroic
4270,adventure
4270,comedy
5254,comic book
5254,Marvel
5945,dark comedy
6373,religion
6873,fun
6873,lawyers
7285,adolescence
8781,brainwashing
30825,crude humor
30825,stupid humor
40819,addiction
40819,based on a true story
45503,inspirational
45503,meditation
51412,Ending
51412,plot twist
51412,psychic powers
51935,based on a book
51935,revenge
53129,plot twist
53129,serial killer
56941,self discovery
59727,disturbing
60072,action
62344,depression
62344,dysfunctional family
62344,family dynamics
62344,grief
62344,neuroticism
63876,based on a true story
63876,civil rights
66198,justice
66198,realistic
66203,adapted from:book
66203,chick flick
66203,happy ending
69604,eccentricity
69640,based on a book
72405,dark comedy
72405,surrealism
76030,must see
78105,action
78105,adventure
78105,parkour
80126,complicated relationships
81229,action
81229,conspiracy
81229,spy
89085,espionage
89759,Alzheimer's disease
89759,divorce
89759,husband-wife relationship
89804,dialogue
89804,intrigue
89804,politics
90531,addiction
90531,frustration
90531,psychology
90531,running scene
91077,Best Adapted Screenplay
91077,emotional
92507,conspiracy
93510,parody
95558,emotional
95558,surreal
95873,Magic Realism
95873,original
95873,quirky
103048,coming of age
103048,summer
103539,coming of age
103539,complex
103539,realistic
104303,apple
104303,business
104303,steve jobs
105213,pornography's influence
105213,relationships
105213,Sex addiction
105213,social commentary
111622,bittersweet
111622,friendship
111622,music
111622,soundtrack
116823,manipulation
118700,civil rights
129937,revenge
136562,apple
136562,biography
136562,Steve Jobs
136598,road trip
140110,Entrepreneurship
142536,inspiring
143385,lone fighter
143385,Political Thriller
157200,crisis management
157699,conspiracy
1566,animation
1566,disney
1566,Greek mythology
45175,fashion design
45175,trans
58293,ancient civilization
59900,absurd
59900,Adam Sandler
72731,Saoirse Ronan
77206,animation
77206,book based
77206,brother-brother relationship
77206,brothers
77206,Chloe Grace Moretz
86911,absurd
86911,bachelor party
86911,funny
86911,party
103075,brutal
103075,dystopia
103075,senseless violence
111617,Adam Sandler
111617,comedy
113604,Chloe Grace Moretz
113604,sad
133419,modern songs
133419,music
135137,adam sandler
135137,aliens
148172,aliens
148172,apocalypse
148172,Chloe Grace Moretz
148172,post apocalypse
148172,post-apocalypse
156609,Chloe Moretz
159093,illusions
159093,magic
159858,British accents
159858,family
160954,internet
160954,modern
160954,phones
161580,millenials
161580,party
167380,multiple stories
167380,reincarnation
167380,romantic
167380,teen
169982,action
169982,explosions
169982,nostalgic
169982,Power Rangers
113862,great soundtrack
3219,san francisco
1068,noir thriller
1359,arnold
1544,spielberg
1693,spielberg
2661,mars
3986,arnold
3997,dragon
4189,christian
4189,jesus
4220,cheerleading
4372,cheerleading
4387,dragon
4558,arnold
4612,jesus
5055,dragon
5363,cheerleading
5882,treasure
6157,dark hero
7217,noir thriller
7335,noir thriller
38038,cute
43744,Cheating
43744,Romance
44399,family fun
47644,based on true story
47644,football
47644,inspirational
47644,Mark Wahlberg
47644,true story
48520,Jessica Simpson
48560,Real story
50794,forceful
50794,humorous
50794,surprisingly good
51086,Jim Carrey
51086,Sexualized violence
51471,political drama
51925,betrayal
51925,out of order
51925,Sandra Bullock
51925,time travel
51931,adam sandler
57951,treasure
59220,call center
59220,comedy
59220,india
59220,outsource
59220,romance
68554,conspiracy theory
71668,french polynesia
71668,island
71668,Jason Bateman
71668,Jean Reno
71668,Kristen Bell
74624,christian
76293,funny
76293,James Franco
76293,Mila Kunis
76293,sexy girls
79134,actors
79134,have it's funny moments
79134,No plot at al
96417,Adrenaline
96417,Boring after 2/3
96417,humorous
96417,pace
118082,disturbing
118082,sick
129354,thief
129354,unexpected end
130490,Action
131013,hilarious
131013,prison
131013,will ferrel
135861,crude humor
135861,drugs
136016,dinosaurs
136016,disjointed
136016,Pixar
136016,scary parts
142074,entrapment
161634,conflict
162082,zombies
165947,action
165947,assassin
165947,love
183611,better than expected
183611,clever
186587,action
186587,action comedy
186587,albino
186587,based on video game
186587,Creature Feature
188797,based on a true story
188797,funny
188797,game
3843,wtf ending
5570,tense
65188,depressing
65188,heartbreaking
100843,funny
118880,Mesmerising
118880,quirky
127152,scientology
161966,unpredictable
184721,Christianity
184721,climate disruption
184721,depression
184721,loss of faith
184721,surreal
46772,amy sedaris
46772,dark comedy
46772,unconventional
48412,adventure
48412,military propaganda
69275,gore
69275,horror comedy
69275,Norwegian
118900,female protagonist
94777,aliens
94777,franchise
1876,apocalypse
1876,astronomy
1876,catastrophe
1876,disaster
1876,natural disaster
1918,action
2000,action
2001,action
2002,action
2002,Mel Gibson
3624,comedy
3624,fight scenes
3969,abuse
3969,alcoholism
3969,change the world
3969,idealistic
3969,inspirational
3986,futuristic
3986,genetics
34319,cloning
34319,dystopia
53125,adventure
53125,comedy
53125,Johnny Depp
53125,Keira Knightley
53125,Orlando Bloom
53322,Brad Pitt
53322,Con artists
54997,Christian Bale
54997,Russell Crowe
71530,alternate reality
71530,bad plot
71530,bad script
78105,action
78105,adventure
90403,airships
90403,bad animation
90403,based on a book
90403,Milla Jovovich
90403,not true to the book
103384,adventure
106489,adventure
106489,based on a book
106489,benedict cumberbatch
114678,happiness
114678,nostalgia
114678,self-growth
114678,Simon Pegg
114678,thought-provoking
3785,parody
3785,stupid
113573,dark humor
113573,film noir
113573,stylized
113573,violence
125916,BDSM
125916,beautifull shots
125916,erotic
135861,stupid
136598,stupid
143859,pointless
954,classic
1441,lighthearted
2384,well done
3551,Nudity (Topless)
2059,family
2059,family friendly
2059,irrealistic
2059,parenthood
54276,cooking
54276,couple movie
81456,beautiful cinematography
81456,beautiful visuals
81456,colorful
81456,coming of age
81456,coming of age story
114028,1980s
114028,activism
114028,based on a true story
114028,emotional and heroic
114028,fun
119068,depression
119068,family drama
119068,family psychology
119068,good reflection
119068,hard choises
151557,lgbt
152083,Afghanistan
152083,American history
152083,based on a book
152083,based on true events
155892,bromance
155892,brothers
155892,comming out
155892,depression
155892,fellowship
161922,High School
179817,based on true events
179817,British history
179817,Gary Oldman
180497,awakening
180497,based on real events
180497,jour
180497,journalism
185031,coming of age
185031,survival
185031,wilderness
188751,abba
188751,dance
188751,family
188751,family reunion
67186,haunted house
67186,haunting
67186,mystery
67186,possession
114713,boring
114713,no suspense
159858,haunted house trope
159858,haunting/possession
159858,James Wan
175199,creative framing
175199,creative lighting
175199,dramatic irony
175199,haunted farmhouse
175199,haunting
3262,David Lynch
80864,falling in love
80864,vaudville
80864,Woody Allen
3717,Action
3717,Angelina Jolie
131724,investigative journalism
131724,yet to see
63113,Schizo-cam
370,Comedy
370,hilarious
466,Onderbroekenlol
3409,cheesiness
3409,cool concept
3409,gore
4446,alien invasion
4446,computer animation
4446,equilibrium
4756,boring
4756,horrible costumes
4756,terrible acting
4756,terrible plot
5128,great soundtrack
5541,Onderbroekenlol
5541,parody
34532,Hoodoo
47952,addictive
47952,ipswich
47952,magic
47952,powers
47952,salem witch trials
48678,gore
48678,lacks story
53435,genital mutilation
53435,Nudity (Full Frontal)
53435,Nudity (Topless)
53435,paranoia
60937,sequel
60937,should'a stopped at 2
61262,bad ending
61262,Demon
61262,flat Story
61262,Gore
61262,no nudity
61350,predictable
61350,unresolved
62376,overrated
62376,plot holes
67799,time travel
67799,Twist ending
73929,religion
73929,underdeveloped
74530,bad acting
78893,acting
78893,action choreography
79868,birthmark
79868,demon masks
79868,demons
79868,gang
80363,3d
80363,Bad direction
80363,bad plot
80363,childish plot
80363,physics
82095,Alien Invasion
82095,aliens
82095,evil ending
82095,Hate it or Love it
82095,stupid ending
82152,Beauty and the Beast
83480,badwriting
83480,Christianity
83480,demons
85510,audience intelligence underestimated
85510,ridiculous
85510,stupid
86835,church
86835,Dimensionalized 2-D to 3-D
86835,mindless vampires
86835,stupid
86835,vampires
89087,assassin
91104,nothing happens
93982,cheesy clues
93982,weak characters
94018,bad science
94018,Poor Plot
96691,bad acting
96691,bad cgi
96691,bad dialogue
96691,bad fights
96691,no suspense
98203,boring plot
98203,ridiculous
99728,Action
99728,cops
99728,Likeable cast
99728,no character depth
100302,evil corporation
100302,love story
100397,short films
113862,unexplained
114180,plot holes
119655,dragon
119655,knight
119655,rushed
119655,shallow story
127096,bad science
127096,camera
127096,disappointing
130490,sequel divergent
138610,at night
138610,atmospheric
138610,decent movie
138610,found footage
138610,jump scares
117444,Artistic
117444,Celtic
7293,amnesia
7293,anthropomorphized animals
50794,silly
50794,twist ending
56060,comedy
56060,music
67267,alan arkin
67267,Christine Jeffs
67267,dark humor
67267,family
73023,Jeff Bridges
73023,unlikely romance
75341,9/11
75341,chemistry
75341,cynical protangonist
75341,drama
75341,Emilie de Ravin
84950,80s
84950,Collegeparty
84950,comedy
84950,Dan Fogler
84950,Nudity (Topless - Brief)
85025,accents
85025,Donald Sutherland
85025,photography
85025,plot
85025,Roman tactics
89305,adolescence
89305,badly written jokes
89305,poor acting
89305,UK culture
89862,contemporary language
89862,dirty camera lenses
89862,divergent endings
89862,dreamlike
89862,flashbacks
91542,assassin
103606,amazing soundtrack
104863,entertaining
3477,damn the man
102993,heartwarming
143245,fantasy
143245,sweet
95,John Travolta
434,Sylvester Stallone
522,Australia
522,Russell Crowe
522,violence
522,violent
539,Romance
786,Arnold Schwarzenegger
1299,Vietnam War
2618,Australia
2700,satire
3101,Michael Douglas
3252,Al Pacino
6807,Monty Python
6807,satire
40723,cult film
47810,Nicolas Cage
66203,adapted from:book
66203,chick flick
69406,chemistry between actors
69406,Ryan Reynolds
49647,try
1674,amish
1674,character study
1688,strong female lead
4025,Bechdel Test:Pass
52668,Adam Brody
6187,thought-provoking
6187,twist ending
6530,psychological
6530,psychological thriller
114554,beautiful
114554,traditional animation
160848,Love 
160848,nature vs. civilization
160848,philosophy
160848,thought-provoking
31804,Valeri Zolotukhin
596,2D animation
74275,annoying
74275,based on a true story
74275,black comedy
74275,character development
74275,Ewan McGregor
160848,2D animated
162600,bad writing
162600,forced romance
162600,terrible plot
162600,visually appealing
3639,thailand
56152,Disney
106100,dramatic
106100,uplifting
106100,witty dialogue
7,based on a play
7,Harrison Ford
7,Paris
7,romance
7,sibling relationship
31,education
31,inspirational
31,teacher
62,high school
62,inspirational
62,music
101,off-beat comedy
101,sibling relationship
101,stylized
107,muppets
107,pirates
107,Tim Curry
180,1990s
180,comedy
180,crude humor
180,Jason Mewes
180,jay and silent bob
186,Chris Columbus
186,comedy
186,Hugh Grant
186,Jeff Goldblum
186,Joan Cusack
208,adventure
208,Kevin Costner
235,Tim Burton
282,Jodie Foster
282,Natasha Richardson
361,Andrew Bergman
361,Bridget Fonda
361,lottery
361,Nicolas Cage
361,Rosie Perez
471,1950s
497,adapted from:play
497,based on a play
497,comedy
497,Denzel Washington
616,animation
653,bittersweet
653,dragons
653,fantasy
671,parody
671,spoof
673,aliens
673,animation
673,basketball
673,michael jordan
708,Cyrano de Bergerac
708,dog
708,romantic
708,Uma Thurman
709,Disney
783,Bechdel Test:Fail
783,Disney
783,lust
784,Ben Stiller
1015,adventure
1020,1980s
1020,1988
1020,based on a true story
1020,bobsled
1029,animals
1029,bullying
1029,circus
1031,British
1031,Disney
1031,London
1031,magic
1031,musical
1093,1960s
1093,70mm
1093,alcoholism
1093,based on a true story
1126,imaginary friend
1202,1960s
1202,black comedy
1202,bleak
1202,British
1202,cult film
1342,Bees
1342,Chicago
1342,horror
1342,housing project
1380,dancing
1544,based on a book
1544,dinosaurs
1588,jungle
1588,slapstick
1777,1980s
1777,Adam Sandler
1882,Jean Reno
1883,politics
2089,kidnapping
2090,animation
2090,Disney
2090,kidnapping
2090,mouse
2090,rescue
2100,1980s
2100,bachelor
2100,cape cod
2100,Darryl Hannah
2100,fantasy
2126,boxing
2126,Brian De Palma
2126,Carla Gugino
2126,Director: Brian De Palma
2138,2D animation
2138,animation
2138,atmospheric
2138,based on a book
2141,Don Bluth
2143,adventure
2143,cult film
2283,Bernardo Bertolucci
2283,cinematography
2283,John Malkovich
2335,Adam Sandler
2424,bookshop
2424,comedy
2424,e-mail
2424,internet
2528,classic
2528,dystopia
2528,Farrah Fawcett
2528,futuristic
2528,Jenny Agutter
2541,addiction
2541,cocaine
2541,high school
2541,manipulation
2541,private school
2694,Adam Sandler
2694,Rob Schneider
2719,haunted house
2720,based on a TV show
2724,cold feet
2724,Garry Marshall
2724,Joan Cusack
2724,Julia Roberts
2724,just married
2950,castaway
2950,deserted island
2950,island
2969,Claude Lelouch
2969,Golden Palm
2969,Grand Prix du Festival International du Film
2969,Oscar (Best Foreign Language Film)
2969,widow
3034,2D animation
3034,Disney
3247,choir
3247,Maggie Smith
3247,music
3247,nuns
3247,Whoopi Goldberg
3355,ancient books
3355,antiquary
3355,atmospheric
3418,arkansas
3418,Bechdel Test:Pass
3418,Brad Pitt
3424,bare breasts
3424,Brooklyn
3479,fantasy
3479,hawk
3581,90s club culture
3581,British
3581,friendship
3615,dinosaurs
3615,prehistoric
4016,animation
4016,Disney
4016,Eartha Kitt
4016,friendship
4016,Latin America
4025,beauty contest
4025,comedy
4025,Michael Caine
4041,David Keith
4041,Debra Winger
4041,Lisa Blount
4041,Louis Gossett Jr.
4041,military
4069,Jennifer Lopez
4069,Matthew McConaughey
4223,Ed Harris
4232,family
4232,gadgets
4232,Robert Rodriguez
4232,silly
4270,action
4340,comedy
4340,Luke Greenfield
4340,Rob Schneider
4519,animation
4519,dinosaurs
4519,friendship
4571,comedy
4571,sci-fi
4571,time travel
4638,adventure
4638,dinosaurs
4638,Michael Crichton
4638,Sam Neill
4641,adolescence
4700,Anne Hathaway
4700,comedy
4700,coming of age
4700,Disney
4728,Amy Smart
4728,comedy
4728,Cuba Gooding Jr.
4728,John Cleese
4728,Las Vegas
4734,Ben Affleck
4734,Brett Northcutt
4734,comedy
4734,drugs
4734,jay and silent bob
4792,haunted house
4792,mansion
4792,murder
4792,museum
4792,ouija board
4876,ghosts
4890,Gwyneth Paltrow
4890,Jack Black
4890,moralistic
4890,romance
4980,time travel
5060,korean war
5060,Robert Altman
5072,animation
5072,anime
5072,deus ex machina
5088,Bertrand Blier
5088,bisexuality
5088,Gerard Depardieu
5088,irreverent
5313,action
5313,adventure
5313,Al Leong
5444,aliens
5712,Brian De Palma
5712,hitman
5712,mystery
5712,Pennsylvania
5712,Philadelphia
6040,dark
6040,Emma Caulfield
6040,ghost
6040,Jonathan Liebesman
6040,small town
6155,Kate Hudson
6155,Matthew McConaughey
6155,romantic comedy
6156,England
6156,Jackie Chan
6156,Owen Wilson
6283,anime
6283,BOUNTY HUNTERS
6283,cynical
6283,sci-fi
6283,Shinichirô Watanabe
6593,Bechdel Test:Pass
6593,comedy
6593,coming of age
6593,family
6593,high school
6882,Action
6882,time travel
7247,60s
7247,author:Ian Fleming
7247,based on a book
7247,Bechdel Test:Fail
7247,child abuse
7293,Adam Sandler
7347,adultery
7347,arson
7347,based on a book
7360,horror
7742,animal
7742,based on novel or book
7742,consciousness
7742,dog
7742,narrated
8019,atmospheric
8331,Christmas
8373,android
8373,androids
8373,Bette Midler
8373,Christopher Walken
8528,Ben Stiller
8640,Arthurian legend
8972,action
8972,adventure
8972,conspiracy theory
8972,Diane Kruger
9010,bet
9010,French
9010,friendship
9010,Marion Cotillard
26350,identity
27772,fantasy
27772,horror
27772,paranormal
27839,horror
31545,cinematography
31545,digging
31545,Jacques Becker
31685,comedy
31685,Eva Mendes
31685,Kevin James
31685,love
33781,ancient rome
33781,Christianity
33781,Deborah Kerr
33781,epic
33781,Leo Gen
34143,Jennifer Connelly
35347,2D animation
35347,allegory
35347,based on a book
35347,farm
35347,George Orwell
37741,biopic
37741,character study
37741,crime
37741,death penalty
37741,eccentricity
40339,alien
40339,alien invasion
40339,aliens
40339,animal
40339,animation
40826,AIDS
40826,based on a play
40826,Broadway
40826,drugs
40826,hiv
42002,Broadway
42002,musical
45728,jay and silent bob
45728,Kevin Smith
50806,eddy murphy
50806,orphanage
51939,animation
51939,ninja
52245,Amy Poehler
52287,Adam West
52287,adoption
52287,Angela Bassett
52287,animation
52287,based on book
52973,Jason Segel
52973,Judd Apatow
52973,Katherine Heigl
52973,Nudity (Topless)
56949,Anne Fletcher
56949,bride
56949,bridesmaid
57532,carmen electra
59995,Andrew Garfield
59995,British
59995,identity
59995,John Crowley
60293,Ben Kingsley
60293,coming of age
60293,drugs
60937,action
60937,adventure
60937,archaeology
61160,action
61160,adventure
61160,Animation 
61160,clone army
66544,Alec Baldwin
66544,Yves Simoneau
67186,ghosts
67734,1980s
67734,amusement park
68073,1960s
68073,60s music
68073,Bill Nighy
68554,action
68554,adapted from:book
68554,agnosticism
69436,Bible
69436,Bill Hader
69436,Christopher Mintz-Plasse
69436,comedy
69436,David Cross
69644,dinosaurs
69644,Simon Pegg
69644,talking animals
69951,cgi
69951,Colin Farrell
69951,escapism
69951,fantasy
69951,Heath Ledger
70183,comedy
70183,Gerard Butler
70183,Katherine Heigl
70183,opposites attract
70183,relationship
70293,Amy Adams
71106,Anna Faris
71838,district attorney
71838,explosions
72171,blaxploitation
72171,comedy
72171,Michael Jai White
72171,satire
72171,self-aware
74685,contamination
74685,Radha Mitchell
74685,small town
74685,survival
74685,Timothy Olyphant
74916,Dark comedy
74916,Romance
74946,airport security
74946,Alice Eve
74946,confidence
74946,dating
76175,action
76175,adventure
76175,fantasy
76175,gods
76175,Greek mythology
78209,comedy
78209,Jonah Hill
78209,Russell Brand
79185,action
79185,adventure
79185,Cameron Diaz
79185,car chase
79251,cinematography
79251,disturbing
79251,drugs
79251,pedophilia
79251,pornography
80846,Christianity
80846,M. Night Shyamalan
80846,supernatural
81417,found footage
81910,documentary
81910,Don Argott
83613,Daniel Craig
83613,Harrison Ford
83613,Olivia Wilde
84374,ann arbor
84374,Ashton Kutcher
84374,casual sex
84374,chick flick
84374,father son conflict
86345,Louis C.K.
86345,stand-up comedy
86487,mini series
87192,alien invasion
87192,black comedy
87192,British
87192,drugs
87192,England
87876,adventure
87876,animation
87876,anthropomorphism
87876,best friend
90469,Ariel Schulman
90469,creepy
90469,found footage
90469,ghosts
90469,haunted house
90888,action
90888,adventure
91890,based on true story
91890,dementia
91890,falklands war
91890,government
91890,Margaret Thatcher
92422,atmospheric
92422,Daniel Radcliffe
92422,ghosts
92422,haunted house
93272,adapted from:book
93272,animation
93272,author:Dr. Seuss
94018,alien invasion
95207,American Civil War
95207,vampires
95543,animation
95654,Animation 
95654,chess
95654,Director: Jan Pinkava
95654,Disney
97701,found footage
97701,imaginary friend
97701,poltergeist
100810,abduction
100810,aliens
100810,posession
100810,psychology
100810,sleepwalking
101362,action
101362,Ashley Judd
101362,Gerard Butler
102123,actor
102123,apocalypse
102123,celebrity
102123,comedy
102123,Craig Robinson
103984,aging
103984,art
103984,artist
104272,animal rights
104272,animal:orca
104272,corporate America
104272,corporate greed
106766,1960s
106766,atmospheric
106766,Carey Mulligan
106766,cats
106766,cinematography
107436,time loop
116977,buddy movie
116977,comedy
116977,Farrelly Brothers
116977,friendship
116977,Jeff Daniels
127202,Alfonso Gomez-Rejon
127202,based on a book
127202,based on young adult novel
127202,cancer
130452,Adam Driver
130452,Brooklyn NY
130452,career
130452,deception
130452,father-in-law
133419,acapella
133419,choir
133419,college
135861,comedy
143859,1950s
143859,cinematography
148424,based on a play
148424,Chicago
166291,anime
166291,based on manga
166291,bittersweet
166291,bully
166291,bullying
175303,alien
178323,artist
178323,music
178323,musician
178323,pop star
180297,based on a true story
180297,biographical
180297,biography
180297,film production
180297,filmmaking
6746,it's so bad it's actually good
45186,Ethan Hunt Should Stop Hogging The Screen!
237,erlend's DVDs
762,Nudity (Topless - Notable)
50274,Nudity (Topless - Brief)
12,Leslie Nielsen
2407,old age
2947,Sean Connery
53993,Morgan Freeman
61729,Ricky Gervais
70305,AnnaSophia Robb
782,De Niro's downfall
782,Not Enough Snipes
2159,Sexual violence
2787,anthology
2787,cat
2787,Quitting Smoking
4670,Creepy
4670,Domestic Violence
4670,knife
4670,knife kills
4670,Shower scene
4794,atmospheric
4794,Knife Kills
4794,Metal score
4794,Opera
4794,Slasher
8501,Rutger Hauer
121231,horror
121231,Pacing
121231,Retro
121231,teenagers
823,Eric Rohmer
85510,Cinematography
5782,Luc Besson
78574,boring
105246,Audrey Tautou
105246,cinematography
105246,magic realism
105246,surreal
105246,touching
140928,biography
140928,funny
140928,Jennifer Lawrence
140928,strong female lead
140928,true story
180045,based on a true story
180045,biography
180045,father daughter relationship
85179,virtual reality
261,historical romance
261,period drama
261,sisters
4649,goofy
4649,irreverent
4649,satirical
4649,silly
112450,David Wain
112450,Original
112450,parody
55282,30 Daze Of Shite
1984,folk horror
1984,Nigel Kneale
1984,stonehenge
2297,author:Richard Matheson
2297,Cuba Gooding Jr.
2297,Vincent Ward
96811,acting
96811,comraderie
96811,excellent acting
96811,great script
105213,Joseph Gordon-Levitt
112370,dialogue
112370,plot holes
112370,ridiculous dialogue
57910,vagina dentata
2488,voyeurism
4191,satire
6235,based on a true story
6235,hitler youth
6235,World War II
7236,cult film
7236,post-apocalyptic
2968,time travel
1569,Julia Roberts
1569,Love
1821,Cry
1821,Friendship
1821,Heartbreak
1821,Jennifer Aniston
1821,Love
3189,dog
3189,Unconditional Love
5108,fatherhood
5108,sacrifice
5882,Disney
5882,treasure hunt
8643,fairytail
8643,Teen movie
44193,funny
44193,teen movie
47122,Teen movie
50954,Funny
50954,Romance
55872,inspirational
55872,power of music
56941,Heartbreak
56941,romantic
74688,no complexity
78703,Destiny
78703,original
81537,comedy
91622,depression
91622,unfulfilling
92509,based on a true story
92509,Destiny
92509,Rachel McAdams
92509,romance
92509,Soulmates
99145,family
99145,natural disaster
99145,real story
103606,heartwarming
103606,Lily Collins
103606,relationships
103606,Soulmates
113378,dystopian future
115667,best friends fall in love
115667,Soulmates
117895,dystopia
117895,post-apocalyptic
117895,Unexplained
126548,romantic comedy
161922,Cringy
161922,Outsider
161922,Teen movie
162602,Emily Blunt
162602,Suspence
167380,dog
93598,atmosphere
905,Clark Gable
905,Claudette Colbert
940,archery
940,Basil Rathbone
940,castle
951,Alma Kruger
951,Cary Grant
955,animals
2208,Alfred Hitchcock
2208,Basil Radford
3095,adapted from:book
3095,based on a book
3134,black and white
3134,Dita Parlo
3134,Erich von Stroheim
3134,French
3134,Georges Péclet
6783,bourgeoisie
6783,Claire Gérard
6783,class issues
724,magic
1644,serial killer
1717,horror
1717,sequel
1717,serial killer
1717,slasher
2315,Chucky
2315,franchise
2315,horror
2338,horror
2338,sequel
3273,serial killer
3273,slasher
3908,horror
3908,slasher
3908,teen
3908,urban legend
4143,horror
4143,slasher
4143,teen
4876,ghosts
4876,thriller
5784,Ghost
5784,Horror
5784,Mystery
6564,action
6564,adventure
6564,ancient ruins
33164,horror
33164,serial killer
33164,slasher
33164,teen
36401,Adventure
36401,fairy tale
36401,fairy tales
36401,Fantasy
43679,horror
43679,sequel
43679,slasher
43679,teen
43679,thriller
59306,horror
59306,serial killer
59306,Slasher
59306,teen
60514,adventure
70336,action
70336,fighting
70336,military
71252,horror
71252,sequel
71252,slasher
71252,teen
71252,thriller
86295,serial killer
86295,slasher
86295,teen
86295,Wes Craven
88932,horror
88932,sequel
88932,slasher
88932,teen
88932,thriller
89190,action
89190,adventure
89190,fantasy
89190,fantasy world
89190,good vs evil
93766,action
93766,adventure
109673,action
109673,ancient greece
122896,adventure
122896,fantasy
122896,Johnny Depp
152063,action
1588,brendan fraser
1588,slapstick
2577,Christian Bale
2577,sexuality
3067,surreal
3067,visually pleasing
6753,coming of age
7587,Alain Delon
8915,based on a play
8915,cross dressing
8915,cross dressing men
37495,surreal
47465,disturbing
47465,too weird
47465,uncomfortable
107348,racist humor
107348,Steve Carell
107348,will ferrell
118700,Martin Luther King Jr.
121231,Retro
137857,neel sethi
117887,for child
22,thriller
31,inspirational
440,politics
474,tense
519,franchise
861,police
1357,mental illness
1390,politics
1396,ensemble cast
1589,ensemble cast
1597,thriller
1945,black and white
1950,police
2024,christianity
2353,thriller
2383,police
2490,violent
2944,ensemble cast
3178,inspirational
3256,thriller
3440,franchise
3519,nazis
3980,inspirational
4388,stupid
4974,stupid
5107,nazis
5785,stupid
6808,nazis
52283,Bible
52283,Biblical
53121,franchise
3654,"World War II, action"
2527,out of control androids
736,Bill Paxton
33154,documentary
33154,finance
33154,wall street
172,memory
44,over-the-top action
44,ridiculous characters
327,stylized
393,over-the-top action
393,ridiculous characters
393,stylized
407,meta-movie
407,slow investigative build
517,excellent plot
517,intrigue
714,lethargic pace
1047,dated CG
1047,over-the-top action
1047,ridiculous characters
1280,anticlimactic
1280,inappropriate music
1341,predictable
1341,psychological horror
1341,slow build
1762,dated CG
1762,good gore usage
1762,interesting monsters
1762,over-the-top action
1891,abstract ending
1891,cerebral
1891,excellent cinematography
1891,innovative cinematography
1891,surreal
2722,bad science
2722,predictable
2827,excellent cinematography
2827,excellent soundtrack
2827,typical plot
2827,variety of camera techniques
3252,clichÃ©d
3484,terrible dialogue
3484,weak characters
3727,slow build
3727,superb characterization
3727,vampires
3857,drama for drama's sake
3857,science interrupts ritual
3857,soap opera
5667,shallow characters
5667,simple plot
5883,aural horror
5959,volume for drama
6223,choppy style
6223,hip-hop montages
6803,not suspenseful
6803,terrible acting
7164,stylized
7845,comedic horror
7845,interesting monsters
26603,dated graphics
26603,predictable
31431,psychological
43744,fatalistic
43932,no characterization
43932,pacing
47937,dark humor
47937,excellent acting
47937,excellent characters
51709,beautiful color
51709,Cloverfield without the melodrama
55267,not a comedy
55492,few wide angle shots
55492,subtle
60941,good idea poorly executed
61692,rubber suits
65588,niche humor
66171,predictable
66171,terrible characters
66171,x-men wanna-be
67168,Atwood ending
67168,over-the-top action
67168,ridiculous characters
67168,tongue-in-cheek
70336,childish
70336,infantile
71500,engaging plot
71550,choppy narrative
71550,unbelievable characters
73488,poor writing
73488,terrible fight choreography
74452,beautiful color
74452,excellent graphics
74452,good characterization
74452,moody atmosphere
74452,predictable
75985,another evil corporation
80831,excellent cinematography
80831,god-awful CG
80846,authentic Christianity
80846,excellent cinematography
85401,background TV show
85401,cartoon FX
85401,ending dialogue
85401,stylistic
89028,child's perspective
89028,for children
89047,character driven
89047,excellent acting
89582,long setup
89582,loud eccentric character
89582,psychological
90809,understated
93819,lovecraftian
113313,most realistic found footage
113313,unbelievable
114044,cloistered
114044,good leads
114044,no payoff
114044,predictable
130840,good actors
130840,Lovecraftian
130840,monster
130840,not horror
130840,romance
127098,funny
2167,bad dialogue
2586,confusing motivations
2586,pointless
2586,random
3968,character change
3968,Elizabeth Hurley
3968,shallow
4238,bad cgi
4238,detective thriller
4238,far-fetched moments
4238,poorly executed
4238,twist ending
5630,psychology
5630,serial killer
6958,Eddie Murphy
6958,funny
6958,happy ending
6958,simple
81229,action
81229,pastime
97188,found footage
103655,afterlife
103655,bad cgi
103655,christian mythology
103655,fantasy
103655,popcorn movie
135532,nothing special
135532,random
515,Anthony Hopkins
515,Butler
515,Emma Thompson
1385,action
1552,action
1608,action
1831,Lacey Chabert
1831,space program
3181,Anthony Hopkins
3246,biographical
3266,violence
3997,absolute crap
3997,must see
4713,psychedelic
5410,brother sun sister moon in space
6003,biographical
6483,would kill not to watch
6707,94 long minutes
6935,media politics
7124,repetitive
7235,splatter
8142,that ending...
8937,good soundtrack that doesn't fit in the movie
8958,biographical
27420,isolation
27420,quirky
27420,sperm injection
27420,Tilda Swinton
30894,crap horror
34143,remake
40966,John Malkovich
45730,what the hell was that?
47465,drugs
55830,Michel Gondry
55830,quirky
58806,Ellen Page
61073,score
85881,dementia
88272,dysfunctional family
88272,misogyny
91273,visually appealing
3179,book
69306,foul language
292,sdf
86142,Takashi Miike
121,based on a true story
121,child abuse
121,gut-wrenching
132335,cinematography
132335,tense
3717,cars
6893,cars
7089,malena
8016,cars
8604,cars
8605,cars
2700,distasteful
3785,Comedy
3785,fake horror
8372,classic
8372,suitable for kids
59440,anti-abortion
59440,heartwarming
59440,love story
1236,bittersweet
1236,dark comedy
1236,deadpan
1236,independent film
1236,quirky
1176,Quite Romantic
21,airport
95,betrayal
95,boxing
141,cross dressing
185,computers
185,unrealistic
434,mountain climbing
434,sexist
454,unbelievable
3030,black and white
3030,Japan
3030,lone wolf
3267,bad acting
3267,bad music
3267,low budget
4499,romance scam
5108,fatherhood
5108,heart disease
5108,hospital
6187,predictable
6370,affair
6370,Barcelona
6370,break-up
6902,drug-induced obedience
7444,Aging
7444,Child as Adult
7444,high school
7444,michael jackson
7444,New York City
8604,car chase
8604,cars
8873,adventure
8873,Argentina
74750,demon possession
74750,zombies
91653,animal
102481,product placement
104241,brutal
104241,comic book
104241,sequel
104241,vigilante
109971,stereotypes
117887,children's film
117887,family
117887,stereotypical
129313,absurd
141668,religious
156371,No plot
171495,conceit
171495,science
172577,christmas
172577,imagination
172577,magic
172577,plasticine
176601,pretentious
179135,Fish
300,crime
300,intelligent
300,Ralph Fiennes
300,Robert Redford
373,Dennis Hopper
373,film noir
373,J.T. Walsh
373,John Dahl
474,Anamorphic Blow-Up
474,assassination
2890,anti-war
2890,black comedy
5388,Christopher Nolan
5388,detective
7018,Alan J. Pakula
7018,fantastic plot twister
7018,Harrison Ford
1939,Myrna Loy
1944,Deborah Kerr
58425,Iceland
2025,desire
2025,erotic
2025,flirtation
2025,lust
36363,cult film
36363,interstellar travel
36363,sci-fi
36363,Soviet
36363,Time travel 
122898,Amber Heard
122898,bad dialogue
122898,Bloodless
122898,cringe
122898,cringey
4291,Bechdel Test:Pass
4291,feminism
4291,women
4291,women's lib
1429,Martial Arts
49735,gay
49735,lgbt
72104,animation
72104,dark
72104,philosophy
113374,poverty
2106,naive
2106,swing dancing
4689,Giallo
4844,Bruce Willis
4844,Cate Blanchett
5111,Elijah Wood
5111,Macaulay Culkin
5604,Alec Guinness
5963,Lesbian
5963,Shirley MacLaine
5963,William Wyler
6807,comedy
7115,Giallo
41014,Giallo
53000,zombies
141544,80's
141544,gore
3977,strong female leads
57421,gore
3901,road trip
42011,funny
42011,money
74750,found footage
1588,unfunny comedy
2108,Los Angeles
3098,baseball
3098,boring
3361,baseball
3441,war
5420,war
6992,boring
7707,sexism
7899,Flying Guillotine
26547,amazing stunts
27397,war
30894,Horror 
59037,stylistic
59037,visually stunning
100390,male female friendship
159755,funny
159755,satire
2287,ants
2287,Classic monster
3639,Britt Ekland
3639,Christopher Lee
3639,Herve Villechaize
6460,Anthony Perkins
77421,Catherine Keener
77421,John C. Reilly
77421,Jonah Hill
77421,Marisa Tomei
77421,Matt Walsh
90057,Jessica Chastain
90057,Michael Shannon
1827,propaganda
4142,propaganda
27912,propaganda
45928,propaganda
53894,propaganda
2931,affectionate
2931,bittersweet
7581,author:Ayn Rand
7581,libertarian
57,comedy
57,drama
57,dysfunctional family
57,gay
805,courtroom
948,Classic
948,Elizabeth Taylor
971,classic
971,Elizabeth Taylor
971,Paul Newman
971,Tennessee Williams
1092,Erotic
1092,Erotic Thriller
1635,Ang Lee
1635,austere
1635,bleak
1672,John Grisham
1835,Meg Ryan
3005,detective
3005,serial killer
3094,Classic
3094,gay
3176,based on a book
3178,Denzel Washington
3178,inspirational
4681,Danny DeVito
5015,Billy Bob Thornton
5015,Halle Berry
5015,interracial romance
5065,Richard Gere
5065,Suspense and Mystery
5222,queer
5222,sexuality
6287,comedy
6287,funny
6763,funny
7078,Bette Davis
7260,gay
7260,Gay Lead Character
7362,Angelina Jolie
7455,Classic Boy likes Boy story.
7455,coming out
7455,gay
7455,Gay interest film
7455,homosexuality
8459,Classic
8459,Montgomery Clift
8459,Olivia de Havilland
44864,Drama
49961,adultery
49961,affair
49961,lesbian
60471,Suspense
60471,Thriller
66509,Adam Sandler
66509,Judd Apatow
66509,Leslie Mann
66509,Seth Rogen
72694,bittersweet
72694,black comedy
72694,comedy
72694,dark comedy
72694,dark humor
80860,Josh Duhamel
80860,Katherine Heigl
83910,funny
85881,drama
85881,Paul Giamatti
87869,black comedy
87869,Jennifer Aniston
99117,funny
103372,funny
103372,Melissa McCarthy
115231,babysitting
115231,Comedy
88405,chemistry between actors
88405,clever dialogue
88405,funny
88405,happy ending
88405,Nudity (Rear)
60,based on book
355,Based on a TV show
5066,based on a Nicholas Sparks Novel
5066,Romance
4998,Oscar (Best Cinematography)
135133,violence
69654,conspiracy
69654,prison escape
69654,suspense
6269,child abuse
1244,Gershwin
1297,cal tech
1297,engineering
1297,genius
1297,science
1297,smart comedy
3814,Napolean
3814,philosophy
3814,russian composers
3814,wheat
3814,Woody Allen
45186,action
946,classic
946,dark comedy
946,Ernst Lubitsch
1176,enigmatic
26171,Jacques Tati
6873,coen bros
7367,coen bros
3790,drugs
3790,music
3790,rave
3790,warehouse
8958,great acting
165103,comedy
165103,spy
60293,coming of age
60293,depression
65,buddy comedy
65,Pauly Shore
65,stephen baldwin
379,Jean-Claude Van Damme
379,Mia Sara
379,time travel
379,time-travel
520,Cary Elwes
520,comedy
520,Dave Chappelle
718,Christian Clavier
718,comedy
718,French Film
718,Jean Reno
718,middle ages
735,black comedy
785,Bill Murray
785,bowling
785,comedy
785,Randy Quaid
785,Woody Harrelson
802,John Travolta
802,outcast teaches us all a cheesy lesson
802,pretentious
1129,action
1129,John Carpenter
1129,Kurt Russell
1257,black comedy
1257,high school
1257,HIGH SCHOOL LIFE
1257,John Cusack
1257,love
1753,comedy
1753,Dave Chappelle
1753,Jim Breuer
1753,marijuana
1753,stoner comedy
2060,comedy
2060,Dian Bachar
2060,Matt Stone
2060,nostalgic
2060,toilet humour
2118,adapted from:book
2134,comedy
2134,John Hughes
2295,Oliver Platt
2295,Stanley Tucci
2513,adapted from:book
2527,androids
2527,Michael Crichton
2527,sci-fi
2696,classic
2696,French
2696,French Film
3809,Bill Murray
3809,DOCTORS AND PATIENTS
3809,great acting
3979,Adam Sandler
3979,Carl Weathers
3979,comedy
3979,devil
4678,Friday night movie
4678,Michael Richards
4678,Weird Al
5046,Gary Sinise
5046,Good ending
5046,Madeleine Stowe
5054,brain machine
5054,Christopher Walken
5054,scientist experiments on self
5541,Charlie Sheen
5541,comedy
5541,Lloyd Bridges
5853,body horror
5853,David Cronenberg
6731,George A. Romero
6731,horror
6755,Bruce Campbell
6755,hilarious
6755,mental illness
7163,adapted from:book
8690,Photo
8690,World War II
26492,adapted from:TV series
26492,Dan Aykroyd
26492,good soundtrack
26492,John Lithgow
26492,nothing
44849,amazing photography
44849,animation
44849,boring plot
44849,film noir
45666,comedy
45666,Jack Black
45666,not funny
47446,french
47446,identity crisis
47446,insanity
70015,based on a true story
70015,Denis Villeneuve
70015,Karine Vanasse
70015,Maxim Gaudette
70015,Montreal
71129,animation poor
71129,DC Comics
71129,sci-fi
71520,bad acting
71732,black comedy
71732,Dominic Monaghan
71732,Ron Perlman
77795,lengthy
77795,post-apocalyptic
77795,space travel
77795,virtual reality
79428,Paul Rudd
79428,remake
79428,remake of a french film
79428,Steve Carell
79428,Zach Galifianakis
82852,Barbara Streisand
82852,Ben Stiller
82852,Dustin Hoffman
82852,few funny scenes
82852,Jessica Alba
83910,Jennifer Connelly
83910,Kevin James
83910,poor plot
83910,romance
85022,comedy
93831,Eugene Levy
93831,nostalgic
2726,heist
1419,70s
1419,Australia
1419,bare breasts
1419,based on novel
1419,clash of cultures
2117,authoritarianism
2117,based on a book
2117,dystopia
2117,George Orwell
2117,Nudity (Full Frontal)
2530,"""damn dirty apes"""
2530,Cult
2530,doomsday
2530,post-apocalyptic
2532,dystopia
2532,time travel
2862,controversial
2862,erotic
2862,Helen Mirren
2862,historical
3469,atheist
3469,Best Performance:  Spencer Tracy as Henry Drummond
3469,bible belt
3469,biblical references
4064,blaxploitation
4064,drugs
4064,nude black women
4064,Nudity (Topless)
4064,Pam Grier
4334,cinematography
4334,Criterion
4334,long
4334,reflective
4356,classic
4356,iconic scene
4356,Jane Russell
4553,brawl
4553,conspiracy
4553,consumerism
4553,cult classic
6234,adapted from:play
6234,animal:horse
6234,based on a play
6234,horse
6234,Nudity (Full Frontal)
6338,children
6338,Eddie Murphy
6338,family
6338,father-son relationship
6777,Burt Lancaster
6777,concentration camp
6777,courtroom drama
6777,dramatic
6777,Exceptional Acting
71205,cult film
71205,dark comedy
71205,demon possession
71205,demons
71205,funny
71438,bereavement
71438,Criterion
71438,father son conflict
71438,father-son relationship
71438,husband wife relationship
222,Irish
58047,father daughter relationship
58047,overlong
93563,Mace
93563,protagonist is an idiot
111743,funny
111743,sheep
87869,actually funny
114713,demon
114713,doll
114713,horror
131724,fascinating
131724,gripping
930,Alfred Hitchcock
930,Cary Grant
930,Claude Rains
115170,Robert Downey Jr.
116823,bad ass female lead
116823,fashion
129354,predictable
129354,thief
129354,Will Smith
130490,Action
134368,comedy
134368,melissa mccarthy
134368,secret service
24,poignant
120637,hackers
81537,Robert Downey Jr.
81537,Zach Galifianakis
94953,Jennifer Aniston
103810,Bruce Willis
103810,funny
103810,John Malkovich
103810,Mary-Louise Parker
142536,Bradley Cooper
142536,cooking
4246,chick flick
4246,relationships
8969,chick flick
8969,Hugh Grant
51834,Anne Hathaway
51834,Jane Austen
58105,based on a book
58105,fantasy
58105,magic
69604,eccentricity
2968,history
2968,Terry Gilliam
4037,con men
4037,David Mamet
4037,film noir
7215,Bogart & Bacall
7215,film noir
7215,Hoagy Charmichael
7215,Humphrey Bogart
48877,torture
55577,torture
137857,jungle
137857,nature
137857,visual effects
137857,visually spectacular
7024,confrontational
7024,disturbing
7024,irony
6297,children
108190,Shailene Woodley
4750,Seen the movie. Remember nothing.
6872,Uwe Boll Sucks
4565,Can't remember
145,Just for fun.
6322,Predictable and unoriginal.
5303,philosophical
5303,reflective
5303,self discovery
85394,Good use of 3-D
74696,China
74696,documentary
74696,family dynamics
102800,black-and-white
102800,comedy drama
102800,feminist
3478,Star is discovered
4047,civil war
141668,christian
141668,religious
3917,atmosphere
4344,hacking
5574,car chase
5588,disturbing
5588,rape
6290,Rob Zombie
7439,better than expected
7439,comic book
7439,violence
8947,ghosts
8947,haunting
8947,Sarah Michelle Gellar
8947,scary
27772,atmospheric
27772,Creepy kid
36519,unrealistic
44397,disturbing
44397,predictable
64030,stupid
64030,unrealistic
93610,dystopia
1965,rock music
3877,helen slater
8501,western
421,Peter Cook
3877,Peter Cook
4562,Peter Cook
4599,Peter Cook
7708,Peter Cook
193,boobs
193,Nudity (Full Frontal)
647,Gulf War
647,military
1611,gay
3148,abortion
3148,coming of age
5120,adultery
5120,intelligent
5283,Ryan Reynolds
5970,heartbreaking
6187,Death penalty
6187,Kate Winslet
7076,Steve McQueen
7587,slow
62434,Amateur Porn
62434,sex
91126,horses
91126,Steven Spielberg
93831,nudity (topless)
93831,sexist
95088,feel good
95088,loose ends
95088,magical realism
95873,cute
95873,human nature
164200,Babies
671,funny
2334,jihad
3513,jihad
7307,rape
26131,jihad
54736,jihad
34143,disapointing
1243,absurd
1243,metafiction
1243,smart comedy
1243,surreal
3468,pool
26386,Mel Brooks
58839,George Clooney
7380,cinderella story
7380,royalty
130073,cinderella story
130073,royalty
1396,black comedy
830,feminism
1057,musical
1057,singing
74688,Amanda Seyfried
3594,dance
26562,dance
529,chess
3253,comedy
3253,music
3911,comedy
3911,dogs
3911,improvised
96606,beautiful cinematography
96606,Contemplative
96606,meditative
143511,culture
143511,great photograpy
143511,thought-provoking
171495,history
171495,science
6306,Wilco
79224,inspirational
168,Julia Ormond
168,Richard Gere
258,Joss Acklund
760,World War II
781,Liv Tyler
897,Ingrid Bergman
921,Peter O'Toole
946,World War II
952,David Niven
969,Humphrey Bogart
969,Katherine Hepburn
1081,Julie Andrews
1083,Jack Lemmon
1125,Peter Sellers
1135,Ellen Burstyn
1135,Goldie Hawn
1283,Gary Cooper
1299,John Malkovich
1299,Sam Watterston
1299,Vietnam War
1304,Katherine Ross
1344,Gregory Peck
1674,Harrison Ford
1727,Robert Redford
1792,Tommy Lee Jones
1801,Gabriel Byrne
1801,Gerard Depardieu
1894,Harrison Ford
1927,World War I
1931,Charles Laughton
1931,Clark Gable
1934,Frank Capra
1934,James Stewart
1934,Lionel Barrymore
1944,World War II
1949,Leo McKern
1949,Orson Welles
1949,Paul Scofield
1949,Robert Shaw
1950,Rod Steiger
1950,Sidney Poitier
1957,Olympics
1959,Klaus Maria Brandauer
1959,Meryl Streep
1959,Robert Redford
1964,Donald Sutherland
1964,Jane Fonda
2013,Gene Hackman
2013,Shelley Winters
2183,Alfred Hitchcock
2183,Doris Day
2183,James Stewart
2204,Alfred Hitchcock
2206,Alfred Hitchcock
2206,Cary Grant
2206,Joan Fontaine
2210,Alfred Hitchcock
2262,Demi Moore
2269,Demi Moore
2269,Robert Redford
2269,Woody Harrelson
2301,Mel Brooks
2336,cate blanchett
2375,Tom Hanks
2393,Jonathan Frakes
2393,Patrick Stewart
2405,Kathleen Turner
2405,Michael Douglas
2406,Kathleen Turner
2406,Michael Douglas
2414,Sherlock Holmes
2414,Steven Spielberg
2498,Christopher Lloyd
2520,Burt Lancaster
2520,Helen Hayes
2520,Van Heflin
2641,Christopher Reeve
2641,Gene Hackman
2642,Christopher Reeve
2643,Christopher Reeve
2643,Gene Hackman
2670,Clark Gable
2670,Robert Wise
2670,World War II
2739,Steven Spielberg
2739,Whoopie Goldberg
2794,Chevy Chase
2852,Denzel Washington
2921,Clint Eastwood
2922,Clint Eastwood
2929,Diane Keaton. Maureen Stapleton
2929,Warren Beatty
2941,Ray Walston
2944,Lee Marvin
2944,Telly Savalas
2947,Gert Frobe
2947,Sean Connery
2991,James Bond
2991,Sean Connery
2993,James Bond
2993,Sean Connery
3011,Jane Fonda
3037,Dustin Hoffman
3062,Henry Fonda
3062,John Wayne
3062,Robert Mitchum
3062,Sean Connery
3098,Robert Redford
3098,Wilford Brimley
3099,Warren Beatty
3196,William Holden
3196,World War II
3197,Sean Connery
3201,Jack Nicholson
3296,Sidney Poitier
3334,Humphrey Bogart
3372,World War II
3379,Gregory Peck
3385,John Candy
3385,Tom Hanks
3406,Gregory Peck
3417,Burt Lancaster
3420,Al Pacino
3451,Katherine Hepburn
3507,Jack Lemmon
3507,Walter Mattau
3519,Gregory Peck
3519,World War II
3524,Dudley Moore
3524,John Gielgud
3529,Jack Nicholson
3529,Jessica Lange
3549,Frank Sinatra
3549,Marlon Brando
3555,World War II
3628,World War II
3643,World War II
3654,World War II
3691,Phoebe Cates
3724,Donald Sutherland
3724,Jane Fonda
3733,John Houseman
3755,Diane Lane
3755,George Clooney
3755,Jake Gyllenhaal
3801,Ben Gazzara
3801,George C. Scott
3801,James Stewart
3801,Lee Remick
3812,Woody Allen
3871,Van Heflin
3871,Van Johnson
3873,Jane Fonda
3873,Lee Marvin
4042,John Wayne
4047,Civil War
4047,Martin Sheen
4187,Sidney Poitier
4212,Agatha Christie
4212,Peter Ustinov
4278,World War II
4299,Heath Ledger
4299,Paul Bettany
4299,Shannyn Sossamon
4327,Charles Bronson
4327,Eli Wallach
4337,Candice Bergen
4337,Richard Attenborough
4337,Steve McQueen
4338,World War II
4339,Frank Sinatra
4339,Trevor Howard
4339,World War II
4344,Halle Berry
4344,John Travolta
4349,Art Garfunkel
4349,Martin Balsam
4349,Mike Nichols
4406,Edmond O'Brien
4406,James Stewart
4427,Anthony Hopkins
4427,Katherine Hepburn
4427,Peter O'Toole
4429,Gregory Peck
4429,Richard Baseheart
4443,Sean Connery
4704,John Wayne
4710,John Wayne
4844,Bruce Willis
4855,Clint Eastwood
4916,Henry Fonda
4916,World War II
4958,Owen Wilson
5008,Agatha Christie
5008,Charles Laughton
5107,Bruce Willis
5107,Colin Farrell
5420,Nicholas Cage
5420,World War II
5472,Howard da Silva
5493,James Coburn
5497,James Coburn
5505,Jake Gyllenhaal
5505,Jennifer Anniston
5693,John Travolta
5707,Paul Newman
5707,Sally Field
5747,World War I
5872,Halle Berry
5876,Brendan Fraser
5876,Graham Greene
5876,Michael Caine
5899,Michael Caine
6101,Jack Lemmon
6186,Jeff Daniels
6186,Mira Sorvino
6186,Robert Duvall
6213,Bruce Willis
6213,Monica Bellucci
6305,Julie Christie
6305,Ray Bradbury
6422,Civil War
6422,James Stewart
6448,James Stewart
6533,Barbara Striesand
6533,Madeline Kahn
6662,Peter Sellers
6663,Peter Sellers
6724,Ryan O'Neal
6724,Tatum O'Neal
6852,author:Truman Capote
6852,Truman Capote
7025,World War II
7056,Jimmy Cagney
7062,Burt Lancaster
7062,Thelma Ritter
7073,Peter Sellers
7076,Steve McQueen
7084,Woody Allen
7121,Katherine Hepburn
7121,Spencer Tracy
7216,Humphrey Bogart
7311,John Mills
7379,Billy Bob Thornton
7479,World War II
7493,Joanne Woodward
7493,Lee J. Cobb
7560,Henry Fonda
7560,Larry Hagman
7560,Walter Matthau
7646,Stephen King
7714,Richard Harris
7714,Vanessa Redgrave
7842,Frank Herbert
7842,William Hurt
7980,Robert Redford
7980,Sean Connery
7980,World War II
8167,Basil Rathbone
8167,Michael Curtiz
8167,Olivia de Havilland
8191,Genevieve Bujold
8191,Richard Burton
8207,Frederick Forsyth
8337,Humphrey Bogart
8446,Forrest Tucker
8446,John Wayne
8446,World War II
8772,John le Carre
8772,Oskar Werner
8772,Richard Burton
8866,Kirsten Dunst
8866,Paul Bettany
8870,Julianne Moore
8958,Jamie Foxx
25999,Marlon Brando
26084,Robert Preston
26198,Henry Fonda
26198,Lucille Ball
27821,Nicole Kidman
27821,Sean Penn
27821,Sydney Pollack
27839,Naomi Watts
32596,Penélope Cruz
34536,World War II
39435,Antonio Banderas
39435,Catherine Zeta-Jones
41863,Tommy Lee Jones
43836,Kevin Kline
44004,netflixq
45028,Garrison Keilor
45028,Robert Altman
45730,M. Night Shyamalan
48598,Gwyneth Paltrow
48598,Sigourney Weaver
48598,Truman Capote
48783,Clint Eastwood
48783,World War II
49651,Sylvester Stallone
49822,Angelina Jolie
49822,Matt Damon
49822,Robert De Niro
50064,Beau Bridges
50064,Cate Blanchett
50064,George Clooney
50064,Tobey Maguire
50064,World War II
50274,Peter O'Toole
50274,Vanessa Redgrave
51471,Albert Finney
51471,Ioan Gruffudd
51471,Michael Gambon
52241,Jeff Daniels
53921,Angelina Jolie
55274,Cate Blanchett
55274,Clive Owen
55274,Geoffrey Rush
55805,Albert Finney
56775,Ed Harris
56775,Harvey Keitel
56775,Helen Mirren
56775,Jon Voight
66798,Andy Garcia
66798,Jean Reno
66798,Steve Martin
1358,Billy Bob Thornton
102720,amazing animation
160718,short film
390,Sven's to see list
680,Sven's to see list
1572,library vhs
1885,Sven's to see list
1897,Sven's to see list
1964,Sven's to see list
2130,Sven's to see list
2511,Sven's to see list
2983,Sven's to see list
3091,Sven's to see list
3637,Sven's to see list
4347,millenial foreign comedies to see
4422,Erland Josephson
4422,Liv Ullmann
4426,Sven's to see list
4708,Sven's to see list
5121,Sven's to see list
5607,millenial foreign comedies to see
5788,English-language millenial comedies
5788,Sven's to see list
5909,millenial foreign comedies to see
6021,Sven's to see list
6031,Sven's to see list
6339,millenial foreign comedies to see
6542,millenial foreign comedies to see
6618,millenial foreign comedies to see
6776,millenial foreign comedies to see
6979,Sven's to see list
7069,Sven's to see list
7396,acting
7883,Sven's to see list
7924,Sven's to see list
7979,Sven's to see list
8189,Sven's to see list
8239,In Netflix queue
8620,Sven's to see list
8754,Sven's to see list
8848,Sven's to see list
8879,Sven's to see list
25963,Sven's to see list
26116,Sven's to see list
26151,Sven's to see list
26350,Sven's to see list
31435,English-language millenial comedies
31522,Sven's to see list
33649,English-language millenial comedies
33649,lesbian
33834,Sven's to see list
36537,best of 2005
41863,Sven's to see list
57243,millenial foreign comedies to see
4658,Alejandro Jodorowsky
4658,atmospheric
4658,stylized
27592,dark
6533,espionage
6533,great chase scenes
6533,heist
53468,Canadian
83976,Michael Winterbottom
83976,Rob Brydon
83976,Steve Coogan
141544,bonkers
2641,good dialogue
88746,thought-provoking
88746,thoughtful
156605,everyday life
156605,thought-provoking
111375,misunderstanding
100383,psychology
140525,twist ending
3203,Nicole Kidman
3203,Sam Neill
3203,Sea
3441,acting
3826,illogical
3826,Nudity (Topless - Notable)
3984,007
3984,007 (series)
3984,Nudity (Topless - Brief)
3984,Sean Connery
5049,Eddie Murphy
5049,Nick Nolte
5693,disco
5693,John Travolta
51080,espionage
51080,spying
51080,true story
65982,sci-fi
65982,vikings
74851,John Travolta
74851,Paris
74948,justice
74948,revenge
74948,vigilante justice
5504,kids
6155,chick flick
6957,black comedy
6957,surprisingly funny
7376,Dwayne Johnson
7376,violence
7439,Revenge 
39446,clever
42011,funny
54256,Andy Samberg
54256,funny
58025,concept
58025,super power
58025,supernatural powers
58025,teleportation
58025,terrible plot
58803,con artists
58803,genius
58803,mathematics
81782,happy ending
86377,stand-up comedy
91978,heist
94677,Sacha Baron Cohen
108156,Kevin Hart
112138,hilarious
112138,Jonah Hill
113573,stylized
148671,gore
148671,torture
157699,edward snowden
157699,Joseph Gordon-Levitt
120799,robots
2948,james bond
3635,james bond
501,Underrated piece of genius
2731,Le plus beau des films
4914,le plus grand des films
5752,Make love to it
7064,La vie en rose
8154,Il film perfetto
5047,comedy
47423,drugs
2159,boring
2159,boring characters
2159,serial killer
7235,gore
7235,gross
7235,incel behavior
8967,actress
8967,artificial insemination
8967,british accent
8967,britney spears
48877,cancer patient
48877,female villain
48877,mental illness
48877,serial killer
55577,ACAB
55577,flashbacks
55577,pigs
55577,police officer
63436,ACAB
63436,plot twist
63436,police officer
63436,serial killer
72129,ending rocks
72129,serial killer
72129,torture
81535,3d
81535,annoying characters
81535,Cary Elwes
81535,disabled character
81535,serial killer
148671,short film
148671,torture
4135,1980's
4135,Coming of Age
4135,Monsters
4135,Offensive
4135,Rude
2770,better
3029,Billy Dee Williams
3029,Rutger Hauer
3029,terrorism
4574,martial arts
4574,Revenge
4574,Rutger Hauer
4636,action
4636,classic
4636,Dolph Lundgren
4636,Louis Gossett Jr.
76,artificial intelligence
76,decapitation
172,90s sci-fi
172,cyberpunk
172,cyberspace
172,dystopia
413,heavy metal
413,rock band
493,1990s
493,90s
493,gangs
504,action
504,dystopia
504,ex soldier
694,Revenge 
694,school
694,teacher
694,undercover
1248,black and white
1359,arnold
1359,consumerism
1785,Christopher Walken
1785,gangster
1785,New York City
1785,Nudity (Topless)
2322,alien planet
2322,corny
2322,dystopia
2322,junkyard
2616,color
2616,Madonna
2616,stylized
2616,visually appealing
2772,coming of age
2772,kiss
2772,rock and roll
2772,soundtrack
2772,uplifting
3254,Music 
3477,damn the man
3477,gameboy
3477,Music 
3726,convict
3726,John Carpenter
3726,police
3726,race issues
3729,1970s
3729,atmospheric
3729,blaxploitation
3729,campy
3937,.357 magnum
3937,killer robots
3937,robots
4497,armed robbery
4497,black comedy
4497,buddy cop movie
4497,cult film
4574,downfall
4574,martial arts
4654,Revenge 
4757,awesome soundtrack
4757,metal
4757,Nudity (Topless)
4757,rock star
5522,dystopia
5522,future sport
5522,thought-provoking
6055,hood
6055,hood film
6664,80s action
6664,Arnold Schwarzenegger
6664,cheesy
6664,Nudity (Topless - Brief)
6664,one man army
6800,80s action
7802,1970s
7802,1970s new york
7802,anti-hero
7802,cult film
8016,1970s
8016,heist
8016,Sally Struthers
8593,hip hop
26593,B-movie
26593,cheesy (good)
26593,mutation
26819,b movie
26819,dystopia
26819,escape
26819,female nudity
26819,female rear nudity
34292,bible quote
34292,black comedy
34292,cyberpunk
34292,cyberpunk sci fi
34292,cyborg
436,psychology
1859,suicide
90719,FBI
90719,J. Edgar hoover
90719,Real strory
720,children
8989,devil
8989,fantasy
95939,Scotland
95939,whiskey
61729,funny
61729,ghosts
249,Beethoven
249,classical music
249,Gary Oldman
2183,Alfred Hitchcock
56941,romantic
56941,sad
3608,Can't remember
3608,funny as hell
3608,Tim Burton
6625,Beer: The Breakfast of champions
54962,godlike video game
54962,Hope Davis
54962,multiple storylines
55830,a little predictable
55830,amateur film making
59143,Doug Benson
68659,geek
68659,Kristen Bell
68659,only a few jokes
68659,road trip
68659,star wars
71248,J.K. Simmons
71248,Jason Bateman
71248,Mike Judge
71248,Mila Kunis
71429,Bobcat Goldthwait
71429,twist
83827,imagination
10,Tumey's DVDs
14,Tumey's VHS
163,Tumey's DVDs
300,Tumey's VHS
412,Tumey's DVDs
431,Tumey's VHS
522,Tumey's DVDs
921,Tumey's DVDs
938,Tumey's DVDs
954,Tumey's DVDs
1086,Tumey's DVDs
1131,Tumey's DVDs
1132,Tumey's DVDs
1147,Tumey's DVDs
1185,Tumey's DVDs
1224,Tumey's DVDs
1226,Tumey's DVDs
1244,Tumey's DVDs
1277,Tumey's DVDs
1358,Tumey's DVDs
1411,Tumey's VHS
1658,Tumey's DVDs
1674,Tumey's DVDs
1730,Tumey's DVDs
1840,Tumey's DVDs
1844,Tumey's DVDs
1912,Tumey's DVDs
1924,Tumey's DVDs
1929,Tumey's DVDs
1931,Tumey's DVDs
1941,Tumey's DVDs
1942,Tumey's DVDs
1957,Tumey's DVDs
1959,Tumey's DVDs
1963,Tumey's DVDs
1964,Tumey's DVDs
1998,Tumey's DVDs
1999,Tumey's DVDs
2022,Tumey's DVDs
2066,Tumey's DVDs
2068,Tumey's DVDs
2116,Tumey's DVDs
2177,Tumey's DVDs
2178,Tumey's DVDs
2179,Tumey's DVDs
2180,Tumey's DVDs
2181,Tumey's DVDs
2182,Tumey's DVDs
2184,Tumey's DVDs
2185,Tumey's DVDs
2187,Tumey's DVDs
2203,Tumey's DVDs
2204,Tumey's DVDs
2211,Tumey's DVDs
2301,Tumey's DVDs
2389,Tumey's DVDs
2396,Tumey's DVDs
2435,Tumey's DVDs
2460,Tumey's DVDs
2474,Tumey's DVDs
2524,Tumey's DVDs
2590,Tumey's DVDs
2731,Tumey's DVDs
2732,Tumey's DVDs
2747,Tumey's DVDs
2788,Tumey's DVDs
2912,Tumey's DVDs
2915,Tumey's DVDs
2935,Tumey's DVDs
2936,Tumey's DVDs
2937,Tumey's DVDs
2943,Tumey's DVDs
2948,Tumey's To See Again
2949,Tumey's DVDs
3002,Tumey's DVDs
3055,Tumey's DVDs
3082,Tumey's DVDs
3091,Tumey's DVDs
3093,Tumey's DVDs
3098,Tumey's DVDs
3194,Tumey's DVDs
3196,Tumey's DVDs
3201,Tumey's DVDs
3238,Tumey's DVDs
3265,Tumey's DVDs
3361,Tumey's DVDs
3384,Tumey's DVDs
3498,Tumey's DVDs
3549,Tumey's DVDs
3551,Tumey's DVDs
3635,Tumey's DVDs
3678,Tumey's DVDs
3685,Tumey's DVDs
3706,Tumey's DVDs
3741,Tumey's DVDs
3833,Tumey's DVDs
3836,Tumey's DVDs
3918,Tumey's DVDs
3933,Tumey's DVDs
3947,Tumey's DVDs
4037,Tumey's DVDs
4189,Tumey's DVDs
4251,Tumey's DVDs
4297,Tumey's DVDs
4298,Tumey's DVDs
4329,Tumey's DVDs
4329,Tumey's VHS
4349,Tumey's DVDs
4378,Tumey's DVDs
4383,Tumey's DVDs
4399,Tumey's DVDs
4429,Tumey's DVDs
4432,Tumey's DVDs
4506,Tumey's DVDs
4795,Tumey's DVDs
4811,Tumey's DVDs
4840,Tumey's DVDs
4969,Tumey's DVDs
4970,Tumey's DVDs
5008,Tumey's DVDs
5015,Tumey's DVDs
5121,Tumey's DVDs
5198,Tumey's DVDs
5291,Tumey's DVDs
5423,Tumey's DVDs
5489,Tumey's DVDs
5752,Tumey's DVDs
5899,Tumey's DVDs
5959,Tumey's DVDs
5965,Tumey's DVDs
5990,Tumey's DVDs
6064,Tumey's DVDs
6273,Tumey's DVDs
6296,Tumey's DVDs
6436,Tumey's DVDs
6509,Tumey's DVDs
6617,Tumey's DVDs
6650,Tumey's DVDs
6660,Tumey's DVDs
6699,Tumey's DVDs
6755,Tumey's DVDs
6798,Tumey's DVDs
6808,Tumey's DVDs
6852,Tumey's DVDs
6920,Tumey's DVDs
6984,Tumey's DVDs
6986,Tumey's DVDs
6993,Tumey's DVDs
7001,Tumey's DVDs
7056,Tumey's DVDs
7069,Tumey's To See Again
7080,Tumey's DVDs
7215,Tumey's DVDs
7245,Tumey's DVDs
7311,Tumey's DVDs
7459,Tumey's DVDs
7700,Tumey's DVDs
7728,Tumey's DVDs
7757,Tumey's DVDs
7889,Tumey's DVDs
7891,Tumey's DVDs
7894,Tumey's DVDs
7896,Tumey's DVDs
8042,Tumey's VHS
8044,Tumey's DVDs
8136,Tumey's DVDs
8153,Tumey's DVDs
8154,Tumey's DVDs
8183,Tumey's DVDs
8239,Tumey's DVDs
8338,Tumey's DVDs
8341,Tumey's DVDs
8494,Tumey's DVDs
8542,Tumey's DVDs
8848,Tumey's DVDs
8906,Tumey's DVDs
8951,Tumey's DVDs
8959,Tumey's DVDs
25753,Tumey's DVDs
25850,Tumey's DVDs
25923,Tumey's DVDs
25927,Tumey's DVDs
26151,Tumey's DVDs
26231,Tumey's DVDs
27815,Tumey's DVDs
27869,Tumey's DVDs
31522,Tumey's DVDs
34018,Tumey's DVDs
34528,Tumey's DVDs
37733,Tumey's DVDs
38038,Tumey's DVDs
40412,Tumey's DVDs
41863,Tumey's DVDs
42418,Tumey's DVDs
45880,Tumey's DVDs
45928,Tumey's DVDs
46855,Tumey's DVDs
47894,Tumey's DVDs
48262,Tumey's DVDs
48326,Tumey's DVDs
48598,Tumey's DVDs
48783,Tumey's DVDs
48879,Tumey's DVDs
48982,Tumey's DVDs
49130,Tumey's DVDs
49274,Tumey's DVDs
49314,Tumey's DVDs
49822,Tumey's DVDs
51091,Tumey's DVDs
52975,Tumey's DVDs
53127,Tumey's DVDs
54999,Tumey's DVDs
55071,Tumey's DVDs
26003,black and white
3581,90s club culture
3581,funny
3790,americans...
5508,archive footage
5508,Manchester
5508,music business
5508,musicians
5508,punk rock
5888,action
5888,brothers
5888,crime
5888,Russian
5888,Saint Petersburg
73344,cinematography
73344,Complicated plot
73344,great acting
73344,Great actors
73344,gritty
84844,brothers
84844,drama
84844,mafia
84844,quotable
84844,revenge
74545,British
74545,Ewan McGregor
74545,Pierce Brosnan
74545,politics
3301,Amanda Peet
3301,assassin
3301,Bruce Willis
3301,innocence
3301,killer-as-protagonist
6157,dark hero
6157,love
88911,French
88911,Gérard Depardieu
92681,Dwayne Johnson
92681,family
92681,island
92681,mysterious island
111743,comedy
165947,action
165947,assassin
5033,British secret service
5033,Romance
5033,Russia
5033,Sean Connery
6959,Historical
6959,Middle-ages
6959,Romance
8581,Microsoft
53993,Better than I expected
112940,terrorism
118354,cia
118354,journalism
118354,politics
139857,chile
139857,coup
139857,cult
139857,fascism
139857,germany
143969,history
143969,humor
143969,politics
151687,christian
151687,doubt
151687,faith
151687,politics
151687,scepticism
1030,dragon
26504,video game adaptation
4205,Michael Schoeffling
4765,paul dano
32584,Moving
32584,paul dano
58,poetry
246,high school
246,NBA
368,gambling
368,poker
1150,courtroom drama
1150,Gerard Depardieu
1150,identity
1150,medieval
1927,anti-war
1927,based on a book
1927,literary adaptation
1942,Good Book Bad Movie
1942,Political
2171,date movie
2171,great soundtrack
2300,Broadway
2351,affectionate
2351,Best Performance:  Giulietta Masina as Cabria
2351,bittersweet
2351,compassionate
2351,Federico Fellini
2442,biopic
2442,classical music
2442,music
2731,childhood
2731,France
2935,farce
2935,screwball
3093,H with an H of G
3181,adapted from:play
3181,Alan Cumming
3181,anachronistic
3181,Julie Taymor
3700,aliens
3700,black comedy
3700,BOUNTY HUNTERS
3700,drugs
3700,Joe Morton
4037,con men
4152,costume drama
4152,France
4152,Louis XIV
4925,Spoof
4941,great soundtrack
4941,space opera
5380,adaptation
5380,Oscar Wilde
5380,play adaptation
5470,adaptation
5470,Oscar Wilde
5470,play adaptation
6985,Best Performance:  Maria Falconetti as Joan of Arc
6985,forceful
6985,French
6985,historical
7579,adaptation
7579,Jane Austen
8633,Early CGI
32300,spies
32300,spying
42718,dystopia
42718,setting:Paris
43460,Adaptation
45635,BDSM
45635,Biopic
52975,cameo: John Waters
52975,civil rights
67408,alien invasion
67408,all the best parts are in the trailer
67408,animation
67408,monsters
67408,snarky
74553,animation
74553,fantasy
74553,Ireland
74553,magic
74553,medieval
74791,whimsical
76077,1980s
3093,Realistic view of life on the frontier; quixotic courage emerging from self-delusion
2551,David Cronenberg
2551,Disturbing 
4658,atmospheric
5489,atmospheric
6713,editing
6713,Satoshi Kon
6713,surreal
7001,alien invasion
7001,aliens
7569,James Bond
8456,charismatic lead
8456,police investigation
8456,soundtrack
32728,Jodie Foster
32728,Martin Sheen
47200,action packed
47200,fast paced
86142,feudal japan
86142,samurai
86142,Takashi Miike
159061,atmospheric
159061,folk horror
159061,investigation
180263,horror
180263,intense
180263,jump scares
180263,slow burn
180263,True to the book
1518,suspense
113862,plot twist
113862,thriller
45880,atmospheric
45880,cinematography
45880,costume drama
45880,great soundtrack
101112,Fantasy
175,indecent
1117,mongoloid
3379,post-apocalyptic
3626,Nudity (Full Frontal - Notable)
3626,Nudity (Full Frontal)
3745,father-son relationship
3745,post-apocalyptic
5171,time travel
6162,meditative
6192,adultery
6583,post-apocalyptic
7051,indecent
8800,fascism
27604,suicide
31150,Nazis
45662,Christianity
507,father figure
507,road movie
166,cult film
135,comedy
135,easy to watch
135,satire
135,submarine
3873,female protagonist
3873,revenge
4299,easy to watch
4802,comedy
4802,easy to watch
4802,setting:submarine
6196,Jet Li
54999,ridiculous
54999,satire
92309,ghosts
92309,horror
92309,paranormal
92309,suspense
105,sentimental
105,tragic romance
5325,pop culture
95135,festival
95135,independent
95135,low budget
95135,replationships
103801,improvised
103801,Joe Swanberg
103801,relationships
113374,animation
113374,dark humor
113374,french
224,fantasy
224,marlon brando
4701,Jackie Chan
413,comedy
1416,Musical
2953,children comedy
4023,characters
4023,ending
4023,plot
6660,characters
6660,costumes
6660,music
136359,comedy
136359,comic book
136359,kids
56286,Bob Dylan
4155,Charlize Theron
4155,Keanu Reeves
7256,near death
7766,Kurosawa
51935,conspiracy
55267,Steve Carell
55444,beautiful
674,campy
674,"Terrible, but in a good way"
674,topless female nudity
2311,book was better
2311,boring
2311,cold war
2311,disappointing successor
5014,crying
118082,black comedy
118082,disturbing
118082,Serial Killer
120799,Awful camera work
120799,B-movie
120799,Emilia Clarke
130073,ballroom dancing
130073,boring
130073,cheesy
1614,homosexuality
3852,off-beat comedy
3852,Romance
7069,playwright:Shakespeare
7069,Shakespeare
118880,Ana Lily Amirpour
118880,black and white
118880,Iran
166,punksploitation
4736,cape cod
4736,phillies
4736,sports
5988,messenger
101415,high school
101415,love story
101415,teens
129657,bike messengers
134515,bmx
134515,cycling
134515,teenagers
138966,animated
138966,cycling
138966,sports drama
141866,punksploitation
161922,black comedy
89386,grunge
89386,music
89386,seattle
145150,Australia
145150,Based on a book
145150,Country life
145150,Drama
145150,Fashion
104875,music
142456,about god
142456,Dormael
142456,God
142456,irriverent
69524,thought-provoking
1438,catastrophe
1833,autism
5570,snuff
27815,choir
2139,kids
45503,Gymnastics
45503,inspirational
7982,Turnabout
3915,coming-of-age
3915,drama
3915,feminist film
3915,girl power
2478,kids movie
32031,cinema
78772,cinema
98203,cinema
106441,cinema
159717,Dark Comedy
94,Matt Dillon
94,Natalie Portman
94,Uma Thurman
152,Christopher Walken
152,Lili Taylor
152,vampires
162,biography
162,comic book
162,disturbing
162,documentary
162,sexual
188,Christianity
188,Christopher Walken
188,religion
188,Slashy
188,Viggo Mortensen
277,Christmas
277,remake
319,Danny Boyle
319,dark comedy
319,Ewan McGregor
328,Billy Zane
328,nostalgic
366,Heather Langenkamp
366,Robert Englund
366,wes craven
390,campy
390,cars
390,hallucinatory
416,Andie MacDowell
416,Drew Barrymore
416,Mary Stuart Masterson
416,repetitive
481,Brad Pitt
481,David Duchovny
481,Juliette Lewis
481,road movie
535,Julianne Moore
535,Los Angeles
535,multiple storylines
581,analysis of subtext
581,based on a book
581,documentary
674,campy
714,black and white
714,hallucinatory
714,iggy pop
714,Jim Jarmusch
724,chick flick
724,Fairuza Balk
838,adapted from:book
838,based on a book
838,British
838,England
949,based on a book
949,brothers
949,James Dean
949,John Steinbeck
1057,Edward Norton
1057,musical
1057,Tim Roth
1255,aliens
1255,cult film
1255,Directorial Debut
1290,high school
1290,John Hughes
1290,Mary Stuart Masterson
1290,teen
1290,tomboy
1296,adapted from:book
1296,Daniel Day-Lewis
1587,adventure
1587,Arnold Schwarzenegger
1587,Fantasy
1655,Affleck was the BOMB in Phantoms!
1680,alternate reality
1866,hitman
1866,sexuality
1873,based on a book
1873,Claire Danes
1873,Geoffrey Rush
1895,Ethan Embry
1895,high school
1895,Jason Segel
1966,deadpan
1966,dialogue driven
1966,Manhattan
1966,upper class
1970,franchise
1970,Patricia Arquette
1970,Robert Englund
1971,franchise
1971,Renny Harlin
1973,franchise
1973,Robert Englund
2120,adapted from:book
2120,based on a book
2120,Stephen King
2125,Anjelica Huston
2125,Drew Barrymore
2125,fairy tale
2125,romance
2134,1980s
2134,Anthony Michael Hall
2153,Based on a TV show
2153,Eddie Izzard
2153,Ralph Fiennes
2153,Sean Connery
2153,Uma Thurman
2154,Whoopi Goldberg
2245,Harrison Ford
2245,Sigourney Weaver
2262,Brat Pack
2262,break-up
2262,BREAKUPS AND DIVORCES
2262,Demi Moore
2269,adultery
2404,action
2404,Golden Raspberry (Worst Actor)
2404,holy war
2432,cancer
2432,Divorce
2432,Ed Harris
2443,Angelina Jolie
2707,conspiracy
2707,Jeff Bridges
2707,terrorism
2732,French
2732,love triangles
2750,nostalgia
2750,nostalgic
2750,radio
2750,Seth Green
2750,Woody Allen
2764,Steve McQueen
2793,bad cgi
2793,sequel
2793,werewolf
2837,gay
2837,homosexuality
2837,Hugo Weaving
2926,1960s
2926,60s
2926,civil rights
2926,John Waters
2926,rock and roll
2942,dance
2973,philosophical
2973,Woody Allen
3005,Angelina Jolie
3011,depressing
3011,Jane Fonda
3019,addiction
3019,DRUG ADDICTION
3019,drugs
3019,Gus Van Sant
3261,Matt Dillon
3261,relationships
3261,seattle
3441,Charlie Sheen
3441,Patrick Swayze
3544,alcoholism
3544,Bobcat Goldthwait
3544,clowns
3544,cult film
3551,Dustin Hoffman
3599,Frank Sinatra
3599,Gene Kelly
3737,kirk douglas
3745,animation
3745,post-apocalyptic
3745,sci-fi
3914,Gay
3914,sexuality
3914,Timothy Olyphant
3914,Zach Braff
4020,cate blanchett
4020,Hilary Swank
4020,Katie Holmes
4020,Keanu Reeves
4029,Alec Baldwin
4029,Julia Stiles
4029,Philip Seymour Hoffman
4036,1920s
4036,Eddie Izzard
4036,John Malkovich
4065,blaxploitation
4065,Pam Grier
4065,revenge
4126,based on a book
4126,drugs
4126,friendship
4126,Robert Downey Jr.
4168,Ben Foster
4168,Kirsten Dunst
4231,Ashley Judd
4231,Greg Kinnear
4231,Hugh Jackman
4278,black and white
4278,history
4329,Angie Dickinson
4329,Dean Martin
4342,gay
4452,Jon Favreau
4452,organized crime
4452,Vince Vaughn
4467,Eric Idle
4467,fantasy
4615,based on a book
4615,crime
4615,homosexuality
4616,high school
4616,Morgan Freeman
4616,true story
4621,babies
4621,John Travolta
4621,Kirstie Alley
4639,Billy Crystal
4639,Catherine Zeta-Jones
4639,Hank Azaria
4639,John Cusack
4639,Julia Roberts
4738,New York
4738,time travel
4981,John Cleese
5065,Debra Messing
5065,Richard Gere
5222,lesbian
5222,queer
5222,relationships
5275,David Carradine
5275,Martin Scorsese
5348,Debra Messing
5348,movie business
5348,TÃ©a Leoni
5348,Woody Allen
5421,Catholicism
5421,Christianity
5421,Emile Hirsch
5421,Jena Malone
5421,Kieran Culkin
5540,Ancient Greeks
5540,Claymation
5540,mythology
5577,adolescence
5577,Claire Danes
5577,dramedy
5577,Jeff Goldblum
5625,Jake Gyllenhaal
5666,adapted from:book
5666,based on a book
5666,Brett Easton Ellis
5666,college
5666,drugs
6001,Martin Scorsese
6001,Robert De Niro
6001,Sandra Bernhard
6159,small town
6159,Zooey Deschanel
6184,David Bowie
6222,Anne Heche
6222,awful adaptation
6222,based on a book
6223,addiction
6223,Brittany Murphy
6223,drugs
6287,Adam Sandler
6297,Adapted from book
6297,based on a book
6329,Joseph Gordon-Levitt
6329,mental illness
6329,Mental Institution
6395,George A. Romero
6395,Romero
6549,Mandy Moore
6581,Sherlock Holmes
6638,Cult film
6750,Woody Allen
6753,Haley Joel Osment
6753,Michael Caine
6753,Robert Duvall
6776,Bollywood
6776,colonialism
6776,cricket
6776,India
6881,family
6881,Katie Holmes
6881,kindness of strangers
6881,New York
7036,high school
7036,werewolf
7051,Woody Allen
7164,adapted from:book
7164,based on a book
7164,based on book
7164,fantasy
7258,Chris Evans
7258,Scarlett Johansson
7260,gay
7260,Gay Lead Character
7364,cillian murphy
7364,Colin Farrell
7364,Ireland
7364,multiple storylines
7372,Heath Ledger
7372,Orlando Bloom
7377,Don Cheadle
7377,Jena Malone
7377,Kevin Spacey
7448,Amy Poehler
7448,Ben Stiller
7448,Christopher Walken
7448,Jack Black
7749,French
7749,French New Wave
7749,Jean-Luc Godard
7930,Wes Craven
7934,1920s
7934,1930s
7934,black and white
7934,fake documentary
7934,Mia Farrow
8042,Harvey Keitel
8042,Martin Scorsese
8266,Prince
8266,rock and roll
8501,Jennifer Jason Leigh
8596,Peter Sellers
8799,Brittany Murphy
8799,Holly Hunter
8799,Kathy Bates
8799,reality TV
8799,Ron Livingston
8808,romance
8808,royalty
8813,adultery
8813,Mark Ruffalo
8866,Paul Bettany
8916,ballroom dancing
8916,Jennifer Lopez
8916,midlife crisis
8916,Richard Gere
8966,adultery
8966,biography
8966,biopic
25923,based on a book
25923,Oscar (Best Cinematography)
26152,Batman
26152,cult film
26231,hallucinatory
26231,Mick Jagger
26285,cult film
26285,scifi
27020,Angelina Jolie
27020,Faye Dunaway
27020,lesbian
27020,models
27246,ChlÃ¶e Sevigny
27246,Ellen Degeneres
27246,lesbian
27246,made for TV
27246,Michelle Williams
27537,social criticism
27537,surreal
27537,Vincenzo Natali
27790,Danny Boyle
27790,England
27790,inspirational
27815,boarding school
27815,feel-good
31437,based on a true story
31437,Japan
31437,siblings
32298,interracial romance
33421,Lars von Trier
34164,dark comedy
34164,Lisa Kudrow
34164,Maggie Gyllenhaal
34326,Gus Van Sant
34338,Billy Connolly
34338,Chris Rock
34338,Eddie Izzard
34520,Johnny Knoxville
34520,not funny
34520,redneck
34523,drugs
34523,Glenn Close
34523,high school
34523,Jamie Bell
34528,Amy Adams
34528,class issues
34528,pregnancy
34540,black comedy
34540,Evan Rachel Wood
34542,bears
34542,biopic
34542,documentary
36535,elijah wood
36535,Eugene Hutz
36535,Holocaust
37384,homophobic
37384,Justin Long
37384,Ryan Reynolds
37384,workplace
38798,based on a book
38798,Cameron Diaz
38798,chick flick
38798,family bonds
38798,siblings
39414,based on a book
39414,Claire Danes
39414,Jason Schwartzman
39444,dark comedy
39444,divorce
39444,dysfunctional family
39444,loser comedy
40966,John Malkovich
40966,johnny depp
42002,Broadway
42002,Matthew Broderick
42011,Jim Carrey
42728,Ireland
42728,love story
43460,adapted from:book
43460,based on a book
43460,England
43549,Clea DuVall
43560,based on a book
43560,Colin Firth
43560,Emma Thompson
43744,Gay
44864,Catherine Keener
44864,Jennifer Aniston
44864,Joan Cusack
44864,marriage
44929,addiction
44929,Australia
44929,drug addiction
44929,Geoffrey Rush
45440,art school
45440,John Malkovich
45440,lesbian
47044,Based on a TV show
47044,Colin Farrell
47044,Jamie Foxx
47044,Michael Mann
47044,unrealistic
47518,college
47725,angelic intervention
47725,black and white
47725,Luc Besson
47894,1920s
47894,Cillian Murphy
47894,ireland
47970,Casey Affleck
47970,Zach Braff
48326,Anthony Hopkins
48326,corruption
48326,Jude Law
48560,based on a book
48560,based on a true story
48560,black comedy
48560,dark comedy
48698,Catholic Church
49280,Anthony Hopkins
49280,Ashton Kutcher
49280,Christian Slater
49280,Demi Moore
49280,Elijah Wood
49666,biopic
49666,Nicole Kidman
49666,Photography
49666,Robert Downey Jr.
49688,Michael Anderson
49688,true story
49688,World War II
49824,BeyoncÃ© Knowles
49824,Eddie Murphy
49824,Jamie Foxx
49824,musical
49824,Oscar Nom 2007
50160,based on a true story
50160,Ewan McGregor
50160,Renee Zellweger
50802,Diane Keaton
50802,Mandy Moore
50802,Piper Perabo
51084,chick flick
51084,Drew Barrymore
51084,Hugh Grant
53466,adapted from:book series
53468,1950s
53468,Carrie-Anne Moss
53468,satire
53468,social commentary
53550,Christian Bale
53550,inaccurate
53550,prison escape
53550,true story
53921,Angelina Jolie
53921,Michael Winterbottom
54771,Daniel Craig
54771,Nicole Kidman
54771,remake
55190,Brittany Murphy
55190,gay
55205,Steve Buscemi
55261,Ben Stiller
55261,Malin Akerman
56169,Hayden Christensen
56169,Jessica Alba
56169,twist ending
56908,Billy Crudup
56908,Mandy Moore
58078,Andy Garcia
58078,Brendan Fraser
58078,Emile Hirsch
58078,Forest Whitaker
58492,based on a book
58492,Kate Beckinsale
58492,Sam Rockwell
58803,based on a book
58803,based on a true story
58806,Dennis Quaid
58806,Sarah Jessica Parker
59118,British
59118,no story
59725,Based on a TV show
59985,Emily Mortimer
59985,Ryan Reynolds
59985,Stuart Townsend
60737,Cillian Murphy
60737,Lucy Liu
60894,Cillian Murphy
60894,Keira Knightley
60894,love triangles
60894,Sienna Miller
61071,Alexis Bledel
61071,friendship
61250,Emma Stone
61250,friendship
61250,Kat Dennings
62113,Jeff Bridges
62113,Megan Fox
62113,Simon Pegg
62155,cute
62155,Kat Dennings
62155,Manhattan
62155,Michael Cera
62155,New York City
62718,Aaron Johnson
63033,based on a book
63033,epidemic
63033,Gael GarcÃ­a Bernal
63033,Julianne Moore
63033,Mark Ruffalo
64197,Ireland
64197,Michael Fassbender
64197,true story
64501,Benicio Del Toro
64501,Franka Potente
65126,adapted from:book
65126,based on a book
65126,based on book
65126,Chuck Palahniuk
65130,Kate Winslet
65585,Anne Hathaway
65585,kate hudson
65585,Wedding
67168,high school
68194,based on a book
68194,based on a true story
68194,british
68793,Amy Adams
68793,Ben Stiller
68848,Adrien Brody
68848,con artists
68848,predictable
69069,cheerleading
69640,1930s
69640,bank robbery
69640,christian bale
69640,gangsters
70984,1960s
70984,demetri martin
71248,adultery
71254,Gerard Butler
71254,sci-fi
71254,virtual reality
71429,idea is better than the actual film
71429,Robin Williams
71429,suicide
71466,Andy Garcia
71466,dysfunctional family
71466,Ezra Miller
71518,Drew Barrymore
71518,Ellen Page
71518,Juliette Lewis
71823,Anton Yelchin
71823,Christina Ricci
71823,ensemble cast
71823,Hayden Christensen
71823,Natalie Portman
72165,John C Reilly
72165,Salma Hayek
72165,vampires
72167,irish
72167,Norman Reedus
72167,Peter Fonda
72167,Revenge
72167,Sean Patrick Flanery
72294,based on a book
72294,Christmas
72294,Gary Oldman
72294,Jim Carrey
72479,Ben Foster
72479,Jena Malone
72479,military
72479,Steve Buscemi
72479,Woody Harrelson
72731,afterlife
72731,bad cgi
72731,based on a book
72919,Hugh Grant
72919,Sarah Jessica Parker
72919,small town
73015,Alec Baldwin
73015,Meryl Streep
73015,polyamory
73015,Steve Martin
73266,based on a book
73266,Justin Long
73266,Michael Cera
73266,Ray Liotta
73266,Steve Buscemi
73290,based on a true story
73290,remake
73290,Richard Gere
73929,angels
73929,better than expected
74450,Anne Hathaway
74450,Ashton Kutcher
74450,Bradley Cooper
74450,Jamie Foxx
74450,Jennifer Garner
74532,Adam Brody
74688,Amanda Seyfried
74688,based on a book
74916,Ben Stiller
74916,rhys ifans
74948,drugs
74948,Emily Mortimer
75813,Edward Norton
75813,Keri Russell
75813,Richard Dreyfuss
75813,Susan Sarandon
75813,weed
76077,1980s
76077,Crispin Glover
76077,John Cusack
76077,predictable
76763,Dakota Fanning
76763,glam rock
76763,Kristen Stewart
76763,music business
76763,musicians
77266,based on a book
77266,John Malkovich
77798,child abuse
77798,Jackie Earle Haley
77798,remake
78209,Comedy
78209,great soundtrack
78703,Emma Caulfield
78746,cult classic
78746,Documentary
79224,Jackie Chan
79224,Jaden Smith
79224,remake
79684,Emma Stone
79684,Jeff Daniels
79684,Kieran Culkin
79684,Ryan Reynolds
79897,Bill Murray
79897,Robert Duvall
80166,Jason Bateman
80166,Jeff Goldblum
80166,Jennifer Aniston
80166,Juliette Lewis
80166,Patrick Wilson
80551,based on a book
80551,Every foreigner is a wiseman
80551,Female middle-age angst
80551,Julia Roberts
80590,Carey Mulligan
80590,Michael Douglas
80590,Shia LaBeouf
80831,1980s
80831,bullying
80860,Josh Duhamel
80860,Katherine Heigl
80860,predictable
80917,aliens
81949,Anna Paquin
81949,Elijah Wood
82041,australian
82041,horror
82041,suspenseful
82041,torture
82152,Neil Patrick Harris
82767,Aaron Eckhart
82767,based on a play
82767,death of a child
82767,Nicole Kidman
83086,bad acting
83086,predictable
83976,Michael Winterbottom
83976,Rob Brydon
85179,anime
85179,Mamoru Hosoda
85401,Ellen Page
86295,slasher
86548,Reese Witherspoon
86548,Robert Pattinson
89343,Kevin Smith
89343,Religion
89761,adultery
89761,biopic
89761,David Cronenberg
89761,history
89761,Keira Knightley
90057,Jessica Chastain
90057,mental illness
90057,Michael Shannon
90630,feminism
91079,Anton Yelchin
91079,bad pacing
91079,character driven
91079,Felicity Jones
91104,bad acting
91104,based on a book
91104,nothing happens
91104,unintentionally funny
91128,based on a book
91128,Hunter S. Thompson
91128,Johnny Depp
91128,journalism
91325,Sandra Bullock
91325,Tom Hanks
91628,multiple storylines
93270,high school
93270,no plot
93270,shaky camera
93270,unlikeable characters
93363,based on a book
93363,childish plot
93363,sci-fi
93510,Channing Tatum
94953,Jennifer Aniston
94953,Paul Rudd
95449,Channing Tatum
95449,dancing
95449,Steven Soderbergh
95558,child's perspective
95558,surreal
95761,Emile Hirsch
95761,violent
96373,Cillian Murphy
96373,Tim Roth
96432,Great Depression
96432,Prohibition
96432,Shia LaBeouf
96432,Tom Hardy
98203,adapted from:book
98203,bad acting
99437,nonlinear
101741,Danny Boyle
101741,James McAvoy
103027,adapted from:play
103027,Amy Acker
103027,based on a play
103027,black and white
103027,joss whedon
103048,coming of age
103137,based on a true story
103137,Emma Watson
103137,Sofia Coppola
103137,vanity
103137,zeitgeist
103539,based on a book
103624,true story
103801,friendship
103801,improvisation
103810,Bruce Willis
104078,based on a TV show
104078,Steve Coogan
104339,Demetri Martin
104339,movie business
107141,Disney
107141,Emma Thompson
112175,sequel
112316,biography
112316,music
112421,Maggie Gyllenhaal
112421,mental illness
112421,Michael Fassbender
112421,musicians
114670,dark humor
114670,justin long
114670,Kevin Smith
114762,Miles Teller
115170,Billy Bob Thornton
115170,Father-Son Relationship
118924,Chris Rock
118985,Amy Adams
118985,Christoph Waltz
118985,Tim Burton
141688,Tom Hardy
454,John Grisham
7149,Comedy
7149,Jack Nicholson
64499,Steven Soderbergh
907,Astaire and Rogers
485,Arnold Schwarzenegger
786,Arnold Schwarzenegger
1086,hitchcock
1359,Arnold Schwarzenegger
1587,Arnold Schwarzenegger
2373,Arnold Schwarzenegger
3113,Arnold Schwarzenegger
3396,kids
3986,Arnold Schwarzenegger
4508,nature
4531,Arnold Schwarzenegger
4558,Arnold Schwarzenegger
5040,Arnold Schwarzenegger
5093,Arnold Schwarzenegger
7310,Arnold Schwarzenegger
8493,Harry Connick Jr.
8493,World War II
31804,alternate reality
31804,atmospheric
31804,great cinematography
52950,surreal
44004,sarah jessica parker should not be in movies
46967,delicious
4080,baby
7669,19th century
7669,author:Jane Austen
7669,England
7669,romantic
74508,Jane Austen
101070,2014
108981,2014
112070,2015
112138,2015
113705,2015
115667,2015
116138,2015
118896,2015
121169,2015
127108,2016
127298,2015
135133,2015
137337,2016
142456,2016
156605,2017
157699,2016
161580,2016
162602,2016
12,gothic
13,dogsled
15,pirates
66,cyberpunk
116,Biography
272,Biography
273,gothic
382,gothic
466,ZAZ
477,Biography
692,plot: Seven Samurai
833,ZAZ
839,gothic
1119,alcoholism
1119,recovery
1277,swashbuckler
1286,author:Richard Matheson
1329,gothic
1442,Biography
1476,Biography
1599,DC Comics
1606,pulp
1730,colonialism
1779,first contact
1827,politics
1881,King Arthur
1932,Biography
2027,ZAZ
2328,gothic
2373,pulp
2394,Dreamworks
2421,culture clash
2442,Biography
2641,DC Comics
2642,DC Comics
2643,DC Comics
2652,gothic
2668,DC Comics
2748,pulp
2841,author:Richard Matheson
3015,Michael Crichton
3032,author:Richard Matheson
3032,Matheson
3074,culture clash
3169,anomie
3213,DC Comics
3438,superhero
3439,superhero
3440,superhero
3459,gothic
3483,Dreamworks
3534,addiction
3534,alcoholism
3534,recovery
3563,gothic
3760,ZAZ
3877,DC Comics
3928,gothic
3937,Michael Crichton
4030,gothic
4082,alcoholism
4190,revival
4198,plot: Seven Samurai
4518,gothic
4636,marvel
4653,swashbuckler
4666,addiction
4666,recovery
4688,colonialism
4688,culture clash
4703,Africa
4703,colonialism
4756,swashbuckler
4786,author:Richard Matheson
4800,pulp
4846,wuxia
4909,author:Richard Matheson
4909,Matheson
4966,author:Richard Matheson
4966,Matheson
5040,pulp
5047,wuxia
5053,superhero
5254,gothic
5254,Marvel
5357,dogsled
5389,Dreamworks
5500,ZAZ
5540,sword and sandal
5611,Africa
5611,colonialism
5611,mentor
5649,gothic
5764,Michael Crichton
6104,Monty Python
6116,swashbuckler
6125,sketch comedy
6204,superhero
6405,pirates
6536,Dreamworks
6665,gothic
6721,wuxia
6722,wuxia
6723,wuxia
6754,gothic
6850,revival
6856,Biography
6986,sword and sandal
6990,Michael Crichton
7308,pulp
7439,marvel
7573,Bond
7618,Biography
7720,swashbuckler
7757,sword and sandal
7900,gothic
8092,gothic
8364,Biography
8907,Dreamworks
8985,gothic
8985,Marvel
25962,pulp
26152,DC Comics
26249,plot: Seven Samurai
31101,Africa
31101,anomie
31101,colonialism
31221,Frank Miller
31923,swashbuckler
33158,spy
39435,swashbuckler
41716,quirky
44788,Hollywood
44788,obscenity
44788,politics
45186,spy
45431,Dreamworks
49220,mockumentary
50804,Hannibal Lecter
51939,comic book
51939,superhero
53121,Dreamworks
56607,colonialism
61818,gothic
62081,spy
62374,spy
65682,gothic
65682,vampires
5951,atmospheric
5951,cinematography
5951,dark
5951,drugs
5951,great acting
69516,soundtrack
69516,visual
4092,androids
104303,apple
104303,biography
3246,inspiring
87483,silly
800,border
800,chicano
800,corruption
800,family secret
800,father-son relationship
1034,california
1034,camp
1034,fairy tale
1366,allegory
1366,witch
1660,adultery
1660,african american
1660,american south
1660,childhood sexual abuse
1660,coming of age
2145,class differences
2203,California
2203,coming of age
2488,childhood trauma
2488,obsession
2575,compassionate
2575,downbeat
2575,drab
2575,factory worker
2575,female friendship
2682,dark
2682,moving
2682,underrated
2948,assassination
3010,attempted suicide
3010,Criterion
3010,poverty
3010,realistic
3010,teenage girl
4061,coming of age
4061,emotional
4061,first love
4061,nostalgia
4205,coming of age
4205,new year's eve
4205,roman catholic
5875,female director
5875,feminist
5875,multiple storylines
5875,sexuality
5875,slice of life
6530,agoraphobia
6530,atmospheric
6530,city life
6851,coming of age
6851,diner
6851,mother-daughter relationships
6851,parent child relationship
6851,sibling relationship
8959,class themes
8959,controversial
8959,deception
8959,delusion
26694,allegory
59118,awkward
59118,bittersweet
59118,British
76091,amateur detective
116138,coastal town
116138,corruption
116138,existentialist
116138,father-son relationship
118896,chosen family
118896,dark
118896,dysfunctional family
118896,emotional
161966,absurdist
161966,assault
161966,misanthropic
161966,unexpected ending
994,food
954,classic
2170,Screwball Comedy
6957,Billy Bob Thornton
59604,children
59604,rape
59604,torture
3635,james bond
101577,alien invasion
101577,aliens
1398,premarital sex
1398,sad ending
1835,ending kinda ruined it
6951,weird
440,president
79684,awful
1125,Peter Sellers
1734,transgender
2450,worst ever
6143,Peter Sellers
6663,Peter Sellers
7570,Bond
8596,Peter Sellers
53140,magic
202,Arthur Rimbaud
202,poet
665,surreal
665,yugoslavia
698,enigmatic
698,erotic
698,nudity (full frontal)
698,voyeurism
1688,the best movie
1688,watched with russian danuska
7748,Anna Karina
7748,Jean-Luc Godard
7748,mediterranean
7748,road trip
25771,experimental
33646,Prison
34542,Alaska
55207,atmospheric
85394,documentary
85394,human nature
102800,loneliness
102800,self discovery
102993,coming of age
109633,amazing visuals
111732,Latin America
111732,Stylized
111732,surrealism
114066,existential
114066,musicians
120478,amazing photography
120478,Wim Wenders
136564,boring
143365,dystopia
159061,atmospheric
159061,black humour
174727,A24
179133,beautiful
185031,Coming of age
185031,Dog
72,Noah Baumbach
72,talky
72,wry
164,Los Angeles
233,atmospheric
532,dark comedy
556,Criterion
556,documentary
556,politics
994,Tony Shalhoub
1454,Richard Linklater
1454,suburbia
1836,dialogue driven
1836,dry humor
1836,new york
1966,deadpan
2511,Los Angeles
4378,Ben Kingsley
4378,good dialogue
4432,black and white
4432,film noir
5008,courtroom drama
6123,Chris Marker
6123,visually appealing
6978,deadpan
6978,irreverent
7587,slow
7926,film noir
7926,long
32179,soundtrack
33435,Los Angeles
33435,movie business
56274,Nicole Kidman
56274,Noah Baumbach
62250,italy
66509,Adam Sandler
68205,stupid
71108,beautiful photography
71108,black and white
71108,Michael Haneke
71108,open ending
74916,Dark comedy
81791,loneliness
81791,sparse dialog
82684,meaningless
93723,dialogue driven
93723,Whit Stillman
97860,heavy-handed
100556,absurd
100556,surreal
100843,Berlin
100843,funny
104457,black comedy
107447,black comedy
107447,Music 
107447,quirky
107447,Ray Wise
112070,Mia Wasikowska
116799,hard to follow
116799,long
127130,cat
127130,Noah Baumbach
127298,depressing
132800,mental illness
132800,quirky
132800,television
136602,Low budget 
136602,slasher
140816,Los Angeles
156371,slice of life
49013,Tim Allen
94266,Alison Brie
94266,Chris Pratt
94266,Emily Blunt
94266,Jason Segal
94266,too long
982,hope
1296,beautiful scenery
1912,George Clooney
1912,Jennifer Lopez
4351,Keanu Reeves
60943,Courtney Hunt
60943,Melissa Leo
72405,Nicolas Cage
72405,Werner Herzog
151695,Martin McCann
151695,Mia Goth
151695,Olwen Fouere
151695,very little dialogue
179133,beautiful
179133,boring
179133,childish
179133,exposition
51834,love
2713,giant alligator
1983,halloween
65514,kung fu
65514,martial arts
4046,Quakers
2511,Comedy
2511,satirical
1405,adapted from:TV series
1405,Buddy movie
1405,immature
1405,stupid
3977,Bill Murray
77866,adventure
77866,Cate Blanchett
77866,England
77866,unhistorical
94931,bittersweet
94931,body-normalcy
94931,canada
94931,codependence
94931,female director
61352,Don Cheadle
1078,smart criticism
6869,inconsistent
6869,poor acting
6869,poor plot
6879,biased
6879,disappointing
6879,illogical
6879,leftist
6879,politically correct
7459,inaccurate
7459,inconsistent
7459,poor adaptation
48520,adventure-ish
64997,bad plot
92422,atmospheric
93838,awesome
136598,fun
136598,funny
546,a
546,b
546,c
6780,astrophysics
6780,black holes
6780,Criterion
6780,genius
90522,comedy
4901,espionage
51357,crime
1722,007
1722,action
2953,Christmas
8131,reality
8131,Will Smith
491,Drama
491,Mystery
12,vampire
12,vampires
1125,classic comedy
1125,Inspector Clouseau (series)
1125,seen more than once
2207,based on a book
2207,plunder
2450,so bad it's good
2642,comic book
2642,DC Comics
2642,sequel
2694,Adam Sandler
2694,Rob Schneider
3264,vampire
3264,vampires
3727,vampire
3832,vampire
3832,vampires
4030,vampire
4030,vampires
5649,vampire
5649,vampires
6665,vampire
6754,vampire
7951,cult film
7951,social commentary
7991,cult film
7991,dystopia
8985,vampire
27329,child murder
27329,false accusation
27329,wrongly accused
27441,anime
27441,vampire
27441,vampires
27850,capitalism
27850,globalization
27850,political activism
31804,based on a book
33294,vampire
33294,vampires
52950,Sergei Lukyanenko
52950,Sergej Lukjanenko
65133,funny
65133,time travel
74677,activism
74677,social commentary
89030,vampire
89030,vampires
91974,vampire
91974,vampires
95207,vampire
95207,vampires
96488,dishonest
96488,manipulative
100044,not a movie
114795,vampire
114795,vampires
129514,brutally honest
129514,funny
129514,George Carlin
129514,social commentary
129514,stand-up comedy
132157,boring
132157,unfunny
135137,Adam Sandler
136445,adult humor
136445,George Carlin
136445,observational comedy
136445,stand-up comedy
136447,comedian
136447,cynical
136447,George Carlin
136447,stand-up comedy
160080,Bad jokes
160080,product placement
55282,bad acting
76293,James Franco
99846,007
246,e
6548,Nudity (Topless)
185,1990s
185,computer
185,computer virus
540,landlord tenant relationship
540,Nudity (Topless)
540,voyeurism
762,Nudity (Topless - Notable)
2749,washed out actress
3316,Nudity (Topless - Notable)
3316,nudity (topless)
3316,Twist
3361,baseball
3361,Criterion
3361,dialogue driven
3783,card counting
3783,casino
3783,crime
3783,gambling
3783,Notable Nudity
4448,criminal mastermind
4448,Edward Norton
4448,GOOD PERFORMANCE FROM NORTON
4885,adoptive father
4885,divorce
4885,marry rich
4885,step dad
4885,step father
5387,abusive husband
5387,battered woman
5387,marry rich
5387,self-defense
5387,spousal abuse
5569,unintentional comedy
5612,kidnapping
5962,Erotic Thriller
5962,Nudity (Topless - Notable)
5962,nudity (topless)
6810,battered woman
6810,domestic abuse
6810,domestic violence
6810,marital rape
6887,A Good Cry
6887,american football
6887,american football town
6887,american football-team
6887,civil rights
7842,adapted from:book series
7842,based on a book
7842,culte SF
8810,alien (xenomorph)
26782,based on a book
26782,latin music
26782,mambo
26782,musicians
45062,assassination
45062,assassination attempt
45062,conspiracy
54787,plot holes
54787,revenge
54787,vigilante
62081,artificial intelligence
62081,big brother
62081,malevolent ai
66171,mutants
66171,superpowers
82167,female nudity
82167,Nudity (Topless - Notable)
82167,Nudity (Topless)
82167,Pharmaceutical companies
82167,romantic comedy
84189,rape
84189,remake
84189,revenge
84189,torture
89087,assassin
89087,female action star
89087,female assassin
89087,strong female lead
90374,cult
90374,Disturbing
90374,religious cult
90374,sexuality
96432,1930s
97870,disability
97870,humor
101741,Nudity (Full Frontal)
105755,drug smuggling
105755,drug trafficking
105755,lawyer
113348,martial arts
113348,reporter
113348,sewer
113348,superhero
113348,superhero team
114060,abandoned puppy
114060,bartender
114060,boring
114060,organized crime
114762,romantic comedy
114762,Teen
118354,CIA
118354,investigative journalism
120637,computer
120637,computer hacker
120637,computer virus
121253,Blood and Gore
121253,Nudity (Topless)
121253,serial killer
121253,similar:scream
121253,Slasher Film
126420,heist
134158,anti-freeze
134158,blind date
134158,flirting
134158,nurse
134158,poor acting
136800,alien invasion
136800,giant robots
136800,robots
136800,slow
156706,heist
156706,Nudity (Topless)
158813,automatons
159690,sibling relationship
159690,talking animals
166558,heroine in tight suit
166558,martial arts
166705,1950s
166705,based on a play
166705,extramarital affair
166705,father-son relationship
166705,love child
176751,anti hero
176751,atf
176751,based on true story
176751,cartel
190183,evolution
190183,Mind power
190183,pyrokinetic
190183,Super powers
190183,teens
124859,risk taker
124859,suspenseful
124859,unexpected
540,good
707,hot girl
1503,Comedy is way too obvious
1503,reminiscent of a bad 60's comedy
1779,didn't see
1883,Didn't see
2478,Great promise
2478,probably Steve Martin's worst comedy
3752,Hilarious
3752,Jim carey is brilliantly funny
5486,Excellent story
5486,Tim Allen as a hitman
50923,good story
50923,predictable results
61073,Quentin Tarantino
276,haha
413,dont know
671,funny shit
707,dont know
1438,dont know
1883,crap
2431,dont know
2872,dont know
2699,spiders
3178,boxing
3977,Shit
6503,super boring
6857,anime
8860,L.A.
8860,phone
9018,iraq
9018,journalism
9018,media
27397,investigation
33154,business
33154,corruption
37240,Military
37240,politics
39231,death
40946,Stand Up
40946,stand-up comedy
41716,assassination
41716,hitman
41716,midlife crisis
43708,Documentary
43708,music
43708,musical
44004,cheesy
44004,chick flick
44022,sequel
44204,06 Oscar Nominated Best Movie - Foreign Language
44204,overrated
44972,boring
44972,pop culture
44972,sequel
44972,sequels
44972,spoof
171011,not a movie
162478,Comedy
162478,Funny
3397,muppets
1012,dog
1019,sea monster
1894,stranded
2116,cartoon
2662,mars
3623,Tom Cruise
3927,Asimov
3927,body
3927,immune
3927,inside
3927,microscopic
5135,bollywood
5214,John Denver
5247,18 wheeler
7481,alien
7481,aliens
7481,enemy
7481,marooned
7481,stranded
8147,flowers for algernon
8512,Mel Brooks
8894,killer whale
34332,comedy
34332,high
34332,high school
34332,super hero
51884,bollywood
7369,Children
7369,funny
44193,funny
44193,gender bending
3200,"Best Performance:  Jack Nicholson as ""Baddass"" Buddusky"
3200,erlend's DVDs
5198,Bob Hoskins
5198,grim
5198,gritty
5258,Breathtaking
5258,gentle
5258,humorous
5258,meditative
5258,melancholy
6159,small town
33779,british humour
33779,Eddie Izzard
33779,incredibly funny
33779,intelligent
40962,a reasonable remake
142509,first person shooter
142509,like watching a friend play a video game
142509,monotonous
142509,no story
142509,too long
149011,Henry Rollins
149011,Religious
149011,Tempo
149011,Vampire
183011,pointless
65514,kung fu
82744,action
82744,crime
82744,revenge
160080,feminist
160080,Melissa McCarthy
188833,surreal
2549,outer space
3505,Cold War
3505,espionage
3505,military
5110,highly quotable
128908,lesbian
665,Emir Kusturica
665,Golden Palm
3208,Jon Lovitz
3208,parody
3267,Robert Rodriguez
5291,Akira Kurosawa
78041,Tom Selleck
2273,4555455
954,great cast excellent
2046,escapist action
2046,good
2431,okay once
3263,Woody Harrelson
4321,juvenile
5021,racist
93363,childish plot
2273,crazy action
292,epidemic
51935,sniper
42015,funny
42015,Heath Ledger
79057,audience intelligence underestimated
79057,bad science
79057,Danny Trejo
79879,blood
79879,death/fatality
79879,genital mutilation
79879,tits
2068,coming of age
4018,creative
4018,funny
7161,family
7161,funny
7161,Steve Martin
34321,Billy Bob Thornton
34321,comedy
34321,cursing
34321,funny
34321,redemption
51088,lame!
46347,Bruce Dickinson
46347,Ronnie James Dio
319,stupidity
1268,radio
1411,Kenneth Branagh
2137,pigs
3071,mathematics
3723,Oedipal Complex
4359,Marilyn Monroe
6636,college
8191,British History
3841,Vietnam
3841,war
5382,70s
5382,Honky-Tonk
2388,gay
14,cinematographer:Robert Richardson
86,white squall
421,Sean Bean lives
426,cinematographer:Bojan Bazelli
464,setting:New Orleans
507,road movie
1042,cinematographer:Tak Fujimoto
1327,creepy singing
1329,cinematographer:Luigi Kuveiller
1331,cinematographer:Victor J. Kemper
1346,setting:New Orleans
1496,Sean Bean lives
1713,cinematographer:Phedon Papamichael
1785,cinematographer:Bojan Bazelli
1924,who cares DVDs
1998,who cares DVDs
1999,who cares DVDs
2013,Shelley Winters dies
2094,Jennifer Connelly is a fox
2273,Eric's Dvds
2384,cinematographer:Andrew Lesnie
2448,Makes you ill
2448,weak comic book adaptation
2474,cameo:Iggy Pop
2511,cinematographer:Vilmos Zsigmond
2517,ADOLESCENCE IS HELL
2551,weirdest episode of Frasier ever
2616,cinematographer:Vittorio Storaro
2925,cinematographer:Vittorio Storaro
2956,someone to watch over me
2956,who cares DVDs
2976,cinematographer:Robert Richardson
3200,cinematographer:Michael Chapman
3256,Sean Bean dies
3384,New York City
3445,cinematographer:Victor J. Kemper
3706,setting:New Orleans
3706,who cares DVDs
3720,easily confused with other movie(s) (title)
3738,cinematographer:Vilmos Zsigmond
3837,Nudity (Topless)
3840,cinematographer:Bojan Bazelli
4009,cinematographer:Robert Richardson
4378,who cares DVDs
4407,cinematographer:Robert Richardson
4426,who cares DVDs
4713,cinematographer:Jordan Cronenweth
4814,Sean Bean dies
5965,who cares DVDs
6615,As violent and retarded as Jason himself
6880,Do People Really Have 2 Pay 10 Bucks To See How Cruel We Are To Each Other? Try Getting Married!
6949,Sean Bean lives
7115,cinematographer:Luigi Kuveiller
8815,cinematographer:Vittorio Storaro
8879,cinematographer:Geoffrey Unsworth
8906,cannibals
8906,Do People Really Have 2 Pay 10 Bucks To See How Cruel We Are To Each Other? Try Getting Married!
33644,cinematographer:Vittorio Storaro
40614,Clive Owen
44731,setting:New Orleans
48142,cinematographer:Vilmos Zsigmond
49130,a good year
50445,Sean Bean dies
54785,cinematographer:Phil Parmet
57640,adapted from:comic
57640,set:mechanical gearworks
57640,setting:NYC
69526,sufficiently explodey to be good
303,Gene Hackman
303,Leonardo DiCaprio
303,Russell Crowe
317,whiny kid
455,overwrought
455,sappy
505,bad jokes
1411,Kenneth Branagh
1411,Shakespeare
3623,cheesy
4255,absurd
4255,surreal
6157,bad acting
32442,unpleasant
58492,depressing
4989,weed
51080,corruption
51080,espionage
61352,conspiracy
61352,espionage
61352,ethics
90738,assassin
90738,espionage
90738,spy thriller
92234,George Lucas
92234,transcendent
131714,advocacy
131714,integrity
145839,advocacy
145839,David vs. Goliath
145839,ethics
145839,medicine
145839,overcoming
151455,feel-good
151455,inspirational
151455,true story
151455,underdog
157122,biography
157122,innovation
157122,overcoming adversity
162350,action
162350,underdog
162350,western
162598,opposition
162598,sacrifice
162598,survival
162598,true story
170697,custody
170697,mathematics
170697,overcoming adversity
170697,parenting
170697,prodigy
129250,Parody
56788,based on a true story
56788,Good dialogue
1914,Native Americans
2052,campy
2052,Disney
2052,witches
2396,oscar bait
2396,overrated
2718,black comedy
2718,minnesota
4974,parody
6951,violently stupid
8366,satire
33164,horror
44004,lack of chemistry
53121,bad sequel
100487,witches
81819,Javier Bardem
105197,poignant
26974,Bizarre
26974,stoner rock
108981,nihilist
26084,musical
94,going home again
3252,dialogue
3252,great characters
3252,humour
6990,Notable Nudity
1656,teen
6503,murder
163,action
349,action
349,Harrison Ford
374,Children
374,comedy
374,Macaulay Culkin
671,comedy
736,adventure
786,Arnold Schwarzenegger
786,James Caan
1030,Animation
1030,Disney
2162,fantasy
2236,Drama
169,family
204,action
355,sitcom
434,action packed
529,based on a true story
529,Ben Kingsley
529,chess
804,relationships
952,adapted from:book
952,author:Jules Verne
971,addiction
1016,family
1185,cerebral
1552,action
1608,action
1623,horror
1859,life reflection
1859,nihilistic
1859,OBSESSIVE QUESTS
1859,SUICIDE
1900,competition
1900,Oscar Nominee: Foreign Language (Iran)
2108,story
2460,horror
2803,conspiracy theory
2803,corruption
2803,journalism
2803,lawyers
2803,political corruption
3553,Gossip
3553,Scandal
4023,alternative life
4211,based on a true story
4211,murder
5452,family
7149,aging
7149,Comedy
33815,dialogue
33815,single parents
37736,adapted from:book
37736,based on a book
37736,classic
37736,Roman Polanski
57532,300 Spoof
69394,brutal
69394,Iran
69644,Comedy
82854,based on a book
82854,Comedy
84189,remake
85022,comedy
85022,feminism
85022,Nudity (Full - Male)
85022,predictable
85261,Animation
85261,funny
85261,Touching
86298,adventure
86298,Animals Talking
87520,franchise
87520,robots
96861,pointless
96861,predictable
97225,animation
101142,comedy
101142,inspiring
101360,ending
101360,revenge
101360,serial killer
101360,suspense
136447,cynical
165551,Oscar Nominee: Best Picture
165551,parting
171759,overrated
1793,Australian
3430,revenge
3430,vigilante
95543,Animated
134796,afghanistan
134796,documentary
134796,political
5008,courtroom drama
7894,Sergio Leone
7894,western
86142,sword fight
91126,Steven Spielberg
112623,apes
1726,post-apocalyptic
2496,life story
4247,life story
494,airplane
494,plane
494,terrorism
1608,aviation
1608,terrorism
8978,Christmas
65802,Kevin James
79134,Adam Sandler
169982,Power Rangers 2017
3263,comedy
3263,friendship
3263,male friendship
157,politics
440,politics
519,franchise
861,police
1390,politics
1459,Clint Eastwood
1459,Gene Hackman
1589,ensemble cast
1597,thriller
1834,mystery
2024,christianity
2026,high school
2383,police
2490,violent
2500,high school
2734,mental illness
2882,nazis
2919,politics
3044,mystery
3256,tense
3440,franchise
3519,nazis
3811,politics
3980,inspirational
4388,stupid
4974,stupid
5106,high school
5363,high school
5785,stupid
6808,nazis
7121,Ahead of its time
7121,courtroom
7584,AFI 100 (Laughs)
7584,Hepburn and Tracy
54372,murder mystery
54372,Nudity (Full Frontal - Brief)
54372,Nudity (Full Frontal)
73881,All_Is_Well
407,John Carpenter
1334,Steve McQueen
1499,jungle
1499,snakes
2003,Christmas
2119,stephen king
2287,ants
2287,Classic monster
2606,dark comedy
2613,end of the world
2614,killer robots
2614,mall
2614,robots
2656,1950's
2656,creature feature
2656,giant spider
2660,aliens
2660,sci-fi
2661,Ray Bradbury
2782,Edgar Allan Poe
2782,Roger Corman
2784,devil worship
3572,creature feature
3572,dinosaurs
3696,Fred Dekker
3696,Tom Atkins
4195,art deco
4195,revenge
4195,Vincent Price
5833,survival
5833,werewolves
5980,Bob Clark
6629,Vincent Price
6707,disease
6707,Eli Roth
7115,Dario Argento
7713,atmospheric
7713,Jacques Tourneur
7713,sexuality
8225,remake
8225,zombies
26603,alice cooper
26603,bizarre
26629,clowns
58975,Nudity (Topless)
63826,Monster
130686,deconstruction
4857,captivating
4951,feelings about society
1334,Classic monster
3447,China
8582,Chomsky
1924,worst movie ever
69644,snow
134783,chill
134783,comedy
134783,reality
1283,ethics
1283,gunfight
7394,comedy
7394,racing
97785,bad plot
55069,europe
1405,funny
2581,chick flick
1707,bad sequel
118930,stand-up comedy
180265,Jim Carrey
2033,fantasy
27441,anime
27441,vampires
55995,dragon
55995,fantasy
317,elves
33836,no story
106062,jackass
106062,Vulgar
2137,classic
2137,pigs
2137,sentimental
7228,noir
15,Pirate
15,pirates
87,Rupert Everett
282,Jodie Foster
801,Michelle Trachtenberg
801,wanting to be a writer
1014,based on a book
1030,animation & live action interact
1030,dragons
1583,fantasy
1583,Martin Short
1658,Ewan McGregor
1658,off-beat comedy
1658,true love
1702,Robin Williams
1975,fun horror
1975,Jason Vorhees
1975,made me jump
1976,horror
1976,Jason Vorhees
1976,serial killer
1979,breaks the fourth wall
1979,funny
1979,horror
1979,Jason
1980,telekinesis
1981,cheesy
1981,Jason Vorhees
1981,punching heads off
2147,Daryl Hannah
2147,narrated
2147,no dialogue
2581,chick flick
2581,Drew Barrymore
2739,women
2794,Chevy Chase
2805,gangsters
2805,Hugh Grant
2875,Can't remember
2875,Jodie Foster
3974,Richard E. Grant
4161,Brad Pitt
4161,Julia Roberts
4168,comedy
4168,Kirsten Dunst
4168,really awful british accent!
4499,con artists
4499,Steve Martin
4867,coming of age
4867,Drew Barrymore
4867,drugs
4867,Maggie Gyllenhaal
4981,farce
4994,1950s
4994,amnesia
4994,Jim Carrey
5312,crime
5312,Ryan Gosling
5312,sandra bullock
5382,animal:orangutang
5382,Clint Eastwood
5505,Jennifer Aniston
5505,Zooey Deschanel
5611,Africa
5611,Heath Ledger
5882,Michael J. Fox
5957,Hugh Grant
5957,Sandra Bullock
6367,60s
6367,Ewan McGregor
6427,classic
6484,crime
6484,Harrison Ford
6484,Josh Hartnett
6545,1930s
6545,Bill Nighy
6545,castle
6545,coming of age
6545,Dodie Smith
6550,espionage
6550,John Malkovich
6550,parody
6952,Psychological horror
6952,psychology
6952,Robert Downey Jr.
7018,fantastic plot twister
7018,Harrison Ford
7103,mental hospital
7103,mental illness
7380,Anne Hathaway
7380,Cary Elwes
7380,fairy tale
8183,Julie Walters
8183,Michael Caine
25923,author:Charles Dickens
27706,quirky
27839,Naomi Watts
27839,what was with the deer?
30825,Ben Stiller
32584,Daniel Day-Lewis
32584,fatherhood
32584,island commune
38038,quirky
42734,Anne Hathaway
42734,fairy tale
42734,little red riding hood
42734,parody
45208,adventure
45208,road trip
45208,Robin Williams
45730,fairy tale
45730,far fetched
46967,Hugh Jackman
46967,Scarlett Johansson
46967,Woody Allen
53894,documentary
55080,Jodie Foster
55080,strong female lead
55080,vigilante
55232,Ali Larter
55232,Milla Jovovich
55232,Oded Fehr
55232,post-apocalyptic
55232,resident evil
55274,Cate Blanchett
55274,Clive Owen
57640,quirky
57910,comedy
57910,feminism
58105,childish
58105,fantasy
58162,british
58162,Hank Azaria
58162,Simon Pegg
58972,Abigail Breslin
58972,Gerard Butler
58972,island
58972,Jodie Foster
59604,based on a true story
59604,family relationships
61248,Jason Statham
62113,Kirsten Dunst
62113,Megan Fox
65685,Brendan Fraser
65685,fantasy world
65982,fantasy
65982,norse
65982,space
69140,BBC produced
69140,cannibalism
69140,serial killer
70305,boring
72165,John C Reilly
72165,Josh Hutcherson
72489,martial arts
78467,John Malkovich
78467,Megan Fox
78467,poor plot
78469,action
78469,Bradley Cooper
78637,Mike Myers
78637,Pied Piper
84696,Andy Serkis
84696,Bill Bailey
84696,serial killer
84696,Simon Pegg
89343,FBI
89343,kyle gallner
129779,artificial intelligence
129779,sci-fi
207,Keanu Reeves
280,Christian Slater
280,Gary Oldman
280,Kevin Bacon
836,Keanu Reeves
1552,John Cusack
1658,Ewan McGregor
1866,comedy
2020,John Malkovich
2020,Keanu Reeves
2263,Biblical
2263,Christianity
2263,religion
3791,Kevin Bacon
3895,James Spader
3895,Keanu Reeves
4228,con
4228,Jennifer Love Hewitt
4228,mother daughter relationship
4228,Sigourney Weaver
4487,Tom Cruise
4988,Kevin Bacon
4988,Sean Astin
5255,cross dressing men
5255,Harland Williams
5308,comedy
5308,Steve Guttenberg
5308,Ted Danson
5308,Tom Selleck
5612,crime gone awry
5612,Kevin Bacon
6763,Ben Stiller
6763,Drew Barrymore
8495,Willem Dafoe
8946,Ben Affleck
27408,John Malkovich
44840,Rob Schneider
54004,Adam Sandler
54004,Rob Schneider
54004,Steve Buscemi
55995,CG animation
55995,John Malkovich
57147,Ewan McGregor
59421,Ashton Kutcher
59421,Cameron Diaz
59421,comedy
61465,Nicolas Cage
491,yeah but damn is she hot
484,dogs
4699,womens cunning
7256,true story
61350,Vin Diesel
79553,Donnie Yen
79553,martial arts
79553,wing chun
63,Wayans Brothers
2296,Chris Kattan
2296,Saturday Night Live
2296,Will Ferrell
2325,satire
2490,Lucy Liu
2490,Mel Gibson
2723,superhero
2788,Monty Python
2788,MontyPython
3008,end of the world
3008,multiple storylines
3032,Charlton Heston
3032,Post apocalyptic
3760,John Landis
3760,Nudity (Topless)
4293,John Candy
4621,Bruce Willis
4900,Zach Galifianakis
5151,Nudity (Topless)
5609,Lucy Liu
6264,Aaron Eckhart
6808,Clint Eastwood
7236,post-apocalyptic
7991,Sylvester Stallone
8225,Patricia Tallman
8947,not remotely scary
30894,Michael Keaton
31150,Nazis
40412,Paddy Considine
40412,revenge
40959,Billy Bob Thornton
40959,black comedy
40959,John Cusack
42725,cannabis
42725,drugs
42725,video game testers
43932,this is just shit..haha
45431,Bruce Willis
47261,radio
48142,1940's
48142,Nudity (Rear)
48142,Nudity (Topless)
49284,Morgan Freeman
49347,Bruce Willis
49347,dramatic irony
51091,Nudity (Topless)
51091,Samuel L. Jackson
55241,Seann William Scott
56801,predalien
56801,what AVP should have been
61248,Jason Statham
64231,Ray Stevenson
64231,Wayne Knight
66198,Clive Owen
68205,Amy Smart
68205,fast paced
68205,Jason Statham
69606,Matthew McConaughey
69606,Michael Douglas
71211,Matt Damon
71211,mental illness
71211,price fixing
71254,action
71254,alternate reality
74795,CIA Agent
74795,Matt Damon
76060,broken lizard
77364,Based on a comic book
77667,Val Kilmer
2421,2021
3534,< 2019
5620,< 2019
48032,atmosphere
48032,music
48032,Nicoletta Braschi
48032,Tom Waits
96020,Argentina
96020,funny
96020,Spanish
8253,adventure
8253,Hayao Miyazaki
8253,visuals
27592,absurdism
1273,atmospheric
1273,deadpan
1273,feel-good
1681,so bad it's good
5643,essay film
5684,essay film
6123,dream-like
6123,essay film
6433,experimental
6643,Classic
6643,Criterion
6643,family
8199,Criterion
8199,Kenji Mizoguchi
8199,masterpiece
8906,controversial
8906,social commentary
32875,Criterion
32875,Jacques Tati
32875,slapstick
98061,coming of age
98061,japanese
98061,melodrama
98607,crazy
98607,kaleidoscopic
109968,japan
109968,pop culture
109968,samurai
109968,Shion Sono
114066,biopic
114066,musicians
138632,comedy
138632,comic adaption
138632,crazy
138632,kaleidoscopic
138632,manga
55207,artsy
55207,insomnia
55207,surreal
23,assassination
23,cat
23,contract killer
23,mexican standoff
23,Seattle
490,doctor
490,fraud
490,insurance fraud
490,murders
490,psychopath
861,explosions
861,fighting
1597,cia
1615,airplane
1615,Alaska
1615,bear
1615,bears
1615,emergency landing
1689,Bill Murray
1689,funny
1689,hilarious
1689,mistaken identity
1689,spies
1792,agent
1792,detective
2322,alien planet
2819,assassins
3104,bail jumper
3104,comedy
3104,ex-cop
3505,cover up
3505,espionage
3576,aliens
3576,fbi
3576,fbi agent
3576,mind control
3576,parasite
3765,bank robber
3985,assassination
3985,behind enemy lines
3985,espionage
3985,kidnapping
4443,corruption
4443,drugs
4443,jupiter
4498,Dirty Harry
4498,media
4498,reporter
4498,serial killer
4632,assasination plot
4632,cold war
4632,hitman
4889,gold
4889,heist
4889,unrealistic
4945,Alcatraz
4945,inspector
4945,magnum
4945,police
4945,predictable
4957,revenge
5437,1980s
5437,helicopter
5437,laser
5437,nuclear
5437,plutonium
5782,unpredictable
6979,phreaking
7017,action
7017,airplane hijacking
7017,airport
7017,ex-cop
7017,fbi agent
7616,stalking
8614,amnesia
8614,boat
8614,yacht
26172,hallucinatory
26172,organized crime
26172,revenge
26249,false identity
26249,gunslinger
26249,saloon
26467,cold war
26467,disaster
26467,nuclear bomb
26467,nuclear war
26467,nuclear weapons
26745,company
26745,corporate takeover
26745,stock market
36519,action
36519,car chase
36519,cars
51357,investigation
51357,made for TV
51357,serial killer
51357,sexual predator
56156,assassin
56156,bad acting
56156,bad plot
81782,courage
81782,freight train
81782,runaway train
81782,suspense
133195,action
133195,assassin
133195,based on video game
133195,futuristic
133195,good visual
146024,musical
146024,USSR
146024,Western Comedy
152591,biography
152591,kung fu
152591,martial arts
152591,wing chun
1983,Donald Pleasence
1983,Halloween
1983,Michael Myers
1983,sequel
1984,misleading name
1984,Ruined the franchise
2565,musical
3843,campy
3843,cheesy
3843,horror
5833,atmospheric
5833,campy
5833,cult
6615,corny
55282,Josh Hartnett
55282,remote location
4857,Musical
32582,beautiful
110501,brutal
110501,intense
110501,martial arts
3379,post-apocalyptic
107348,Steve Carell
107348,stupid but funny
32906,betrayal
32906,philosophical
32906,survival instinct
52694,Rowan Atkinson
114670,crazy
128512,Cara Delevingne
27584,comedy
27584,horror
27584,mindfuck
27584,mystery
27584,scary
1688,animation
202,David Thewlis
202,Great direction
202,Leonardo DiCaprio
1049,chilling
2046,Sci-Fi
2362,Ed Wood
40478,rabbits
87869,black comedy
87869,Jennifer Aniston
5316,science
112,bad dub
112,dubbing
112,fight scenes
1218,airport
1218,assassin
1218,assassination
1218,Chow Yun Fat
3819,1980s
3819,charming
3819,cooking
3819,fetishism
4713,drugs
27491,atmospheric
27491,cgi
27491,computer
27491,dim
30745,disappearance
30745,disgusting
30745,disturbing
30745,ew
42946,action
42946,colonialism
42946,comedy
42946,Hong Kong
42946,Jackie Chan
53022,80s video
53022,action
53022,Barcelona
53022,chase
53022,chinese
98633,action
98633,comedy
98633,Hong Kong
98633,Jackie Chan
98633,mafia
120919,action
120919,asian lgbt
120919,cop
120919,detective
120919,drama
174141,anime
174141,depressing
174141,erotic
174141,loss of innocence
174141,pact with the devil
37495,surreal
58,Pelis1
412,Pelis1
492,Pelis1
900,Pelis1
1277,Pelis1
2531,Pelis1
2532,Pelis1
2533,Pelis1
2872,Pelis1
4121,Pelis1
7007,Pelis1
110501,Pelis1
168248,Pelis1
50851,cocaine
1132,book
1132,Dramatic
1277,Drama
1277,Theater
112940,thriller
1685,Jewish identity
4803,Clint Eastwood
5021,Truman Capote
33836,under-rated
42007,blah
42730,feel-good
2474,gaming
2474,Paul Newman
2474,pool
3791,good music
3791,Kevin Bacon
4381,closeted homosexual
4381,comedy
4381,France
4381,life crisis
26422,hippies
26422,music
26422,nostalgia
58315,funny
58315,Jessica Alba
58315,Justin Timberlake
58315,Mike Myers
3512,Romantic and sweet
103372,bad script
103372,Melissa McCarthy
1719,Incest
82,2.5
83,3
116,2.5
184,2
290,3
319,3
322,2.5
514,1.5
760,3.5
996,1
1120,3.5
1447,2
1476,3.5
1844,3
2765,1
2943,2.5
2952,1
2976,3
3127,2
3158,1
3251,3.5
3266,1
3342,3
3357,4
3539,2
3706,3.5
3863,3
3896,2.5
3906,4
3989,3
4146,4
4312,2.5
4378,2.5
4711,3
4954,3
5051,1
5339,2
5792,3.5
5839,3
5840,1
5932,3
5949,1.5
6235,3
6893,2.5
6935,2
6978,1.5
6984,3
7256,3
7460,3.5
7884,1
7932,3.5
7976,3
8582,3.5
8907,4
8979,3.5
26606,1.5
27722,4
27912,3
31162,1.5
37240,4
6213,Bruce Willis
65,buddy comedy
2116,Epic
33683,disturbing
48518,Antisocial
48518,Cannibalism
48518,Crazy family
48518,Dark
48518,Home invasion
54281,coming of age
54281,depression
54281,drugs
54281,high school
54281,rebellion
58964,blood
58964,Dark
58964,Disgusting
58964,Distrubing
58964,extremely violent
70206,Antisocial
70206,Dark
70206,Home invasion
70206,Mask
70206,Masked killer
79798,artistic
82041,Crazy family
92439,aimless
92439,coming of age
92439,depressing
92439,depression
92439,High school
103219,creepy
103219,depressing
103219,gore
103219,gory
103219,gruesome
282,drama
668,realism
668,satyajit ray
2986,comic book
2986,dystopia
2986,Irvin Kershner
2986,robots
8879,Ingrid Bergman
8879,Sidney Lumet
5838,based on a book
145,action
880,island
880,mad scientist
7007,90s excess
7007,Bruce Willis
7007,cool dialogues
7007,corruption
31420,corruption
31420,Ethan Hawke
31420,Laurence Fishburne
31420,police corruption
54787,justice
54787,Kevin Bacon
68205,black humor
85796,B-movie
85796,brutality
85796,Rutger Hauer
85796,violence
93563,future
93563,misogynistic
93563,one-liners
101739,bloody violence
101739,brother sister relationship
101739,chainsaw
101739,demon
101739,demon possession
102033,Comedy 
102033,crime
102033,Dwayne Johnson
102033,jewish
102033,Mark Wahlberg
138210,based on a true story
138210,Michael Bay
138210,tower defence
138210,true story
138210,war
175661,Samuel L. Jackson
96110,crass
78316,Rewatchable
125914,mystery
125914,tension
2279,slasher
2995,haunted house
3798,ghost
3798,haunted house
4876,ghosts
6695,revenge
6952,psychology
6952,supernatural
33085,haunted house
33085,possession
33085,Ryan Reynolds
65882,psychological
65882,twist ending
76030,psychological
112727,horror
112727,paranormal
112727,possession
114246,Liam Neeson
114246,serial killer
140523,horror
140523,plot twist
156726,horror
156726,serial killer
156726,suspense
156726,thriller
183295,haunted
932,Infidelity
5066,sappy
36525,Mark Ruffalo
68135,Zac Efron
368,Mel Gibson
1702,Robin Williams
1911,Eddie Murphy
2273,Chris Tucker
2273,Jackie Chan
3977,predictable
3977,silly
4084,Eddie Murphy
4141,Freddie Prinze Jr.
4388,stupid
4974,stupid
4992,Hugh Jackman
4992,Meg Ryan
4992,Romance
5448,funny
5448,wasted potential
5957,Hugh Grant
6266,Amanda Bynes
6994,Michael J. Fox
90647,cats
90647,parody
93831,sexist
95105,forgettable
95858,Funny
127052,Leonid Gayday
130686,deconstruction
130686,meta
131013,will ferrel
134326,Chelentano
134393,Amy schumer
134393,Stupid
140711,Jesse Eisenberg
140711,Kristen Stewart
140711,spy
141004,Daniel Radcliffe
141004,James McAvoy
147196,comedy
147196,romance
147250,soviet classics
147250,Vasiliy Livanov
6882,aliens
6882,time travel
54256,cool beans
196,alien
196,aliens
196,erotic
2859,concert
2859,music
3699,aliens
3699,sci-fi non-violent mostly
27846,capitalism
27846,documentary
27846,documentary critique
27846,edifying
27846,informative
27873,documentary
27873,heavy metal
27873,Metallica
53894,american idiocy
53894,Michael Moore
106889,art
106889,documentary
127146,documentary
127146,grunge
127146,Kurt Cobain
127146,music
127146,music documentary
137337,Amy Winehouse
137337,depression
137337,documentary
137337,jazz
151759,Critique
151759,democracy
151759,documentary
151759,economics
151759,history
171011,David Attenborough
3077,The Up Series
3405,Criterion
49917,Spike Lee
105,affair
105,bittersweet
105,Clint Eastwood
1216,Luc Besson
3444,Jean-Claude Van Damme
3444,martial arts tournament
4373,Chris Rock
94810,robots
41627,samurai
33646,prison
113862,great soundtrack
678,short
1423,racism
1939,USA film registry
2376,007
2949,007
2989,007
2990,007
2991,007
2993,007
3633,007
3635,007
3638,007
3984,007
4005,007
5298,Charlie Kaufman
5796,007
7243,USA film registry
7294,election
7294,president
7294,romcom
7440,Pledge of Allegiance
7570,007
7573,007
8860,bad acting
27830,golf
27837,airplane accident
27837,desert
27837,remake
41769,asperger syndrome
41769,asperger's syndrome
50923,deus ex machina
50923,movie physics
57243,egyptian
57243,music
5110,Nudity (Topless)
5110,police
78772,friendship
78772,relationships
78772,vampires
30,Gong Li
30,mistress
30,Zhang Yimou
326,Gong Li
393,everything is bad about this movie.
446,epic
446,Gong Li
517,Michael Crichton
517,Nudity (Topless)
517,Tia Carrere
610,adult animation
610,sci-fi
1273,atmospheric
1273,black and white
1346,Annette O'Toole
1346,erotic
1346,held captive
1346,Nastassja Kinski
1616,female director
1616,female lead
1616,Nicole Kidman
1656,beautiful
1656,Joseph Conrad
1656,Rachel Weisz
1959,Africa
2094,Jennifer Connelly
2429,Charlize Theron
2606,Jessica Alba
2713,animal horror
2713,maine
2713,Mariska Hargitay
3248,Whoopi Goldberg
3765,Jennifer Connelly
3765,Nudity (Full Frontal - Notable)
4155,Charlize Theron
4228,con artist
4545,artificial intelligence
4661,Ellen Barkin
4919,Christopher Lambert
4919,Isabelle Adjani
4919,stylized
5478,creature feature
5478,Giant spiders
5912,soundtrack
6379,Eliza Dushku
6379,Emmanuelle Chriqui
6713,dreamlike
6713,romantic epic
7027,70mm
7027,Brian Dennehy
7027,Danny Glover
7027,John Cleese
7027,Kevin Costner
7178,Robert Redford
7743,adventure
7743,Joe Dante
26694,Zhang Yimou
37853,Jessica Alba
45969,cleavage
45969,dream girl
45969,Frank Whaley
45969,Jennifer Connelly
91094,cameo-fest
91094,Jim Henson
91094,muppets
92694,atmospheric
92694,Eva Green
102716,action
102716,automobile racing
102716,cars
102716,Dwayne Johnson
102716,Gina Carano
105585,black comedy
105585,Danny Trejo
106491,asian mysticism
106491,fantasy
111663,funny
116668,good bad
116668,horror comedy
116668,Nazis
116668,zombie
130576,cinematography
130576,Jeff Nichols
130576,religious sect
130576,sci-fi
134528,Emma Stone
134528,Hawaii
160573,Bryce Dallas Howard
160573,fantasy
160573,Robert Redford
165101,Felicity Jones
165347,Cobie Smulders
27482,bad sequel
4069,chick flick
4069,Jennifer Lopez
4069,Matthew McConaughey
32289,figure skating
2973,philosophical
3978,Charlize Theron
3978,good ending
3978,Matt Damon
3978,Will Smith
6542,Finnish
249,Classical music
265,magic
2622,based on a book
2622,Fantasy
7579,Jane Austen
152085,Chase
152085,Spanish
152085,Vigilante
3761,gangs
3761,prison
48416,PUA
168248,action
168248,Keanu Reeves
168712,סרטים 2017
175661,Action
3313,Crazy brilliant movie love it!
26,Nudity (Topless)
2840,jesus
5135,bollywood
6104,jesus
51884,bollywood
326,Gong Li
326,poignant
154,double life
154,masochism
82,netflix
302,netflix
959,netflix
1123,netflix
1162,netflix
1412,oppl
1834,netflix
1939,oppl
2065,netflix
2359,Ireland
2359,Irish
2359,NOT British
4801,netflix
6042,netflix
6182,oppl
6869,netflix
7061,netflix
7082,oppl
7116,oppl
7333,oppl
7479,netflix
7832,netflix
7833,netflix
7835,netflix
8207,oppl
8232,netflix
8302,netflix
8335,netflix
8753,netflix
8933,netflix
25850,KATHARINE Hepburn
25886,netflix
25906,netflix
26116,oppl
27255,netflix
27716,netflix
27866,netflix
31903,netflix
32657,netflix
38198,netflix
44633,netflix
46855,oppl
47725,netflix
48032,netflix
48872,netflix
50658,netflix
53883,netflix
54745,netflix
55156,netflix
59440,anti-abortion
65037,netflix
69529,netflix
70451,netflix
70533,netflix
70687,netflix
72395,new
73681,netflix
74677,netflix
78103,netflix
78746,netflix
80553,netflix
80584,oppl
81383,netflix
83270,feminism
83270,feminist
84187,netflix
86487,oppl
365,dramatic colouring
492,slow paced
506,stylized
1042,tom hanks
1077,slapstick
1083,Jack Lemmon
1083,too long
1411,Kenneth Branagh
1941,Criterion
2065,movies about movies
2065,Woody Allen
2973,Woody Allen
3438,campy
3536,numerous inaccuracies
5501,better as a child
6100,Woody Allen
6584,Woody Allen
46772,dark comedy
46772,Matthew Broderick
54185,artistic
54185,slow
56286,confusing
56286,David Cross
56286,surreal
61246,character portrays Jesus
61246,protagonist is insane
61350,Vin Diesel
69526,audience intelligence underestimated
69526,bad plot
69526,Michael Bay
69526,ridiculous
80906,overlong
80906,truth
540,voyeurism
3510,amazing
6193,good
5465,dark
5465,great soundtrack
5839,gentle
5839,humorous
5839,Marcel Pagnol
5840,family
5840,gentle
79553,chinese nationalism
156605,Adam Driver
156605,everyday life
1385,action
8870,bad ending
43908,Jason Statham
43928,stupid
28,Jane Austen
28,Regency England
28,Romance 
1238,atmospheric
1238,character development
1238,character driven
1238,Criterion
1238,existential
3260,Edwardian
25850,screwball comedy
71327,atmospheric
71327,peaceful
71327,poetic
71327,poets
71327,Regency England
6982,Janus 50
6982,ORPHANS
7587,reflective
6322,plot twist
61026,strategy
61026,war tactics
99992,IRA
114795,historically inaccurate
160271,Kevin Hart
89072,bleak
89072,dark
89072,dystopia
89072,emotional
89072,happy ending
289,destiny
1243,absurd
2840,jesus
3604,broadway
3963,broadway
4941,So bad it's good
7614,broadway
8366,christian
160080,female protagonists
3668,Drama
3668,Romance
38388,Drama
38388,Soccer
5329,drugs
351,children
1894,Harrison Ford
4835,Appalachia
4835,based on a book
4835,biography
5446,history
5446,indigenous
5446,true story
6549,2000s
6549,divorce
6549,poor script
6549,relationships
7255,one-dimensional characters
7255,sexist
8531,cross dressing
8531,whiteface
8866,no chemistry
43684,african americans
43684,interracial romance
43684,race issues
43930,Chris Pine
43930,cliche
45732,sexist
45732,stupid
50685,adultery
61250,female friendship
61250,friendship
93326,Love triangle
93326,stalking
94323,Meagan Good
94323,Michael Ealy
94323,Steve Harvey
96417,action
104906,annoying characters
104906,poor script
104906,stupid
111113,crude humor
112450,parody
117590,crude humor
117590,funny
130490,strong female character
134861,comedy
134861,race
134861,stand-up
5772,political
8530,pick-dad
8530,pick-mom
74,chick flick
204,action
252,chick flick
317,holiday
368,con men
514,holiday
1179,con men
1591,super hero
2723,super hero
4823,chick flick
8132,fighting
6967,anthology
6967,british horror
6967,portmanteau
87,hotel manager
87,orangutan
645,French Film
645,love triangles
1772,music
1772,musicians
1772,sequel
2108,magical realism
2108,quirky
2108,Steve Martin
2976,atmospheric
3248,Bill Duke
3248,board of education
3248,catholic school
3248,choir
3388,bigfoot
3388,cryptozoology
3388,family
3429,Aardman studios
3672,dog
3747,dark comedy
4757,metal
7019,chimp
7019,chimpanzee
7019,hidden gem
7019,monkey
36525,chick flick
36525,happy ending
36525,Mark Ruffalo
36525,Reese Witherspoon
42732,Queen Latifah
42732,romance
52319,historically inaccurate
52319,World War II
55245,Jessica Alba
55245,Teenage Witch
60516,alien
60516,Eddie Murphy
60516,enjoyable
60516,good laughs
62439,crude humor
62439,R
66544,World War II
83086,bad acting
168248,action
668,Bengal
49,lesbian
1897,lesbian
2312,Marlee Matlin
2774,lesbian
3046,lesbian
6765,lesbian
7615,lesbian
8918,lesbian
32300,Jordana Brewster
32300,lesbian
32598,Red Sox
32598,World Series
45440,lesbian
55451,lesbian
55844,lesbian
59258,Tina Fey
61401,Stana Katic
69805,Stana Katic
73015,alec baldwin
543,Mike Myers
4699,Antonio Banderas
5329,enigmatic
5329,stylized
54962,thought-provoking
26422,hippies
26422,music
6893,heist
26375,setting:train?
26375,train
67923,cars
67923,Racing
67923,Vin Diesel
100498,Bruce Willis
116887,ancient civilization
116887,biblical
116887,religion
203,transsexuals
78746,b-movie
78746,comedy
567,Almodovar
204,action
2460,horror
371,journalism
2024,christianity
127114,character driven
127114,character study
127114,conversational
127114,existentialism
127114,great dialog
5080,Jason Schwartzman
5080,Jason Segel
6193,good story
6193,Horrible acting
6193,ridiculous dialogue
6193,twist ending
30825,Dustin Hoffman
38095,crime
38095,korean
2116,Tolkien
1042,music
111320,christian
5051,but lighter
5051,not as good as other dogme films
2991,007
4915,1980s
4915,sword and sandal
4915,sword and sorcery
5585,stupid
282,drama
90576,comedy
90576,relationships
90576,romance
114762,comedy
114762,romance
7025,action
7025,adventure
7025,drama
7025,history
8340,Clint Eastwood
140715,dr. dre
140715,rap music
140715,rappers
140715,west coast rap
112804,Sexy
4989,method man
4989,redman
4989,weed
5425,aviation
5425,world war II
120138,no religion
7075,My favorite movie ever
2557,disturbing
6184,atmospheric
6184,stylized
6184,surreal
26231,enigmatic
26231,hallucinatory
26717,dark
26717,experimental
26717,psychedelic
26717,surrealism
26717,symbolic
59026,consumarism
59026,dreamlike
59026,satire
59814,insane
59814,visually stunning
59814,weird
66310,countryside
66310,french horror
66310,independent film
66310,New French Extremism
66310,violence
105801,hidden cameras
105801,surreal
2435,great script
2435,old FX quality
6551,anarchism
6551,anarchy
7976,unsimulated sex scenes
43908,Drugs
43908,sexy girls
43921,stylized characters
8117,black comedy
27716,Anders Thomas Jensen
3980,inspirational
4563,Comedy
4563,family
4563,funny
4563,science
4614,Cheesy
4614,Revenge
4614,Thailand
49314,crime
49314,Gangsters
49314,Mexican
742,bad acting
742,bad ending
742,entitlement
742,illogical
742,interesting premise
748,alien invasion
748,aliens
748,Charlie Sheen
748,conspiracy
748,conspiracy theory
998,Black cast
1515,destruction
1515,disaster
1515,heroism
1515,natural disaster
1515,volcano
1556,collision course
1556,disaster
1556,explosions
1556,Sandra Bullock
1603,animal horror
1603,child killing
1603,disease
1603,epidemic
1603,evolution
2613,bad plot
2613,end of the world
2613,post-apocalyptic
2633,hokey
2633,old
2699,animal attack
2713,action
2722,action
2722,animal horror
4343,alien invasion
4343,alien life-form
4343,aliens
4626,1980s
4626,apocalypse
4626,chaos
4626,dark comedy
4626,disaster
5065,alien life-form
5171,future
5171,inventor
5784,Disturbing 
5784,mass murder
7045,Angelica Huston
7045,Jim Henson
7045,Roald Dahl
34143,stupid ending
36509,creature feature
36509,ending
36509,Lena Headey
36509,monsters
36509,parasite
45442,big budget
45442,cataclysm
45442,disaster
45442,giant wave
52644,good acting
52644,Kate Beckinsale
52644,slasher
52644,smart characters
52644,survival horror
53129,Dane Cook
55492,arctic
55492,bad cgi
55492,bad ending
56801,alien
56801,aliens
56801,bad lighting
58297,apocalypse
58297,epidemic
58297,futuristic
58297,girl power
58332,apocalypse
58332,bad acting
58332,character driven
58332,filmmaking
58332,found footage
70208,contrived
70208,flashbacks
70208,Milla Jovovich
70208,suspense
70208,Timothy Olyphant
79057,action
86911,bachelor party
89030,Anton Yelchin
89030,Colin Farrell
89030,comedy horror
97988,found footage
97988,infestation
97988,outbreak
97988,pollution
99145,catastrophe
99145,natural disaster
103339,action
103339,explosions
103339,Left-Wing Propaganda
103339,Thriller 
106785,home defense
106785,Jason Statham
106785,Revenge 
106785,revenge motive
106785,self-defense
106839,biography
106839,nelson mandela
107953,anime
108945,action
108945,cyborg
108945,future
120635,action
120635,contrived
120635,Forest Whitaker
120635,Liam Neeson
120635,Revenge 
133377,Aliens 
133377,atmospheric
133377,bloody
133377,claustrophobic
133377,confusing
134393,Amy schumer
134393,career vs. relationship
134393,cynical
135133,dystopia
135133,good prevails
135133,Josh Hutcherson
140523,found footage
140523,imposter
140523,M. Night Shyamalan
141866,Anton Yelchin
141866,revenge
141866,survival
146656,boxing
146656,sports
156726,clever
170817,Amy Schumer
170817,comedy
170817,ecuador
170817,funny
178613,stand-up comedy
179491,fourth wall
183011,action
183011,intrigue
183011,Liam Neeson
183011,nail-biting
183227,stand-up comedy
184931,action
184931,Bruce Willis
184931,dark hero
184931,moral decisions
184931,Revenge 
1958,3 tissues
55995,animation
132153,absurd
132153,black comedy
132153,dark
132153,experimental
132153,slacker
6368,Can you dislike these people after all
22,thriller
31,inspirational
157,politics
440,politics
519,franchise
1388,always watch it when it's on tv
1388,animal attacks
1388,sequel
1388,shark
1390,politics
1589,ensemble cast
1834,mystery
2024,christianity
2026,high school
2359,British
2383,police
2500,high school
2808,cyborgs
2882,nazis
2919,politics
3044,mystery
3219,suspense
3519,nazis
3675,Christmas
3980,inspirational
4124,ridiculous
4124,shark
4354,bad cop
4354,home invasion
4388,stupid
4557,cars
4974,stupid
5363,high school
5785,stupid
7155,British
7155,cancer
7846,fun
7846,monster
7846,silly
7846,unrealistic
947,classic
947,comedy
947,great depression
947,wealth
950,classic
950,comedy
950,quirky
1932,classic
1932,comedy
1932,love
1932,musical
2421,drama
2421,japan
2929,drama
2929,journalism
2929,revolution
5027,action
5027,buddy
5027,comedy
5027,crime
5027,prison
6014,action
6014,buddy
6014,comedy
7379,historical
7379,mexico
7379,revolution
7379,texas
7834,classic
7834,comedy
7834,quirky
8225,horror
8225,suspense
27808,family
27808,mexico
27808,romance
37477,action
37477,comedy
37477,grun running
431,Al Pacino
1120,freedom of expression
5283,College Humor
70862,rock and roll
188797,Jon Hamm
4612,reciprocal spectator
4708,reciprocal spectator
6400,documentary
71494,Narrative pisstake
81158,american idolatry
90769,celebrity fetishism
90769,mediacentralism
90769,system holism
96084,city politics
96084,italy
96084,political right versus left
118784,documentary
118784,music industry
118784,remix culture
127172,film history
127172,poetic
127172,representation of children
69712,genuine characters
113604,drama
113604,touching
117590,funny
117590,Jennifer Aniston
4929,Racist As hell
54648,POS movie
56805,Terrible
2111,Carl Reiner
2111,farce
2111,Kathleen Turner
5603,British
5603,caper
5603,crime
5603,heist
6951,Dr. Seuss
7979,concert
7979,music
8126,Criterion
134849,bugs bunny
134849,daffy duck
134849,looney tunes
134849,short
139415,academia
176601,Not the TV Show
80839,horses
80839,Motivation
81191,education
81191,Motivation
94070,acting
4710,Grumpy old man
4710,John Wayne
632,socialism
2983,cold war
2983,spies
171765,heavy-handed
54780,nanny
269,Echo Park
269,girl gangs
1447,Tupac Shakur
2774,lesbian
3679,music documentary
3679,punk rock
3679,rock and roll
3833,mad scientist
3914,Gay
4477,Pee-Wee Herman
4597,Christian Slater
4863,Divine
4863,John Waters
4998,Tony Curtis
6269,foster child
6464,Kenan and Kel
6748,David Cronenberg
7033,Michael J. Fox
7340,gender-queer
49735,Gay Lead Character
1572,Jean-Luc Godard
4475,Walked out: violent
5034,all time favorite
64499,boring
81910,not well researched
81910,unbalanced
4255,absurd
26159,colorful
26159,Criterion
26159,stylized
26159,yakuza
163056,government
163056,japanese
163056,satire
149830,strong women
94070,bittersweet
94070,Feelgood
94070,India
94070,Judi Dench
3221,Peter Greenaway
41712,Paddy Considine
41712,Shane Meadows
26985,cyberpunk
59026,drugs
8,adapted from:book
8,author:Mark Twain
14,biopic
14,character based on real person:Richard Nixon
14,US President
15,pirates
26,adapted from:play
26,playwright:Shakespeare
28,18th century
38,twins/inter-related lives
41,adapted from:play
41,playwright:Shakespeare
92,related:Dr. Jekyll and Mr. Hyde
116,Oscar:documentary
116,The Shoah
135,setting:submarine
160,?adapted from:book
160,author:Michael Chricton?
169,animal:orca
169,animal:whale
178,adapted from:play
178,dark comedy
178,psychic character
178,serial killer
187,Bechdel Test:Pass
187,librarians
187,protagonist is `party girl'
187,setting:library
234,sexuality:BDSM
239,Disney animated feature
242,castration
242,opera
252,character based on real person:Albert Einstein
252,character based on real person:Marilyn Monroe
265,food/cooking
265,magic realism
273,adapted from:book
276,male teenager(s) & female prostitute(s)
277,Xmas theme
280,courtroom setting
290,rape
317,Xmas theme
349,?adapted from:book
350,adapted from:book
350,author:John Grisham
350,lawyer as protagonist
355,animation remade as live action
355,Based on a TV show
362,adapted from:book
362,author:Rudyard Kipling
371,journalism
371,news media
374,adapted from:comic
379,time travel
381,co-dependancy
382,killer-as-protagonist
382,werewolf
412,adapted from:book
419,Based on a TV show
421,animal:horse
435,Based on a TV show
440,A presidential look-alike takes over as Commander in Chief and uses his time in office to work for ordinary people.
455,animal:orca
455,animal:whale
488,adultery
488,alter ego
495,BFI classic
506,adapted from:book
506,author:Virginia Woolf
506,gender identity
511,sport:American football
512,adapted from:book
512,author:Robert Heinlein
519,android(s)/cyborg(s)
538,adapted from:play
550,group sex
558,dragon
585,based on a TV show
613,adapted from:book
613,author:Charlotte Bronte
636,adapted from:book
636,author:Dennis Cooper
636,serial killer
637,Based on a TV show
661,adapted from:book
661,author:Roald Dahl
661,Disney animated feature
663,based on a TV show
663,sketch comedy
709,adapted from:book
711,animal:porpoise
711,Based on a TV show?
720,claymation
728,adapted from:book
728,author:Stella Gibbons
728,Bechdel Test:Pass
728,Jane Austen
728,Made for TV
743,parody
743,related:007 (series)
782,related:Star Wars
818,adapted from:TV show
818,Based on a TV show
839,adapted from:comic
849,character:Snake Plissken
849,dystopia
880,adapted from:book
880,author:H. G. Wells
891,character:Michael Myers
891,murder
891,serial killer
891,subgenre:slasher
892,adapted from:play
892,playwright:Shakespeare
893,disambiguation:Mother Night/Night Mother
897,adapted from:book
897,author:Ernest Hemingway
927,adapted from B'way
929,journalism
937,setting:Paris
937,subgenre:farce
938,adapted from:play
942,adapted from:book
942,author:Vera Caspary
942,Bechdel Test:Pass (technically but not really)
943,ghosts/afterlife
944,adapted from:book
952,adapted from:book
952,author:Jules Verne
959,adapted from:book
973,compare: This Is Our Land (2017)
973,reviewed in the NYer by Anthony Lanne (2018-04-30)
973,theme:politics
976,adapted from:book
976,author:Hemingway
1005,sport:ice hockey
1006,adapted from:book
1006,author:John Grisham
1006,courtroom drama
1006,murder
1006,racism
1007,Disney studios
1009,Disney studios
1009,telepathy
1010,animal:bear (scene)
1010,automobile racing
1010,Bechdel Test:Fail
1010,character:automobile
1011,anthropomorphism
1011,character:car
1011,Herbie The Love Bug (series)
1012,animal:dog
1012,tear jerker
1013,twins/inter-related lives?
1014,Disney studios
1016,animal:dog
1017,Disney studios
1018,animals - live action
1019,adapted from:book
1019,author:Jules Verne
1019,setting:submarine
1021,sport:baseball?
1023,adapted from:book
1023,Disney animated feature
1023,series:Pooh
1024,Disney animated feature
1042,muscial band
1066,Astaire and Rogers
1068,noir thriller
1099,adapted from:play
1099,author:Charles Dickens
1099,Xmas theme
1135,military recruits/training
1140,biographical
1147,character based on real person:Muhammad Ali
1147,sport:boxing
1161,?adapted from:book
1179,adapted from:book
1191,rock concert footage
1216,Cinéma du look
1216,scuba diving
1224,adapted from:play
1224,playwright:Shakespeare
1264,metro
1264,stylish
1264,Tumey's DVDs
1286,time travel
1322,subgenre:haunted house
1323,subgenre:haunted house
1324,subgenre:haunted house
1327,dwelling as character
1327,subgenre:haunted house
1328,subgenre:haunted house
1361,courtroom
1361,murder
1366,adapted from:play
1366,author:Arthur Miller
1367,adapted from:book
1367,animation remade as live action
1367,Disney animated feature
1381,high school
1416,adapted from B'way
1416,playwright:Andrew Lloyd Weber
1422,conspiracy theory
1460,animal:cat
1460,animals - live action
1479,Based on a TV show
1479,plot point:sudden scientific insight
1479,unbelievably sexist (even for its time)
1496,adapted from:book
1502,sexuality:necrophilia
1542,competition
1586,military
1602,Based on a TV show
1643,Bechdel Test:Fail
1643,Bechdel Test:Who Cares
1643,biographical
1643,character based on a real person:Disraeli
1643,character based on real person:Queen Victoria of UK
1648,adapted from:book
1648,author:Dick King-Smith
1650,adapted from:book
1650,author:Henry James
1665,Based on a TV show
1674,murder
1678,adapted from:book
1681,adapted from:game
1683,adapted from:book
1683,author:Henry James
1684,adapted from:book
1684,author:Virginia Woolf
1711,adapted from:book
1719,ghosts/afterlife
1731,animation remade as live action
1731,Based on a TV show
1735,adapted from:book
1735,author:Charles Dickens
1772,Based on a TV show
1810,Bechdel Test:Pass
1816,group sex
1831,Based on a TV show
1881,Arthurian legend
1911,adapted from:book series
1911,animals
1911,author:Hugh Lofting
1911,setting:San Francisco
1919,adapted from:book series
1919,Bechdel Test:Pass
1919,plot:mean man trying to close school run by nun
1919,setting:Paris
1934,adapted from:play
1934,Oscar:Best Picture
1941,adapted from:play
1948,adapted from:book
1951,adapted from B'way
1951,adapted from:book
1951,author:Charles Dickens
1957,athletic apex
1969,character:Freddy Krueger
1969,murder
1969,serial killer
1969,subgenre:slasher
1970,character:Freddy Krueger
1970,murder
1971,character:Freddy Krueger
1971,murder
1971,serial killer
1972,character:Freddy Krueger
1972,murder
1972,serial killer
1972,subgenre:slasher
1977,character:Jason Vorhees
1977,murder
1977,serial killer
1977,subgenre:slasher
1978,alternate reality
1978,character:Jason Vorhees
1978,murder
1978,serial killer
1980,character:Jason Vorhees
1980,murder
1985,character:Michael Myers
1985,murder
1985,serial killer
1985,subgenre:slasher
1986,character:Michael Myers
1986,murder
1986,serial killer
1986,subgenre:slasher
1995,ghosts
1996,ghosts
2002,subgenre:cop buddies
2014,Bechdel Test:Pass
2014,car chase
2014,remadeAs:Freaky Friday(2003)
2014,remakeOf:Freaky Friday (1977)
2015,Disney studios
2016,Disney studios
2033,Disney animated feature
2034,Disney studios
2042,sport:ice hockey
2044,back from the dead
2044,character is supernatural
2044,devil
2048,Disney animated feature
2048,Sherlock Holmes
2050,anthropomorphism
2050,character:car
2050,Herbie The Love Bug (series)
2051,anthropomorphism
2051,character:car
2051,Herbie The Love Bug (series)
2057,Disney studios
2071,?social commentary
2071,topic:AIDS/HIV
2083,adapted from:play
2083,author:Charles Dickens
2083,muppets
2083,Xmas theme
2084,Disney studios
2088,animation remade as live action
2089,Disney animated feature
2097,adapted from:book
2097,author:Ray Bradbury
2099,animation & live action interact (scene)
2099,Disney studios
2104,author:S.E. Hinton
2107,character:Michael Myers
2107,murder
2107,serial killer
2107,subgenre:slasher
2110,hypertextual
2110,pastiche
2120,adapted from:book
2120,author:Stephen King
2121,adapted from:book
2121,author:Stephen King
2121,not about ice hockey
2135,adapted from:book series
2135,animal:parrot
2135,animal:seal
2135,animals
2135,author:Hugh Lofting
2137,adapted from:book
2139,adapted from:book
2141,Amblin
2147,adapted from:book
2149,subgenre:haunted house
2184,adapted from:book
2184,dark comedy
2184,plot revolves around troublesome dead body
2187,actors
2201,adapted from:book
2201,courtroom
2201,murder
2210,setting:London (UK)
2210,setting:WWI
2211,adapted from:book
2211,adapted from:play
2211,espionage
2211,novelist as protagonist
2212,assassin shooting in auditorium
2212,civilian caught up in intrigue
2243,news media
2245,Bechdel Test:Pass
2245,infidelity
2245,setting
2249,adultery
2249,Bechdel Test:Fail
2249,comedy about witness protection/relocation
2249,mafia
2253,disambiguation:Toy(s)
2253,weapons industry
2257,female stripper (scene)
2257,male teenager(s) & female prostitute(s)
2257,music is key to story (not Musical genre)
2257,photographer as protagonist
2257,protagonist is photographer
2301,multiple episodes in one
2316,magic
2320,Nazis
2328,vampire
2348,based on a true story
2348,biographical
2365,subgenre:Kaiju
2367,woman carried onto tall building
2370,setting:jungle
2376,007 (series)
2376,assassin
2376,killer as protagonist
2376,murder
2389,Hitchcock
2389,murder
2389,remakeOf:Psycho (1960)
2389,see also:Psycho (1960)
2392,Xmas theme(?)
2406,Bechdel Test:Fail
2412,competitive sport
2412,sport:boxing
2414,Sherlock Holmes
2431,based on a true story
2433,adapted from:book
2433,courtroom drama
2447,high school
2447,sport:American football
2450,adapted from:comic
2454,sequelTo:The Fly (1958)
2462,murder
2462,serial killer
2462,subgenre:slasher
2494,The Shoah
2498,Based on a TV show
2517,adapted from:book
2517,author:Stephen King
2517,character:car
2531,"""damn dirty apes"""
2532,"""damn dirty apes"""
2533,"""damn dirty apes"""
2539,mafia
2539,psychiatrist
2539,psychiatrist as protagonist
2559,adapted from:B'way
2559,animation based on live action
2559,protagonist is a teacher
2559,protagonist is royal
2559,See also:The King and I (1956)
2565,adapted from B'way
2565,Cla
2567,see also:The Truman Show
2581,high school
2611,adapted from:play
2611,Bechdel Test:Fail
2611,family
2611,father-daughter relationship
2611,father-son relationship
2622,adapted from:play
2622,playwright:Shakespeare
2625,protagonist is a librarian
2643,adapted from:comic
2643,alter ego
2668,?adapted from:comic
2668,?author:Len Wein
2670,setting:wartime
2688,rape
2690,adapted from B'way
2690,adapted from:play
2690,playwright:Oscar Wilde
2693,Star Trek
2702,murder
2702,serial killer
2709,muppets
2719,dwelling as character
2719,subgenre:haunted house
2720,animation remade as live action
2720,Based on a TV show
2736,adapted from B'way
2747,anthropomorphic plant
2747,See Also:Little Shop of Horrors (1986)
2770,about movie making
2770,parody
2770,related:007 (series)
2774,queer
2779,adultery
2779,angelic intervention
2779,back from the dead
2779,fate vs. free will
2779,ghosts/afterlife
2793,killer-as-protagonist
2793,werewolf
2794,National Lampoon
2820,adapted from:play
2820,adultery
2820,murder
2820,performance (movie play etc) in a movie
2820,playwright:Shakespeare
2828,animation remade as live action
2828,Based on a TV show
2847,related:Rio Bravo
2847,related:To Have and Have Not
2848,adapted from:play
2848,playwright:Shakespeare
2852,military
2852,murder
2861,sport:baseball?
2874,adapted from:B'way
2877,Rock Opera
2882,adapted from:book
2882,author:Jurek Becke
2886,Based on a TV show?
2886,muppets
2899,adapted from:book
2899,author:J. Swift
2902,murder
2903,murder
2915,male teenager(s) & female prostitute(s)
2915,sickening
2921,genre:western noir
2928,adapted from:book
2928,author:W. Somerset Maugham
2940,adultery
2940,Bechdel Test:Fail
2940,murder
2940,Related:Notorious (1946)
2941,adapted from B'way
2946,music:Rock and Roll (1960s)
2946,music:Rock and Roll (The Beatles)
2946,musical band:The Beatles
2946,The Beatles
2949,007 (series)
2949,assassin
2983,espionage?
2986,android(s)/cyborg(s)
2989,007 (series)
2989,assassin
2989,killer as protagonist
2989,murder
2990,007 (series)
2990,assassin
2990,killer as protagonist
2990,murder
2993,007 (series)
2993,assassin
2995,dwelling as character
2995,subgenre:haunted house
3011,competition:dance marathon
3028,adapted from:play
3028,playwright:Shakespeare
3031,The Exorcist
3036,adapted from:book
3040,setting:summer camp
3044,murder
3044,past lives
3044,time
3053,biographical
3060,awesome soundtrack
3060,infidelity
3060,music
3060,music:rhythm & blues
3060,working class
3067,BFI modern classic
3079,adapted from:book
3079,author:Jane Austen
3102,courtroom
3102,lawyer as protagonist
3102,murder
3111,award:Oscar:screenplay
3111,writer:Robert Benton
3112,adapted from:play
3112,disambiguation:Mother Night/Night Mother
3112,playwright:Marsha Norman
3130,adapted from:book
3141,prequel to:The Two Jakes
3141,sequel to:Chinatown
3153,dragon
3159,classical music
3159,Disney animated feature
3179,adapted from:book
3179,author:Frank McCourt
3179,Judaism
3204,cloning
3204,Nazis
3208,cameo:Bruce Willis
3213,adapted from:comic
3213,alter ego
3213,Batman (series)
3214,athletic apex
3214,competition:biking
3214,sport:bike racing
3217,kuenstlerroman
3221,adultery
3221,murder
3244,adapted from B'way
3251,adapted from:play
3253,Based on a TV show
3253,Bechdel Test:Fail
3253,SNL alums
3254,Based on a TV show
3254,SNL alums
3260,adapted from:book
3260,author:E. M. Forster?
3263,sport:basketball
3264,parody (lite)
3266,dark comedy
3266,rape
3267,violence
3287,Disney animated feature
3287,series:Pooh
3296,high school
3296,protagonist is a teacher
3334,adapted from:play
3334,Bogart & Bacall
3334,mafia
3334,murder
3341,adapted from:play
3341,America porn
3341,Bechdel Test:Pass (barely)
3341,playwright:Garson Kanin
3359,athletic apex
3359,coming-of-age
3359,sport:bike racing
3391,related:Bringing Up Baby (1938)
3396,based on a TV show
3396,muppets
3397,Muppets
3398,muppets
3420,courtroom drama
3420,rape
3428,sport:boxing?
3429,Aardman studios
3429,claymation
3438,adapted from:comic
3439,adapted from:comic
3439,animation remade as live action
3445,`murder investigation as dating service' (Monica Nolan in Bitch no.36)
3461,adapted from:book
3506,sport:American football
3507,adapted from B'way
3507,starring:Jack Lemmon&Walter Matthau
3513,courtroom
3513,military
3515,?alternate endings
3528,adapted from:book
3528,psychiatrist
3528,psychiatrist as protagonist
3529,see also:The Postman Always Rings Twice
3543,setting:Baltimore
3543,setting:diner
3548,adapted from B'way
3548,adapted from:book
3548,Bechdel Test:Pass
3548,queer
3563,adapted from:comic
3564,animation remade as live action
3564,Based on a TV show
3598,adapted from:play
3598,adultery
3598,murder
3598,playwright:Shakespeare
3604,adapted from:play
3633,007 (series)
3633,assassin
3633,killer as protagonist
3634,adapted from:book
3634,author:Charles W. Bailey II
3634,author:Fletcher Knebel
3634,screenwriter:Rod Serling
3635,007 (series)
3638,007 (series)
3638,assassin
3638,killer as protagonist
3638,murder
3672,animal:dog
3675,Xmas theme
3685,Compare:Mr. and Mrs. Smith (2005)
3685,dark comedy
3685,job/career vs. relationship/marriage
3685,killer-as-protagonist
3688,high school
3688,might hate
3693,Troma pictures
3694,Troma pictures
3695,Troma pictures
3706,magic
3719,adapted from:play
3719,playwright:Shakespeare
3723,adapted from:play
3723,adultery
3723,murder
3733,adapted from:book
3733,adaptedInto:Television series
3733,Bechdel Test:Fail
3733,filmed at:Univ. of Toronto
3754,Based on a TV show
3756,adapted from:book
3756,author:Henry James
3811,courtroom drama
3811,military
3831,adultery
3831,notable:pollywog
3831,plot:Bildungsroman but with middle-aged character
3831,plot:small British community comes together
3877,adapted from:comic
3946,adapted from:book
3946,adultery
3946,assassin
3946,infidelity
3946,killer-as-protagonist
3947,adapted from:book
3947,adultery
3947,assassin
3947,British gangsters
3959,author:H. G. Wells
3959,remadeAs:The Time Machine(2002)
3959,remakeOf:The Time Machine(1960)
3959,See also:The Time Machine(1960)
3959,time travel
3964,Disney animated feature
3990,Based on a TV show
3991,animal:dog
4005,007 (series)
4005,assassin
4005,killer as protagonist
4005,murder
4006,android(s)/cyborg(s)
4017,adultery
4017,biopic
4063,adapted from B'way
4084,setting:Playboy mansion (scene)
4086,setting:New Orleans
4113,author:Tennessee Williams
4133,Based on a TV show?
4142,adapted from:book series
4142,Jesus freaks
4153,ghosts/afterlife
4153,remakeOf:Here Comes Mr. Jordan
4156,espionage
4156,protagonist is teacher
4178,adapted from:book
4178,author:Steinbeck
4187,nun
4189,christian
4189,jesus
4193,adapted from:play
4210,murder
4210,serial killer
4211,based on a true story
4211,courtroom
4211,murder
4212,adapted from:book
4212,author:Agatha Christie
4220,RemakeOf:The Longest Yard (1974)
4220,RemakeOf:The Longest Yard (2005)
4220,sport:American football
4221,sport:American football
4234,adapted from:book
4234,author:John le Carre
4234,espionage
4248,adapted from TV show
4256,plot:client falls in love with sex worker
4259,adopted from:book
4259,author:Vladimir Nabokov
4265,sport:car racing (Formula 1)?
4280,adapted from:book
4280,author:John Irving
4285,setting:diner
4333,dark comedy
4349,adapted from:book
4351,bank robbery
4351,murder
4351,sport:surfing
4357,Bechdel Test:Fail
4357,notable scene:fashion show
4357,notable scene:orchestral intro
4357,protagonist is a gold digger
4368,adapted from:book series
4368,author:Hugh Lofting
4390,rape
4402,parody
4402,related:007 (series)
4409,serial killer
4429,adapted from:book
4429,author:Herman Melville
4464,adapted from:book
4465,courtroom drama
4465,rape
4499,con artists
4499,deception to win wager
4519,coming-of-age
4519,orphaned cartoon character
4535,adapted from:poem
4535,author:A.B. 'Banjo' Paterson
4545,robot
4562,Sherlock Holmes
4612,Cannes:jury prize
4612,character portrays Jesus
4612,jesus
4613,animal:dog
4630,sport:`professional' wrestling
4677,animal:dog
4686,zombie
4703,food/cooking
4705,adapted from:play
4714,animal:orangutang?
4719,ostensibly for kids but: prejudice:sexism
4733,adultery
4733,alter ego
4733,Chandleresque
4745,adapted from:play
4745,playwright:Shakespeare
4796,adultery
4796,based on a play
4798,Bechdel Test:Pass (barely)
4798,protagonist is actor
4798,theme:lying
4799,competition
4799,related:Mad Mad World
4802,adaptedInto:Television series
4802,animal:goat
4840,Nazis
4840,setting:WWII
4857,adapted from B'way
4857,Judaism
4857,persecution
4912,adapted from B'way
4919,Cinéma du look
4919,setting:Paris
4920,adapted from:book
4920,adultery
4921,adapted from:book
4921,author:Louisa May Alcott
4921,setting:Massachusets
4929,disambiguation:Toy(s)
4936,high school
4941,camp
4956,about movie making
4956,Bechdel Test:Fail
4956,disambiguation:the stunt(space)man
4956,performance (movie play etc) in a movie
4956,social commentary
4969,adapted from:book
4969,author:Agatha Christie
4970,BFI classic
4980,biographical
4980,time travel
4994,centred on movie theatre
5004,Classic
5009,biographical?
5009,sport:boxing
5009,topic:Muhammed Ali
5012,Gender disguise
5012,Judaism
5012,woman disguised as men
5014,courtroom
5016,adapted from:book
5016,author:E. Annie Proulx
5016,setting:Newfoundland
5021,genre spoof?
5033,adapted from:book
5034,"""Ghost for adults"""
5034,ghosts/afterlife
5034,protagonist is recently widowed
5034,remakeOf:Truly Madly Deeply
5055,biographical
5076,adapted from:book
5076,author:Mark Twain
5113,writer: Neil Simon
5128,author:Anne Rice
5128,subgenre:vampire
5177,adapted from:book
5177,author:Booth Tarkington
5177,musical score:Bernard Herrmann
5187,adapted from:book
5187,author:Brian Garfield
5187,CIA comedy
5187,retired spy being hunted
5187,retirees
5213,character is supernatural
5214,character is supernatural
5226,sport:American football
5292,sport:hockey
5300,genre:western noir
5328,adapted from:book
5328,author: Kirsty Gunn
5329,alter ego
5334,hostage crisis
5334,protagonist sells cars
5341,biographical
5341,topic:Lenny Bruce
5384,courtroom drama
5384,murder
5389,animal:horse
5398,sport:boxing
5415,adapted from:book
5442,adapted from:book series
5442,murder
5442,private detective
5452,technique:voice over
5460,Based on a TV show?
5470,adapted from:play
5470,playwright:Oscar Wilde
5476,character:Michael Myers
5476,murder
5476,serial killer
5476,subgenre:slasher
5480,adapted from:book
5505,adultery
5527,?adapted from:book
5527,author:A. S. Byatt?
5544,adapted from:book
5544,Jack the Ripper
5544,murder
5544,See also:The Time Machine(1960)
5544,serial killer
5629,Jesus freaks
5638,subgenre:Kaiju
5650,Based on a TV show
5650,character:Bob and Doug Mackenzie
5682,The Shoah
5742,SCOTUS
5773,couldn't bear to watch it all
5773,horrifying (but not Horror genre)
5782,disambiguation:Leon/The Professional & The Professional (1981)
5782,secret agent
5796,parody
5796,related:007 (series)
5803,Based on a TV show
5804,Xmas theme
5820,music?
5829,sport:curling
5829,sports competition
5896,adultery
5896,Bechdel Test:Pass
5896,statutory rape
5900,psychiatrist
5900,psychiatrist as protagonist
5927,adapted from:play
5927,setting:brothel
5927,setting:Texas
5938,adapted from:stage play
5938,playwright:Ira Levin
5975,adapted from:book
5975,author:Leo Tolstoy
5990,animation remade as live action
5990,puppetry
5994,adapted from:book
5994,author:Charles Dickens
6064,boxing drama
6064,sport:boxing
6086,adapted from:book
6086,character:Mike Hammer
6104,Bechdel Test:Fail
6104,Monty Python
6104,sketch comedy
6116,adapted from:operetta
6116,pirates
6116,playwright:Gilbert & Sullivan
6122,stand-up comedy
6125,sketch comedy
6143,Inspector Clouseau (series)
6158,adapted from:book
6158,author:Rudyard Kipling
6181,adapted from:book
6181,author:Stephen Crane
6183,alter ego
6183,Bechdel Test:Fail
6183,homophobic
6183,plot point:telephone
6183,seduction
6232,animal:lion
6239,adapted from:book
6239,author:Jules Verne
6251,Disney animated feature
6251,series:Pooh
6296,mockumentary
6305,adapted from:book
6305,author:Ray Bradbury
6305,dystopia
6316,seeAlso:The Wizard of Oz (1939)
6316,WizardOfOz
6331,competition
6345,adapted from B'way
6358,playwright:Shakespeare
6358,related:The Taming of the Shrew
6380,courtroom
6390,adapted from B'way
6390,adultery
6390,anti-Soviet propoganda
6390,Bechdel Test:Fail
6390,great dancing
6405,adapted from:book
6405,author:Robert Louis Stevenson
6405,Disney studios
6427,adapted from:book
6427,author:E. Nesbit
6428,nun
6429,genre:western noir
6480,Bechdel Test:Pass
6480,racist
6482,protagonist is an idiot
6483,warning: some people tryed to kill themselves while watching
6483,worst acting
6483,Worst movie ever
6483,would kill not to watch
6503,Based on a TV show
6503,burlesque (scene)
6523,clash of cultures?
6523,sport:baseball
6536,pirates
6565,sport:horse racing
6568,queer
6581,Sherlock Holmes
6609,jesus
6636,subgenre:road trip
6636,US college students
6650,BFI classic
6658,disambiguation:10
6658,disambiguation:ten
6663,Inspector Clouseau (series)
6732,adapted from B'way
6772,protagonist is a teacher
6785,Stockholm syndrome
6794,animal:dog
6797,mafia
6872,adapted from:game
6880,murder
6880,serial killer
6885,protagonist is a teacher
6885,serial killer
6885,`murder investigation as dating service' (Monica Nolan in Bitch no.36)
6888,parody
6935,topic:Hugo Chavez
6935,topic:Venezula
6946,animation & live action interact?
6951,adapted from:book
6951,author:Dr. Seuss
6966,worst hollywood movei I've ever seen
6970,information retrieval
6970,librarians
6970,setting:library
6970,starring:Hepburn and Tracy
6973,psychiatrist
6973,psychiatrist as protagonist
6973,psychiatrist solving mystery
6983,adapted from:book
6984,adapted from:book
6984,author:Charles Dickens
6989,adapted from:book
6989,author:Martin Cruz Smith
6989,espionage
6990,adapted from:book
6990,author:Michael Crichton
6990,writer:Michael Crichton
6999,compulsive liar
6999,dwelling as character?
6999,Steve Martin & Goldie Hawn
7012,related:Mr. Destiny (1990)
7016,sport:arm wrestling
7016,sports competition
7028,bank robbery
7028,clown
7028,costumes
7028,hostage crisis
7028,remakeOf:Hold-up (1985)
7033,adultery
7033,bedroom farce
7033,infidelity
7046,adapted from:book
7046,author:John Updike
7049,Astaire and Rogers
7050,Astaire and Rogers
7053,Astaire and Rogers
7054,adapted from:book
7054,author:Louisa May Alcott
7054,setting:Massachusetts
7055,Astaire and Rogers
7059,animal:horse
7061,adapted from:play
7061,animal:dog
7061,animal:horse
7061,Bechdel Test:Fail
7064,subgenre:fairy tale
7070,current
7072,BFI classic
7073,Inspector Clouseau (series)
7079,adapted from:book
7079,author:Victor Hugo
7079,Bechdel Test:Fail
7079,black and white
7079,deformity/disability
7084,imaginary friend
7084,related:Casablanca
7086,adapted from:book
7086,adapted from:play
7086,author:George Bernard Shaw
7087,adapted from:book
7087,Anglo-Indian relations
7087,author:E. M. Forster
7087,Bechdel Test:Pass
7087,racism
7091,Marx Brothers
7093,remake of:The Front Page (1931)
7093,setting:newspaper
7101,protagonist is medical doctor
7101,protagonist is surgeon
7101,town vs. country
7102,Based on a TV show
7102,parody
7102,protagonist is a priest
7102,setting:CA
7102,setting:LA
7107,protagonist is a librarian
7107,the pope
7132,Marx Brothers
7178,adapted from:book
7179,adapted from:book
7190,adapted from:book
7190,author:Charlotte Bronte
7208,adapted from:book
7208,alter ego
7208,author:Robert Louis Stevenson
7208,related:Dr. Jekyll and Mr. Hyde
7217,Bogart & Bacall
7223,noir thriller
7228,amateur detective
7228,should dislike
7236,animal:dog
7236,dystopia
7238,murder
7303,adapted from:book
7303,based on a true story
7303,character based on real person:Anne Frank
7303,The Shoah
7311,adapted from:book
7311,protagonist is a teacher
7335,noir thriller
7369,animation remade as live action
7369,Based on a TV show
7375,protagonist is royal
7375,royal pretends to be commoner
7560,adapted from:book
7560,author:Eugene Burdick
7564,ghosts/afterlife
7566,7n Up (series)
7566,many interviews
7570,007 (series)
7570,assassin
7570,killer as protagonist
7579,adapted from:book
7581,adapted from:book
7581,author:Ayn Rand
7584,starring:Hepburn and Tracy
7614,Rogers and Hammerstein
7618,biographical
7618,character based on real person:Charlie Chaplin
7618,topic:Charlie Chaplin
7619,adapted from:play
7619,author:Helen Keller
7619,character based on real person:Helen Keller
7619,playwright:William Gibson
7620,monologue
7647,actors and acting
7647,adapted from:play
7647,setting:theatre
7647,topic:theatre
7702,nuns
7705,starring:Hepburn and Tracy
7706,Marx Brothers
7708,devil's bargain
7708,interrelated sketches
7708,men disguised as women
7708,nuns(scene)
7714,adapted from B'way
7728,see also:The Postman Always Rings Twice
7831,Nick and Nora Charles (series)
7832,Nick and Nora Charles (series)
7833,Nick and Nora Charles (series)
7834,Nick and Nora Charles (series)
7835,Nick and Nora Charles (series)
7840,adapted from:poem
7840,Anglo-Indian relations
7840,author:Rudyard Kipling
7840,inaccurate adaptation
7840,swashbuckling
7943,noir thriller
7944,author:Tennessee Williams
8008,adapted from B'way
8015,adapted from:book
8092,adapted from:book
8092,author:Brian Aldiss
8121,protagonist is medical doctor
8121,town vs. country
8147,adapted from:book
8147,animal:mouse
8147,character is genius
8147,See also:Charly (1968)
8167,pirates
8228,adapted from:book
8228,author:Dashiell Hammett
8228,Bechdel Test:Fail
8228,private detective
8239,nun
8268,assassin
8268,assassin-in-training (scene)
8268,murder
8268,RemakeOf:La Femme Nikita(1990)
8302,adapted from:B'way
8302,adapted from:play
8302,protagonist is journalist
8302,protagonist is newspaper editor
8337,courtroom
8337,military
8337,mutiny
8340,prison
8341,adapted from:book
8341,author:Charles Dickens
8372,adapted from:comic
8379,actors and acting
8379,setting:theatre
8379,topic:theatre
8451,protagonist is a teacher
8477,Bechdel Test:Fail
8477,dystopia
8477,memory
8477,post-apocalyptic
8477,time travel
8482,adapted from:book
8492,adapted from:play
8492,author:Charles Dickens
8492,Xmas theme
8521,adapted from:book
8521,alter ego
8521,author:Robert Louis Stevenson
8521,killer-as-protagonist
8532,adapted from:book
8532,author:John Irving
8542,Marx Brothers
8574,claymation
8574,Xmas theme(?)
8580,campy
8582,documentary critique
8582,news media
8596,Inspector Clouseau (series)
8610,alter ego
8610,queer?
8623,related:Cyrano
8690,adapted from:book
8695,subgenre:screwball
8711,screwball comedy
8714,Cole Porter
8714,fictional biography
8718,mental illness
8771,adapted from:book series
8771,Basil Rathbone as Sherlock Holmes
8772,adapted from:book
8773,adapted from:book series
8773,Basil Rathbone as Sherlock Holmes
8773,Sherlock Holmes
8774,adapted from:book series
8774,bad lighting
8774,Basil Rathbone as Sherlock Holmes
8774,Bechdel Test:Fail
8774,murder
8778,adapted from:book series
8778,Basil Rathbone as Sherlock Holmes
8782,Based on a TV show?
8808,protagonist is royal
8827,stand up comedy?
8844,protagonist is photographer
8864,sport:baseball
8879,adapted from:book
8880,deformity/disability
8880,disambiguation:The Mask
8937,adapted from:book
8937,sport:American football
8951,abortion
8951,improvised/actor-developed script
8951,social commentary
8951,working class
8978,Xmas theme(?)
8979,biographical view
8989,adapted from B'way
8989,adapted from:book
8989,devil's bargain
9018,critique of journalism
9018,documentary critique
25746,adapted from:book
25746,author:Victor Hugo
25746,Bechdel Test:Fail
25746,deformity/disability
25753,adapted from:book
25753,author:Frank Norris
25788,subgenre:bowling noir
25795,adapted from:play
25795,adultery
25795,deceit
25795,family in turmoil
25795,protagonist is actor
25826,protagonist is journalist
25826,subgenre:screwball
25834,adapted from:book
25834,author:Rudyard Kipling
25856,adapted from:book
25870,angelic intervention
25870,fate vs. free will
25870,ghosts/afterlife
25870,remakeOf:Here Comes Mr. Jordan
25886,adapted from:book
25886,amnesia
25886,author:James Hilton
25886,death/fatality
25927,murder
25927,nazis
25927,neither CC nor ENG subtitles
25952,adapted from:book
25952,adultery
25952,Bechdel Test:Pass (technically but not really)
25952,betrayal
25959,adapted from:B'way
25959,Bechdel Test:Fail
25959,character based on real person:Annie Oakley
25959,character based on real person:Buffalo Bill
25959,sexist
25963,BFI classic
25996,kuenstlerroman
25996,major recutting
26084,adapted from B'way
26172,remadeAs:Payback(1999)
26172,remakeOf:Point Blank(1967)
26317,adapted from:book
26375,setting:train?
26386,Hitchcock parody
26386,parody
26472,culture clash
26472,social commentary
26606,ghosts/afterlife
26700,bank robbery
26700,British gangsters
26700,Christianity
26700,Compare:Some Like It Hot
26700,disguised as a nun
26712,7n Up (series)
26729,subgenre:MakingOf (movie)
26838,adultery
26838,working class
26870,sport:baseball
27003,adapted from:book
27482,murder
27822,stranded
27830,sport:golf
27839,sequelTo:The Ring (2002)
27850,disambiguation: Yes Man/Men
27912,journalism
30820,child abuse
30820,paedophilia
30883,animation remade as live action
30883,Based on a TV show
31193,adapted from:book
31193,Disney animated feature
31193,series:Pooh
31221,adapted from:comic
31420,related:Rio Bravo(1958)
31424,adapted from:game
31427,?alternate endings
31694,adapted from:book
31694,author:Jane Austen
32019,movie not to see
32058,courtroom
32058,father/daughter tension
32116,character is supernatural
32598,sport:baseball?
33085,dwelling as character
33126,Bechdel Test:Fail
33126,genre:comedy western
33126,subgenre:buddies
33126,subgenre:road trip
33201,adultery
33312,Marx Brothers
33646,RemakeOf:The Longest Yard (1974)
33646,RemakeOf:The Longest Yard (2005)
33830,anthropomorphism
33830,character:car
33830,Herbie The Love Bug (series)
33830,sport:car racing (NASCAR)
33830,sports competition:NASCAR
33836,Based on a TV show
34018,Marx Brothers
34520,Based on a TV show
36289,adapted from:book
36289,adapted from:comic
36289,author:Albert Uderzo
36289,author:RenÃ© Goscinny
37211,Marx Brothers
37736,adapted from:book
37739,sport:golf?
37853,scuba diving
38304,biographical
38304,character based on real person:Bob Dylan
38388,sport:soccer football
39307,sport:horse racing
40946,race issues
40946,stand-up comedy
42007,See also:The Graduate
42740,clash of cultures
42740,comedy in the style of Harry Worth
42740,deeply sarcastic
42740,seeAlso:Lost In Translation
43556,military
43556,remakeOf:An Officer and a Gentleman?
43869,adapted from:book series
44399,animal:dog
44399,remakeOf:The Shaggy Dog(1959)
45028,based on:radio programme
45028,death personified
45028,murder/fatality
45175,queer
45175,setting:factory
45175,setting:UK factory
45382,statutory rape
45928,current
46337,adapted from:comic
46347,music?
46850,game:(quick) crosswords
46850,topic:crossword construction
46850,topic:crossword tournament competition
46850,topic:US culture
47261,adapted from:book
47261,author:Armistead Maupin
47725,angelic intervention
47774,Bechdel Test:Fail
47774,black and white characters interact with colour world
47774,colour/B&W combo
47774,dark comedy
47774,Lego(tm)
48161,sport:American football
48416,apprenticeship/training of an adult
48416,men being taught how to woo
48416,mentor/trainer
48593,US presidential election/politics
48883,assassination
48883,George W. Bush
48883,murder
48883,related:technique:Forrest Gump
49013,Xmas theme
49524,religion:Xian
49524,Xmas theme
49647,adapted from:book
49647,animation remade as live action
49647,author:E. B. White
49647,barnyard animals
49651,competitive sport
49666,biopic
49793,setting:high school
49793,setting:small town America
49793,sport:American football
50658,7n Up (series)
50685,infidelity
50685,setting:diner
50740,7n Up (series)
50804,psychiatrist as protagonist
50804,serial killer
51471,London
51834,biography?
51834,topic:Jane Austen
51925,adultery
52462,Based on a TV show
52694,adapted from:TV series
52730,Xmas theme
52767,7n Up (series)
53138,Bechdel Test:Fail
53138,librarians
53140,Bechdel Test:Fail
53140,DVD:extra footage
53140,librarians
53140,murder
53466,adapted from:book series
53466,amateur detective
53466,cameo:Bruce Willis
53466,setting:LA
53921,character based on real person:Daniel Pearl
53974,central event:wedding preparation
53974,Jesus freaks
53974,mentor/trainer
53974,setting:Chicago
54004,fat jokes
54004,firefighting
54274,gruesome (torture scenes)
54274,murder
54274,serial killer
54785,character:Michael Myers
54785,murder
54785,serial killer
54785,subgenre:slasher
54796,Americans are jerks
54796,setting:Paris
55278,Bechdel Test:Fail
55278,remake is a complete rewrite
55620,homophobia
55620,religion:Xian
56607,adapted from:book
56607,author:Khaled Hosseini
56837,playwright:Shakespeare
58103,assassination
58103,genre:movie as whodunit
58103,hypertextual (mildly)
58103,murder
58291,road trip
58295,adultery
58839,sport:American football
60128,Bechdel Test:Fail
60128,DVD:funny commentary
60291,biography
60291,topic:Hunter S. Thompson
60760,adapted from:TV series
61246,adultery
61246,Bechdel test:Fail
61246,character portrays Jesus
61465,assassin
61465,disambiguation:Bangkok Dangerous (2000/2008)
61465,killer-as-protagonist
61465,murder
62383,setting:submarine
62999,Bechdel Test:Fail
62999,dancing
62999,father-son relationship
62999,nature of leadership
62999,protagonist is royal
63222,compareTo:Last Action Hero
63222,courtroom (scene)
63222,kidnapping
63222,protagonist is actor
63222,robbery
64030,assassins
64030,killer as protagonist
64030,murder
65359,author:Ursula K. Le Guin
65585,Bechdel Test:Pass
66783,character:Jason Vorhees
66783,murder
66783,serial killer
66783,subgenre:slasher
66798,Inspector Clouseau (series)
67788,adapted from:book
68269,Bechdel test:Pass
68269,biographical view
69140,adapted from:play
69453,adapted from:book
69453,author:Edgar Rice Burroughs
69746,adapted from:comic
69746,author:Alan Moore
69746,related:Watchmen (2009)
69805,Bechdel Test:Fail
69805,Dracula
69805,librarians
69805,murder
69860,Nazis
70663,adapted from:book
70663,author:Larry Doyle
70994,character:Michael Myers
70994,murder
70994,serial killer
70994,subgenre:slasher
71211,adapted from:book
71500,serial killer
71902,Bechdel Test:Fail
72294,adapted from:play
72395,adapted from:book
72395,substantial changes from source of adaption
72395,terrible casting
72733,adapted from:book
72733,author:John Carlin
72921,adapted from:play
72921,subgenre:fairy tale
72921,tale:Snow White (A-T #709)
73042,adapted from:TV series
74089,adapted from:book
74089,author:J.M. Barrie
74508,adapted from:book
74508,author:Jane Austen
74868,adapted from:book
74868,author:Oscar Wilde
77798,character:Freddy Krueger
77798,murder
78174,adapted from:book
78174,adapted from:TV series
78174,author:Candace Bushnell
78174,setting:Abu Dhabi
79299,adapted from:book
79299,author:Alexander McCall Smith
79879,death/fatality
80748,adapted from:book
80748,author:Lewis Carroll
80864,adultery
80864,Bechdel Test:Pass
81784,Bechdel Test:Pass
81784,setting:TV network
81784,setting:TV show
81784,weather reporter as protagonist
82527,adapted from:book
83177,adapted from:cartoon
83270,based on a true story
83270,Bechdel Test:Pass
83270,death/fatality
84637,adapted from:play
84637,garden gnome
84637,playwright:Shakespeare
86355,adapted from:book
86355,author:Ayn Rand
86864,subgenre:Kaiju
87483,animal:penguin
87483,setting:Tavern on the Green
88954,Xmas
91094,Bechdel Test:Fail
91094,cameo-fest
91126,animal:horse
91414,Xmas theme
92008,Bechdel Test:Fail
92008,espionage
92008,murder
92008,spy on the run
92643,adapted from:book
92643,children
92643,classroom drama
92643,death/fatality
92643,protagonist is a refugee
92681,not based on a book
93208,adapted from:book
93208,author:Mark Twain [Samuel Clemens]
93363,adapted from:book
93443,sport:hockey
93443,sport:ice hockey
94015,adapted from:book
94015,awful ending
94015,beautiful
94015,Bechdel Test:Pass (barely)
94015,death/fatality
95105,Bechdel Test:Fail
95105,seting:Monte Carlo
95105,setting:casino
95105,setting:circus
95199,adapted from:book(spinoff)
95207,adapted from:book
95839,adapted from:play
95839,playwright:Charles Dickens
95839,Xmas theme
96471,homophobia
96471,murder
96471,rape of child
96471,subgenre:police detective
96471,subgenre:police procedural
96518,subgenre:police detective
96518,subgenre:police procedural
96520,subgenre:police detective
96520,subgenre:police procedural
102025,subgenre:Kaiju
104863,SeeAlso:When Harry Met Sally (1989)
104863,source:Pygmalion myth
106441,adapted from:book
109191,author:Mark Helprin
109864,adapted from:TV series
112326,adapted from:comic
117851,Bechdel test:Fail
117851,octopus gets bad rap
136024,disambiguation:Leon/The Professional (1994) & The Professional (1981)
145935,adapted from:comic
145935,character:Charlie Brown
145935,character:Snoopy
148888,Bechdel Test:Fail
148888,cameo-fest
148888,murder
150554,anthropomorphism
150554,character:car
159811,See Also:Bremen Town Musicians
164200,delivery quest but not criminal
164200,orphan animated cartoon character
165343,made for television
165529,adapted from:book
165529,animal:mouse
165529,character is genius
165529,genius
165529,See also:Charly (1968)
175387,See Also:Bremen Town Musicians
184349,setting:Madrid
55259,bad book adaptation
8232,boy scouts
8232,William Powell
314,ancestors
314,child's wisdom
314,family
314,heritage
314,Irish
1279,multilingual
1279,multiple locations
2083,Jim Henson
2106,inspiring
2106,resistance movement
2106,swing dancing
3397,funny
3397,Jim Henson
3397,muppets
3398,Jim Henson
3398,muppets
4705,comedy
4705,contrasting lifestyles
4705,French
4705,hilarious
5051,Danish
5135,humorous
5461,betrayal
5461,codependence
5461,coming of age
5461,female friendship
6093,America (the band)
6093,Jimmy Webb
6296,Christopher Guest
33639,adorable
33639,documentary
33639,heartwarming
33639,joy of dancing
33639,leaves you smiling
52579,Edith Piaf
55872,holes in the plot
55872,Kaki King
55872,poorly realized
2967,domestic melodrama
8253,Adventure
45221,sexy girls
670,Apu trilogy
670,Criterion
670,India
6433,experimental
6918,Criterion
136562,biography
918,Musical
43871,shit
3550,bad ass female lead
5014,pretty sucky
114554,Studio Ghibli
120478,environmental
120478,photography
6945,insightful
6989,action
96281,Animation 
96281,fantasy
96281,ghosts
96281,small town
96281,stop motion
6935,2
44204,unforgetable
115502,comedy
115502,romance
32460,road trip
277,70mm
477,AFI 100 (Cheers)
934,AFI 100 (Laughs)
973,AFI 100 (Cheers)
1077,AFI 100 (Laughs)
1078,AFI 100 (Laughs)
1135,AFI 100 (Laughs)
1194,drugs
1693,slavery
1929,AFI 100 (Movie Quotes)
1929,Oscar (Best Picture)
1931,AFI 100
1933,Oscar (Best Picture)
1933,Oscar (Best Supporting Actor)
1936,AFI 100 (Cheers)
1936,Oscar (Best Actress)
1936,Oscar (Best Cinematography)
1936,Oscar (Best Directing)
1937,Oscar (Best Actor)
1937,Oscar (Best Directing)
1937,Oscar (Best Supporting Actor)
1940,Oscar (Best Directing)
1940,Oscar (Best Picture)
1940,Oscar (Best Supporting Actress)
1944,AFI 100
1946,Oscar (Best Actor)
1946,Oscar (Best Directing)
1946,Oscar (Best Picture)
1963,AFI 100 (Laughs)
2136,AFI 100 (Laughs)
2243,AFI 100 (Laughs)
2407,Oscar (Best Supporting Actor)
2414,70mm
2439,Oscar (Best Supporting Actor)
2639,AFI 100 (Movie Quotes)
2660,AFI 100 (Thrills)
2917,AFI 100 (Thrills)
2936,AFI 100 (Cheers)
2936,AFI 100 (Laughs)
2937,AFI 100 (Laughs)
3035,Oscar (Best Supporting Actor)
3071,AFI 100 (Cheers)
3072,AFI 100 (Laughs)
3072,AFI 100 (Movie Quotes)
3072,Oscar (Best Actress)
3072,Oscar (Best Supporting Actress)
3099,AFI 100 (Laughs)
3099,Oscar (Best Supporting Actress)
3111,AFI 100 (Cheers)
3111,Oscar (Best Actress)
3260,70mm
3260,Oscar (Best Actress)
3341,AFI 100 (Laughs)
3350,AFI 100 (Cheers)
3359,AFI 100 (Cheers)
3368,Oscar (Best Supporting Actor)
3420,Al Pacino
3467,Oscar (Best Actress)
3467,Oscar (Best Cinematography)
3467,Oscar (Best Supporting Actor)
3475,AFI 100
3475,Oscar (Best Cinematography)
3475,Oscar (Best Directing)
3507,AFI 100 (Laughs)
3524,AFI 100 (Laughs)
3524,Oscar (Best Supporting Actor)
3543,AFI 100 (Laughs)
3548,AFI 100 (Laughs)
3551,AFI 100 (Movie Quotes)
3654,70mm
3654,AFI 100 (Thrills)
3654,World War II
3724,70mm
3724,Oscar (Best Actor)
3724,Oscar (Best Actress)
3836,70mm
3873,AFI 100 (Laughs)
3928,AFI 100 (Laughs)
4187,AFI 100 (Cheers)
4187,Oscar (Best Actor)
4276,AFI 100 (Laughs)
4292,AFI 100 (Cheers)
4292,Oscar (Best Actress)
4321,AFI 100 (Laughs)
4321,Oscar (Best Supporting Actor)
4338,Oscar (Best Supporting Actor)
4359,AFI 100 (Laughs)
4420,Oscar (Best Supporting Actor)
4508,70mm
4508,nature
4799,70mm
4799,AFI 100 (Laughs)
4809,AFI 100 (Cheers)
4835,AFI 100 (Cheers)
4835,Oscar (Best Actress)
4912,70mm
4912,AFI 100 (Movie Quotes)
4912,Oscar (Best Actress)
4936,70mm
4936,AFI 100 (Cheers)
4957,AFI 100 (Movie Quotes)
4976,Oscar (Best Supporting Actor)
4998,AFI 100 (Cheers)
4998,Oscar (Best Cinematography)
5007,Oscar (Best Supporting Actor)
5231,AFI 100 (Laughs)
5644,AFI 100 (Cheers)
5644,AFI 100 (Movie Quotes)
5799,70mm
6170,70mm
6170,AFI 100 (Cheers)
6170,Oscar Nominee: Editing
6170,Oscar Nominee: Supporting Actor
6565,AFI 100 (Cheers)
6684,Oscar Nominee: Costume Design
6856,AFI 100
6856,AFI 100 (Cheers)
6856,AFI 100 (Movie Quotes)
7059,AFI 100 (Cheers)
7059,Oscar (Best Supporting Actress)
7062,AFI 100 (Cheers)
7065,AFI 100
7072,AFI 100
7072,Oscar (Best Supporting Actor)
7073,AFI 100 (Laughs)
7074,AFI 100 (Laughs)
7075,AFI 100 (Laughs)
7080,AFI 100 (Movie Quotes)
7132,AFI 100 (Laughs)
7584,AFI 100 (Laughs)
7619,AFI 100 (Cheers)
7698,AFI 100 (Thrills)
7706,AFI 100 (Movie Quotes)
7714,70mm
7743,70mm
8057,Oscar (Best Supporting Actor)
8153,Oscar (Best Supporting Actor)
8191,70mm
8235,AFI 100 (Thrills)
8482,AFI 100 (Thrills)
8482,Oscar (Best Cinematography)
8542,AFI 100 (Laughs)
8633,70mm
8711,AFI 100 (Laughs)
25752,AFI 100 (Laughs)
25757,AFI 100
25757,AFI 100 (Movie Quotes)
25773,AFI 100 (Movie Quotes)
25827,AFI 100 (Cheers)
25827,AFI 100 (Laughs)
25827,Oscar (Best Directing)
25856,AFI 100
26375,AFI 100 (Laughs)
26555,70mm
31116,AFI 100 (Cheers)
32139,70mm
34271,Oscar (Best Music - Original Song)
38992,Al Pacino
80553,beat generation
80553,poetry
20,intense
74,bit too sweet
237,ordinary
276,okay
277,sweet story
2463,really good
3450,excellent comedy
3450,great acting
5308,excellent comedy
3989,docudrama
720,Creative production
34536,inspirational
34536,realistic
5110,comedy
5110,cult classic
7346,coming of age
7346,Elisha Cuthbert
7346,ludicrous plot
7346,silly
7346,teen
42725,marijuana
42725,stoner
47122,high school
63479,comedy
63479,road trip
63479,teen movie
73290,based on a true story
73290,loyalty
80906,business
80906,documentary
80906,economics
5570,Alejandro Amenábar
5570,dark
5570,murder
575,nostalgic
1416,adapted from B'way
1537,ballroom dance
1537,Japan
2622,adapted from:play
83827,gender identity
83827,imagination
83827,true story
78316,Amanda Seyfried
92694,end of the world
113225,atheism
113225,emma stone
113225,skepticism
6748,body horror
8684,austere
8684,understated
81786,marriage
81786,surreal
58627,cliché
130842,Bad Acting
130842,katee sackhoff
130842,short
130842,youtube
136598,funny
2876,innocence
2876,romance
51698,confusion
101577,teen
5909,Takashi Miike
5909,violence
105954,cast away
105954,survival
151695,isolation
6888,parody
7832,Nick and Nora Charles (series)
7835,Nick and Nora Charles (series)
3894,affecting low key drama centered around spanish hospital
128695,western
162590,chick flick
162590,comedy
162590,romance
8340,Alcatraz
8340,Clint Eastwood
111113,college
111113,crude humor
111113,fraternity
111113,funny
127212,based on a true story
127212,history
127212,prison
127212,psychological experiment
127212,psychology
156609,Chloë Grace Moretz
156609,college
156609,sorority
6751,filmed in Ayr
3594,soundtrack
83086,good soundtrack
2387,dark humor
2387,Nudity (Rear)
2387,Nudity (Topless)
4066,steel balls hero
55080,'In your face' violence
6273,detective
32892,childhood
32892,dreams
116799,based on a book
116799,neo-noir
116799,soundtrack
51884,Irrfan Khan
77846,perspective changing
116411,forgiveness
116411,healing
116411,reconciliation
166568,narcissistic fantasy
3324,Black Comedy
140525,crime
140525,twist ending
65882,psychological
65882,Twist Ending
7364,Ireland
89840,revenge
112804,interesting premise
112804,reincarnation
7282,comedy
7282,drama
167746,"Action, Animation, Comedy, Family, Fantasy"
2719,beautiful
54771,aliens
54771,bodysnatchers
4849,Albert Brooks
4849,Desmond Harrington
4849,family
4849,forgiveness
4849,friendship
5696,cowboys
6093,unicorns
6966,black comedy
6966,parody
6966,Sam Raimi
52462,Based on a TV show
52462,humorous
74,bit too sweet
74,stalkerish
252,albert einstein
431,gangster
431,gangsters
450,Brendan Fraser
450,feel-good
450,homeless
450,sappy
605,sweet
1268,high school
1268,rebel
1268,rebellion
1399,sappy
1442,biography
1442,runner
1442,running
1701,Woody Allen
1719,death
1719,enigmatic
1888,predictable
1888,trite
2146,friendship
2146,post-college
2165,Neil LaBute
2165,unhappiness
2272,sappy
2435,despair
2435,Hollywood
2836,humiliation
2836,prank
2942,strippers
3208,bad humor
3208,parody
3477,comedy
3480,coming of age
3480,high school
3480,nerd
3502,sappy
3512,Bonnie Hunt
3512,Chicago
3512,Minnie Driver
3512,romance
3565,sweet
3844,female friendship
3844,friendship
3852,Donal Logue
3852,off-beat comedy
4067,Love 
4067,stalker
4247,low humor
4345,ensemble cast
4372,class difference
4372,forbidden love
4372,interracial relationship
4474,dying young
4474,tear jerker
4474,touching
4823,fate
4823,Meet-cute
4880,touching
4888,character driven
4888,conversation
4888,minimalist
4903,intimate
4903,riveting
4903,somber
4903,Tom Wilkinson
4903,understated
4936,rivalry
5014,feel-good
5025,comedy
5025,coming of age
5025,funny
5329,bleak
5564,creepy stalker
5564,stalker
5959,gritty
5959,tense
5959,visceral
6197,delusion
6197,gloomy
6565,horse racing
7072,ensemble cast
7218,justice
7218,lynching
8623,nose
8645,immigrants
34528,Amy Adams
45221,woman director
52241,Jeff Daniels
54745,Anna Kendrick
54745,good acting
54745,quirky
54745,sympathetic characters
77667,exagerated stupidity
77667,stupid
77667,Stupid as Hell
95307,sloppy filming
102993,awkwardness
103048,comedy
103048,coming of age
105037,aubrey plaza
105037,awkwardness
105037,coming of age
105037,female sexuality
105197,small town
112138,Channing Tatum
112138,college
112450,comedy
120807,funny
120807,stand-up comedy
127198,blackness
127198,coming of age
146656,finding your identity
146656,Michael B. Jordan
146656,Tessa Thompson
148667,hilarious
148667,smart
148667,stand-up
148667,stand-up comedy
156371,college
156371,fun
156609,comedy
4765,controversial
4765,Paul Dano
6215,Christian Bale
6215,decent acting 
6215,empty
74868,Ben Barnes
74868,terrible adaptation
155659,Meryl Streep
169,family
455,family
804,relationships
1016,family
1623,horror
3316,Shit!!
5452,family
4535,From an epic ballad
4535,historic Austrialian Outback
55259,Take a great story and destroy is was the motto for this film.
804,relationships
2195,comedy
3070,cult classic
3646,comedy
34530,comedy
85881,Paul Giamatti
3241,buddhist monks
5498,chicken soup for the soul
5498,medicine
5764,advertisment
5764,attention
5764,conspiracy
5764,distopian
98061,3/11
98061,dark
120138,India
120138,Shiva
120138,Spiritual
136562,dialogue
176601,Not the TV Show
178323,artist
3784,Bruce Willis
3784,humorous
3784,time travel
4337,Richard Attenborough
5527,PHILOLOGY
96567,books
45,dark humor
57,dysfunctional family
222,friendship
477,biographical
1131,Gerard Depardieu
1831,science fiction
2163,cult film
2352,friendship
2539,funny
51884,seen at the cinema
5385,Bob Dylan
5385,Dr. John
5385,Mavis staples
5385,Neil diamond
57183,acting debut
57183,amazing acting debut
57183,emotionally captivating
97836,Feel good movie
97836,underdog
97836,Unexpectedly good
141688,Crime
8713,freckles
8713,little girl
8713,musical
160718,Animation
558,dragon
987,entirely dialogue
1068,noir thriller
1422,conspiracy theory
1693,spielberg
1783,neo-noir
2661,mars
3153,dragon
3929,marx brothers
3997,dragon
4091,cheerleading
4259,entirely dialogue
4783,mountain climbing
5363,cheerleading
6609,jesus
6986,jesus
7217,noir thriller
7223,noir thriller
7335,noir thriller
7943,noir thriller
8235,marx brothers
8711,screwball comedy
8796,marx brothers
27822,stranded
34536,World War II
57951,treasure
8337,compelling characters
115969,foreign language
115969,gritty
115969,MINISERIE
115969,volker bruch
115969,war
2363,anti-war
4178,acting
4178,Art Direction
7493,Multiple Personality Disorder
7926,moral dilemma
25797,musical
31297,musical number
110501,overcomplicated
131439,complex
131439,dark comedy
131439,plotting
163056,creepy
163056,destruction
184987,Worst Disney Movie
188833,surreal
149352,Fatherhood
6290,Rob Zombie
66427,Bruce Campbell
66427,corny
6290,Rob Zombie
1131,emotional
91273,film noir
91273,Stylised
91273,unique look
2688,rape
3150,rape
3571,real time
5569,rape
5585,trolls
5588,dog killing
7264,"Lucas Belvaux's ""Trilogy"""
8831,rape
46335,Japan
52319,easily confused with other movie(s) (title)
58287,rape
58287,revenge
82366,genital mutilation
85259,short film
85316,short film
85796,child killing
91660,dog killing
92391,found footage
96448,child killing
96448,genital mutilation
96608,short film
96815,anthology
96815,genital mutilation
96815,vhs
100397,Anthology
100397,cat killing
100397,rape
102066,Dog killing
103483,child killing
103483,dog killing
6765,aesthetically pleasing
6765,culture
6765,favorite
6765,great soundtrack
6970,classic
7335,paranoid
1389,3d
1409,angel
1409,reporter
1409,road trip
2133,1980s
2133,adventure
2133,babysitter
2133,babysitting
2133,blues
3097,Good Romantic Comedies
3270,Good Romantic Comedies
3270,My Favourite
7101,Michael J. Fox
7101,Nudity (Topless)
41527,God
41527,Religion
80590,business
85881,acting
92309,Comedy
101741,Nudity (Full Frontal)
102070,alcohol
102070,alien
102070,black comedy
102070,camp
102070,drinking
112788,cameron diaz
112788,comedy
112788,Jason Segel
112788,sex
114670,dark humor
130634,action
130634,car chase
130634,Paul Walker
130634,revenge
130634,Vin Diesel
6299,gorgeous
6753,unique
542,stupid but funny
610,nudity
610,ultra-violence
761,Skull ring
1378,comedy
1378,Kiefer Sutherland
1378,western
1425,comedy
1425,Jamie Lee Curtis
1425,John Cleese
1425,Michael Palin
1425,multiple roles
2107,horror
2690,Oscar Wilde
2922,Clint Eastwood
2922,spaghetti western
2922,western
5665,forgettable
6005,bill engvall
6005,stand-up comedy
6629,Vincent Price
7178,based on a book
7178,jazz
25788,gangsters
26696,Jean-Claude Van Damme
75446,Salvador Dali
77364,Chris Evans
108928,Bill Murray
108928,George Clooney
108928,John Goodman
108928,Matt Damon
109042,Brian Posehn
109042,fantasy
109042,gore
109042,hilarious
109042,Peter Dinklage
4661,Ellen Barkin
7321,Andy Garcia
7321,Ashley Judd
7321,police
7321,Samuel L. Jackson
7460,black and white
7460,deadpan
7460,dialogue
7460,iggy pop
43921,Paul Walker
43921,Vera Farmiga
54116,waste of 95 minutes
77846,Edward James Olmos
115828,cycling
115828,romance
171765,Animal Liberation Front
171765,animal rights
171765,anticapitalist
1799,black comedy
1799,Christopher Walken
1799,twist ending
3761,Danny Trejo
3761,gangs
3857,child
3857,child murder
4889,Danny DeVito
4889,predictable
5900,Mafia
5900,mobster
5900,Robert De Niro
43932,Computer
43932,Goth
46347,Black Metal
46347,Sam Dunn
60753,politics
60753,Prison
60753,realistic
60753,wrongful imprisonment
68135,geeks
68135,Matthew Perry
71500,made for TV
71500,multiple storylines
72129,Psychological horror
74698,Dwayne Johnson
74698,Family Movie
74698,Ice Hockey
74698,Seth MacFarlane
737,Casablanca Remake
737,Gratuitous Peter Lorre lookalike
737,Nudity (Topless)
2450,cult film
7137,Alec Baldwin
7137,Maria Bello
7137,Nudity (Full Frontal - Notable)
7137,Nudity (Full Frontal)
7137,Paul Sorvino
26593,B-movie
26593,cheesy (good)
51091,atmospheric
141749,alicia vikander
141749,eddie redmayne
5298,Charlie Kaufman
8645,drugs
8645,smuggling
1693,law
1693,slavery
151455,inspirational
148238,Bill Murray
2114,coming of age
2114,emotional
2114,sentimental
3420,Al Pacino
8531,comedy
79224,inspirational
31431,Boogeyman Series
2095,classic
2095,dog
2095,elwood
2095,nostalgic
2422,bonsai
2422,karate
2422,Ralph Macchio
2422,story
2422,stupidity
3953,boring
3953,ending
3953,talky
3953,terrible
4010,funny
4010,insightful
4010,richard pryor
4662,hillarious
88785,nudity
90717,Ben Stiller
90717,Eddie Murphy
90717,silly
92198,suspense
100498,demolition derby
112788,Drugs
112897,bad sequel
112897,mel gibson
112897,no story
135885,British
135885,funny at times
121097,Adventure
121097,Ashley Olsen
121097,Christmas
121097,cute
121097,Family
37853,real sharks.
823,bikini magic
1572,Bootytastic
5390,Insanely Hot Actress
6880,Insanely Hot Actress
1848,adventure
1848,funny
1848,science fiction
2476,Clint Eastwood
43921,depressing
54910,bad ending
69306,boring
69306,too simple plot
80862,drama
80862,makes you think
80862,thought-provoking
80862,true story
81819,long
90719,slow
91325,9/11
91325,Max von Sydow
143365,childish
143365,Emma Watson
143365,fake geek culture
143365,pseudointellectual
162602,alcoholism
162602,bechdel test pass
170827,Tom Cruise
3594,ballet
3594,dance
86,storm
140,journalism
262,girls
332,evil children
332,psychic powers
332,remake
381,alcoholism
382,classic
382,werewolf
704,martial arts
1009,aliens
1009,disney
1130,werewolf
1329,vampire
1349,vampire
1586,feminism
1586,military
1681,video game adaptation
1760,spice girls
1855,anthropology
1855,stereotypes
2184,black comedy
2205,marriage
2205,screwball
2369,80s
2369,80s music
2369,80s nostalgia
2553,evil children
2553,psychic powers
2554,evil children
2554,psychic powers
2554,sequel
2624,meditative
2624,reflective
2655,werewolf
2709,muppets
2822,cancer
2822,primitive peoples
2822,rain forest
2886,muppets
2886,sesame street
2983,spies
3103,illiteracy
3103,teen pregnancy
3103,Union Street
3103,working class
3213,DC
3398,muppets
3429,aardman
3691,80s
3691,teen
3707,erotica
3707,sexy food
4030,vampire
4133,80s nostalgia
4133,he-man
4219,80s
4219,80s music
4219,dancing
4219,MTV influence
4219,music videos
4703,chocolate
4703,france
4775,campy
4936,80s
4980,rock and roll
4980,time travel
5451,Amy Adams
5451,bizarre
5451,disability
5451,indecisive
5451,irreverent
5796,007
6316,african american
6316,black
6316,oz
6407,Tokyo
6523,baseball
6523,japan
6857,anime
6996,immortality
6996,immortals
7225,bodybuilding
7225,muscle
8633,80s
8633,video games
8905,Christopher Columbus
31221,Marvel
31221,superhero
33294,anime
33294,campy
33294,monsters
34271,crunk
34271,hip hop
34271,pimps
34271,prostitution
42013,Farelly Brothers
42013,lying
42013,metal disability
42013,Special Olympics
42018,Burlesque
42018,England
42018,Strippers
42018,Theater
42730,sports
42734,Ben Folds
45106,Bush bashing
46865,minstrel show
49274,cute
49274,dancing
49274,penguins
49274,singing
51088,bioterrorism
51088,improv
51088,police
51088,spoof
52319,Christoph Waltz
52319,experimental
78703,bittersweet
78703,original
83374,Action
83374,bittersweet
83374,cinematography
83374,emotional
83374,poor acting
132800,dark comedy
132800,female lead
137595,male strippers
137595,minimal plot
137595,muscle
137595,sexy
137595,shirtless men
663,Big Pharmaceutical
813,Animal sidekick
813,Bill Murray
813,Comedy
56805,John C. Reilly
105351,Costa Rica
105351,gambling
105351,poker
2952,Paul Thomas Anderson
1591,super hero
2002,series
2723,superheroes
350,123
2688,John Travolta
2688,rape
4345,Alan Cumming
5909,disturbing
120807,funny
120807,John Mulaney
120807,stand-up comedy
148667,hilarious
168174,Jim Gaffigan
168174,stand-up comedy
2195,comedy
2652,horror
3467,oscar (best directing)
3674,family
3964,story
4387,action
4887,action
5250,comedy
7117,horror
33158,action
33312,talky
40962,family
47970,relationships
3978,30s
8010,hopeful
8010,inspirational
128520,buddy movie
128520,funny
7161,family
7161,funny
48520,interesting
48520,vulgar
79134,Adam Sandler
104218,Adam Sandler
104218,Comedy
117590,comedy
44731,i wish i'd never seen it
6290,Rob Zombie
126426,classic
126426,sci-fi
126426,slow paced
112897,Antonio Banderas
112897,Mel Gibson
178111,anime
178111,fireworks
178111,time loop
413,Adam Sandler
3113,boring action movie
141890,child soldiers
142448,mountaineering
24,inane
24,pretentious
830,shallow women
2066,sociopathy
2454,frustrating
2598,Worth watching
2606,stupid
2898,cheesy
3113,Unremarkable
4052,Suspension of disbelief required
4845,Worst movie ever
5054,mysticism
26578,pretentious
26631,surreal
27899,bullshit
27899,misinformative
27899,moronic
37731,senseless violence
49314,idiots
54736,shaky camera
55620,repetitive
60753,shaky camera
64010,idiots
65225,nonsense
69529,biased
69529,pretentious
80126,ridiculous gun stuff
84273,bullshit
86237,James Burke
90357,dregs of society
91126,sappy
127108,boring characters
127108,Irish
127108,youth
141668,religion
149011,why?
4017,art
78218,Carrie-Anne Moss
78218,fundamentalism
78218,Intense 
78218,moral dilemma
78218,Samuel L. Jackson
95508,mi6
95508,national security
95508,Sean Bean
95508,soldier
95508,spy
152091,ridiculous
161127,drug cartels
161127,drugs
161127,money laundering
161127,music
161127,undercover cop
8530,deafness
8,prospect preferred
27,2024 relook
41,2024 relook
45,prospect preferred
52,peacock
61,2024 relook
74,prospect preferred
85,prospect preferred
86,a list
100,reviewed
125,2024 relook
140,reviewed
144,amazon prime
144,epix
144,hulu
144,reviewed
154,HBO Max
159,prospect preferred
159,starz
164,amazon prime
194,reviewed
195,2024 relook
205,a list
218,hulu
222,reviewed
225,2024 relook
271,2024 relook
340,a list
346,a list
371,2023 relook
378,prospect preferred
381,reviewed
383,HBO Max
417,prospect preferred
421,a list
424,2024 relook
425,2024 relook
477,reviewed
488,warner
491,reviewed
511,2024 relook
523,a list
538,2023 relook
552,2024 relook
635,a list
638,Pam's list
638,prospect preferred
786,2024 relook
802,2024 relook
804,2024 relook
848,a list
892,a list
897,a list
935,reviewed
944,reviewed
963,2024 relook
976,2024 relook
982,reviewed
988,2023 relook
991,never available
998,reviewed
998,women over 45
999,2024 relook
1008,a list
1009,2024 relook
1016,2024 relook
1018,Disney
1018,prospect preferred
1049,2024 relook
1077,reviewed
1078,2024 relook
1085,a list
1099,not interested
1135,2023 relook
1180,a list
1187,amazon prime
1226,amazon prime
1226,over 45
1226,reviewed
1353,2024 relook
1366,freevee
1378,2023 relook
1385,2024 relook
1399,2024 relook
1401,2023 relook
1412,a list
1422,2024 relook
1457,2024 relook
1465,over 45
1465,reviewed
1593,starz
1594,paramount
1594,showtime
1616,prospect preferred
1620,2024 relook
1621,2024 relook
1631,a list
1633,2024 relook
1661,amazon prime
1670,2024 relook
1683,2023 relook
1686,2024 relook
1792,2024 relook
1797,not interested
1840,2024 relook
1883,2024 relook
1888,hulu
1892,2024 relook
1913,HBO Max
1913,over 45
1926,prospect preferred
1928,prospect preferred
1933,TCM
1948,2024 relook
2002,2024 relook
2015,2024 relook
2017,prospect preferred
2034,Disney
2034,prospect preferred
2035,Disney
2035,prospect preferred
2037,Disney
2037,Pam's list
2037,reviewed
2043,Disney
2043,joint list
2043,reviewed
2046,prospect preferred
2048,prospect preferred
2057,2024 relook
2073,a list
2077,2023 relook
2084,Disney
2084,prospect preferred
2114,2026 relook
2178,2024 relook
2180,2024 relook
2182,reviewed
2202,reviewed
2204,a list
2210,HBO Max
2210,prospect preferred
2240,reviewed
2241,prospect preferred
2247,2024 relook
2252,2024 relook
2312,2026 relook
2331,2024 relook
2334,2024 relook
2339,prospect preferred
2344,prospect preferred
2344,screenpix
2346,2024 relook
2347,2024 relook
2390,2024 relook
2414,men over 45
2429,prospect preferred
2433,a list
2469,2024 relook
2476,MAX
2497,HBO Max
2497,prospect preferred
2520,Netflix Streaming
2539,2024 relook
2561,2024 relook
2570,2024 relook
2583,2023 relook
2669,amazon
2669,prospect preferred
2688,2024 relook
2736,a list
2769,2024 relook
2802,2024 relook
2889,a list
2942,2023 relook
2943,a list
2952,2023 relook
2975,2024 relook
3028,2024 relook
3071,reviewed
3073,TCM
3076,prospect preferred
3078,2023 relook
3090,reviewed
3099,2024 relook
3109,peacock
3109,prospect preferred
3138,a list
3167,2024 relook
3171,TCM
3189,2024 relook
3197,amazon prime
3197,epix
3197,Jim's list
3197,reviewed
3201,2026 relook
3206,2024 relook
3211,reviewed
3214,a list
3230,reviewed
3249,reviewed
3257,reviewed
3261,a list
3269,2024 relook
3350,reviewed
3357,reviewed
3379,TCM
3466,2023 relook
3480,HBO Max
3500,prospect preferred
3529,prospect preferred
3536,reviewed
3543,2026 relook
3565,2024 relook
3604,HBO Max
3604,Pam's list
3604,reviewed
3643,prospect preferred
3728,2026 relook
3792,prospect preferred
3827,2024 relook
3852,a list
3870,amazon prime
3872,a list
3893,starz
3952,never available
3964,Disney
3964,prospect preferred
3987,starz
4000,2024 relook
4003,2024 relook
4056,hulu
4067,a list
4080,2023 relook
4086,reviewed
4111,a list
4191,a list
4214,2024 relook
4217,HBO Max
4220,amazon prime
4276,2024 relook
4280,a list
4290,prospect preferred
4290,starz
4298,not interested
4305,prospect preferred
4316,screenpix
4337,reviewed
4357,reviewed
4359,reviewed
4392,prospect preferred
4419,reviewed
4420,amazon prime
4420,reviewed
4428,TCM
4464,a list
4474,2026 relook
4478,starz
4488,2024 relook
4534,a list
4564,2023 relook
4589,a list
4595,amazon
4632,HBO
4661,2023 relook
4677,Disney
4677,prospect preferred
4688,amazon prime
4704,paramount
4709,movieplex
4709,prospect preferred
4787,2023 relook
4795,reviewed
4798,2023 relook
4799,TCM
4801,amazon prime
4801,reviewed
4801,women over 45
4803,a list
4804,amazon prime
4809,whistleblower
4815,2024 relook
4826,2024 relook
4844,starz
4862,screenpix
4901,2024 relook
4912,amazon prime
4916,a list
4917,amazon prime
4957,2024 relook
4971,2024 relook
4976,2024 relook
4978,a list
5007,TCM
5012,MAX
5016,2023 relook
5063,amazon prime
5066,amazon prime
5066,reviewed
5116,HBO Max
5214,2026 relook
5279,amazon prime
5282,prospect preferred
5293,2024 relook
5309,Disney
5309,prospect preferred
5312,HBO Max
5316,a list
5339,reviewed
5357,Disney
5361,2023 relook
5372,a list
5404,a list
5447,prospect preferred
5450,prospect preferred
5483,reviewed
5485,prospect preferred
5499,prospect preferred
5506,HBO
5506,prospect preferred
5603,2024 relook
5604,2024 relook
5625,2023 relook
5637,reviewed
5668,a list
5682,2024 relook
5685,2024 relook
5696,2023 relook
5733,prospect preferred
5747,amazon
5747,joint list
5747,reviewed
5788,screenpix
5799,2027 relook
5820,reviewed
5836,TCM
5847,2026 relook
5867,reviewed
5941,Disney
5994,2023 relook
6022,amazon prime
6059,a list
6064,reviewed
6101,reviewed
6201,a list
6215,2024 relook
6237,reviewed
6238,2024 relook
6245,prospect preferred
6266,HBO
6268,prospect preferred
6288,2024 relook
6308,Netflix Streaming
6332,Disney
6332,prospect preferred
6334,paramount
6335,prospect preferred
6358,2024 relook
6412,reviewed
6422,reviewed
6428,2023 relook
6434,2024 relook
6454,never available
6461,amazon prime
6461,reviewed
6466,prospect preferred
6477,reviewed
6480,2024 relook
6573,prospect preferred
6595,2024 relook
6636,reviewed
6658,a list
6684,warner
6809,HBO Max
6837,prospect preferred
6862,amazon prime
6884,a list
6911,a list
6912,a list
6927,2023 relook
6974,2024 relook
6983,a list
6992,2024 relook
7009,reviewed
7026,2024 relook
7033,Netflix Streaming
7038,Hitz
7046,2024 relook
7054,reviewed
7056,reviewed
7057,prospect preferred
7062,amazon prime
7062,reviewed
7082,a list
7083,HBO
7116,not interested
7131,hulu
7169,HBO
7181,TCM
7184,prospect preferred
7211,prospect preferred
7212,a list
7216,reviewed
7219,TCM
7336,prospect preferred
7348,2024 relook
7366,starz
7395,a list
7414,MAX
7414,reviewed
7479,prospect preferred
7614,reviewed
7618,2026 relook
7647,reviewed
7705,TCM
7720,reviewed
7767,never available
7822,TCM
7833,TCM
7835,thin man series
7888,a list
7894,prospect preferred
7926,not interested
8024,paramount
8153,TCM
8228,not interested
8331,reviewed
8366,a list
8379,amazon prime
8385,prospect preferred
8410,2023 relook
8450,might like
8458,might like
8461,might like
8465,might like
8610,a list
8611,reviewed
8614,2024 relook
8650,screenpix
8695,2023 relook
8711,reviewed
8718,a list
8727,prospect preferred
8754,reviewed
8840,warner
8875,a list
8915,never available
25825,a list
25827,reviewed
25833,hulu
25841,2024 relook
25865,reviewed
25905,prospect preferred
25999,TCM
26038,never available
26147,a list
26198,amazon prime
26391,prospect preferred
26564,prospect preferred
26712,TV series
26745,HBO
26838,a list
27808,Netflix Streaming
27816,2024 relook
30818,2023 relook
30822,2024 relook
31030,reviewed
31297,prospect preferred
31617,2024 relook
31700,Disney
31903,a list
31921,a list
32179,HBO Max
32289,Disney
32289,prospect preferred
32598,a list
33237,TCM
33669,HBO Max
33669,Pam's list
33669,reviewed
33826,2024 relook
34332,Disney
34336,2023 relook
34359,amazon prime
34536,starz
35015,never available
38164,reviewed
39307,MAX
39435,Netflix Streaming
40614,reviewed
41863,reviewed
42007,2023 relook
43684,2024 relook
43917,Disney
43917,over 45
43917,reviewed
44943,reviewed
46062,2024 relook
47382,2024 relook
47970,2024 relook
48161,Netflix Streaming
49132,not interested
50658,TV series
50685,2024 relook
50740,TV series
51694,MAX
51694,reviewed
52375,starz
52579,a list
52767,TV series
53447,prospect preferred
54121,starz
54736,Netflix Streaming
55451,reviewed
58306,a list
58876,amazon
58876,prospect preferred
65350,might like
66544,never available
67888,might like
68135,MAX
68522,TV series
68552,prospect preferred
70334,prospect preferred
70451,reviewed
70708,prospect preferred
70932,HBO
72692,Disney
74342,might like
74508,reviewed
74624,2024 relook
78959,might like
79946,hulu
81786,AMC+
83969,might like
84246,prospect preferred
84246,warner
84615,2024 relook
86593,Disney
86593,over 45
86593,reviewed
86815,reviewed
89678,reviewed
90863,a list
91978,Netflix Streaming
94325,2024 relook
95744,prospect preferred
95843,might like
96430,Disney
96430,prospect preferred
97172,prospect preferred
97904,a list
98122,not interested
99117,2024 relook
99636,not interested
99992,HBO
100527,HBO Max
103372,2024 relook
103883,Netflix Streaming
104339,2024 relook
105954,reviewed
106839,Netflix Streaming
109853,Netflix Streaming
110297,Disney
110297,prospect preferred
110771,2024 relook
112316,MAX
112749,amazon prime
113186,prospect preferred
113207,Netflix Streaming
114184,AMC+
114246,FXM
114246,prospect preferred
115502,hulu
117368,not interested
117466,2024 relook
118985,2024 relook
125970,prospect preferred
128832,HBO
129428,MAX
129428,reviewed
130576,netflix
133716,not interested
133802,2024 relook
136016,Disney
138835,not interested
141820,not interested
141846,not interested
142372,netflix
142448,2023 relook
143031,prospect preferred
143257,amazon prime
143257,paramount
143410,a list
144976,2024 relook
146662,not interested
148482,reviewed
148956,a list
151317,prospect preferred
152071,Netflix Streaming
155659,paramount
158830,Disney
158830,prospect preferred
159077,reviewed
162350,amazon prime
162828,2024 relook
162982,not interested
163072,not interested
164375,might like
164707,might like
165101,peacock
170355,reviewed
173205,2024 relook
173619,not interested
175661,2024 relook
179709,amazon prime
49793,Sports
993,science
1810,politics
1810,true story
3390,exotic adventures
32596,Africa
32596,treasure
100843,foreign
168266,Nostalgia
6299,France
6299,Good Documentary
50685,feel-good movie
1591,horruible movie
2826,epic
8132,easily confused with other movie(s) (title)
37477,Samuel L. Jackson
47384,anoyng kids
47384,naive
47384,superheroes
50804,cannibalism; uncomfortable; crime; serial killer;
50804,Hannibal Lecter
57326,Jason Statham
57326,plot
57326,Uwe Boll
58162,Simon Pegg
74795,CIA Agent
74795,conspiracy
74795,Deception
77866,adventure
88812,rudeness
90647,visually appealing
93326,cliche
93326,horrible
93326,spy
160718,beautiful
160718,facing your fears
32460,Comedy
32460,German
33669,Own It
61071,Own It
62250,Own It
68552,Own It
68848,Own It
70687,Own It
70984,Own It
71619,Own It
75805,Own It
2764,alpha
2764,classy
2764,rich
4649,irreverent
6568,musical
128832,musical
1696,gay
6678,dystopia
42718,dystopia
42718,free running
99117,Apatow
99117,funny
99117,Leslie Mann
4901,espionage
2123,childhood classics
3067,screwball comedy
176935,apocalypse
176935,climate change
68135,Love story
290,maori
290,rape
290,strong women
332,Christopher Reeve
332,Constance Forslund
366,Heather Langenkamp
366,Robert Englund
448,Benicio del Toro
448,Debra Monk
448,Deirdre O'Connell
448,Eve Roberts
469,antonio banderas
469,meryl streep
469,Vanessa Redgrave
469,winona ryder
552,Kiefer Sutherland
552,Oliver Platt
552,Tim Curry
927,all-female cast
927,Joan Crawford
927,Joan Fontaine
929,Alfred Hitchcock
941,Basil Rathbone
970,Peter Lorre
1077,cryogenics
1077,Diane Keaton
1328,haunted house
1328,sequel
1328,tarantula
1341,Bette Davis
1378,Alice Carter
1379,Alan Ruck
1379,Christian Slater
1379,Emilio Estevez
1379,Kiefer Sutherland
1379,Lou Diamond Phillips
1929,Greta Garbo
1938,alcoholism
1938,Doris Dowling
1972,nightmare
1987,Jamie Lee Curtis
1995,Craig T. Nelson
1995,Geraldine Fitzgerald
1995,Heather O'Rourke
1995,JoBeth Williams
1996,Heather O'Rourke
1996,Lara Flynn Boyle
1996,Nancy Allen
1996,Tom Skerritt
1998,exorcism
1998,Kitty Winn
1998,Linda Blair
2114,Diane Lane
2177,Barbara Harris
2177,Cathleen Nesbitt
2177,Edith Atwater
2177,Hitchcock
2206,Alfred Hitchcock
2206,Joan Fontaine
2207,Alfred Hitchcock
2212,Peter Lorre
2227,Ivor Novello
2279,Brad Dourif
2279,jared leto
2279,Robert Englund
2348,Gary Oldman
2367,Jeff  Bridges
2367,Jessica Lange
2367,monster
2367,Nudity (Topless - Brief)
2476,Clint Eastwood
2476,Marsha Mason
2476,Nudity (Topless)
2526,dreadful
2526,Henry Fonda
2526,Katherine De Hetre
2526,Martin Landau
2526,Natalie Wood
2531,Natalie Trundy
2531,planet of the apes
2531,post-apocalyptic
2532,futuristic
2533,Kim Hunter
2533,Natalie Trundy
2533,Ricardo Montalban
2702,Adrien Brody
2702,Anthony LaPaglia
2765,dark comedy
2789,anti-christ
2789,Lance Henriksen
2789,Leo McKern
2790,Antichrist
2790,london england
2790,Ruby Wax
2840,Patricia Arquette
2840,Portia de Rossi
2893,Alan Cumming
2893,David Walliams
2893,Jonny Lee Miller
2893,Liv Tyler
2893,Matt Lucas
3190,James Spader
3190,Robin Tunney
3296,Judy Geeson
3296,London
3344,campy
3344,Connie Mason
3344,disturbing
3344,gritty
3344,gruesome
3354,bad science
3354,science fiction
3379,anthony perkins
3461,children acting like adults
3461,island
3529,Anjelica Huston
3550,atmospheric
3550,bauhaus!
3550,Catherine Deneuve
3577,Kristy McNichol
3577,Milla Jovovich
3577,Nudity (Full Frontal - Notable)
3577,Sherilyn Fenn
3628,World War II
3697,aliens
3697,bad dialogue
3697,Bill Paxton
3697,Danny Glover
3732,Amy Irving
3732,Carol Eve Rossen
3732,Carrie Snodgress
3732,Daryl Hannah
3738,Goldie Hawn
3738,jailbreak
3738,Jessie Lee Fulton
3738,kidnapping
3739,Miriam Hopkins
3789,arthouse
3789,Brock Peters
3789,genocide
3789,Geraldine Fitzgerald
3811,Edward Woodward
4124,Awful...just awful
4124,christmas
4124,great white shark
4210,Hannibal Lecter
4210,serial killer
4210,William Petersen
4351,female director
4427,Anthony Hopkins
4427,historical
4498,Clint Eastwood
4518,Peter Capaldi
4629,Adam Baldwin
4629,Ben Stiller
4629,Bill Paxton
4629,Helen Hunt
4629,Liam Neeson
4699,Angelina Jolie
4699,Antonio Banderas
4723,Tilda Swinton
4804,Bette Davis
4804,Comedy
4804,Drama
4821,Leelee Sobieski
4826,bleak
4826,Classic
4826,forceful
4826,Lee Marvin
4863,Divine
4863,John Waters
5293,Toni Collette
5438,Charlie Sheen
5438,Emilio Estevez
5476,Jamie Lee Curtis
5569,rape
5867,atmospheric
5867,bank robbery
5867,heist
5867,mafia
6051,Beverly Anderson
6051,Carol Lawes
6051,Janet Bartley
6051,Joanne Dunn
6051,Lucia White
6059,Bridget Moynahan
6101,Chile
6101,conspiracy
6101,disappearance
6184,David Bowie
6219,Benicio del Toro
6219,Tommy Lee Jones
6219,wilderness
6239,science fiction
6280,Timothy Olyphant
6280,Vin Diesel
6290,Rainn Wilson
6395,epidemic
6395,George A. Romero
6395,terrible acting
6515,Fritz Lang
6516,Ingrid Bergman
6578,comedy
6578,Dean Martin
6578,Felicia Farr
6578,Kim Novak
6578,musical
6581,christopher lee
6581,Genevieve Page
6581,Irene Handl
6629,Vincent Price
6658,midlife crisis
6927,Anthony Hopkins
6927,Gary Sinise
6927,Nicole Kidman
6927,Nudity (Full Frontal - Notable)
6959,Billy Connolly
6983,Joan Fontaine
6983,Orson Welles
7051,Paula Prentiss
7051,Peter O'Toole
7051,Peter Sellers
7065,racist
7080,Busby Berkeley
7082,Cary Grant
7082,Doris Day
7082,John Astin
7093,Carol Burnett
7093,Jack Lemmon
7093,Susan Sarandon
7181,Anti-semitism
7181,disturbing
7181,Germany
7181,Simone Signoret
7482,Ahna Capri
7482,Angela Mao
7482,Betty Chung
7492,George A. Romero
7493,Dissociative identity disorder
7493,Joanne Woodward
7561,Charlotte Burke
7561,Gemma Jones
7930,Wes Craven
8591,1940s
8591,cheesy
8591,Nancy Allen
8591,sci-fi
8591,time travel
8626,anthology
8626,Christopher Lee
8626,Donald Sutherland
8626,Peter Cushing
8754,Maggie Smith
8773,Basil Rathbone as Sherlock Holmes
9008,Vincent Price
25757,blackface
25773,Edward G. Robinson
25825,Sylvia Sidney
26142,Apaches
26142,Civil War
26142,Richard Harris
26142,Sam Peckinpah
26142,Senta Berger
31427,dakota fanning
31427,Famke Janssen
31737,Anna Massey
31737,Carol Lynley
31737,Keir Dullea
31737,Laurence Olivier
31737,Martita Hunt
32728,Dorothy Davis
32728,Jodie Foster
32728,Julie Wildman
34143,Jennifer Connelly
36533,Jared Padalecki
45662,Mia Farrow
47810,just awful
50445,Sean Bean
50851,documentary
50851,drug trade
51927,creepy
51927,dummies
53921,Angelina Jolie
56620,Jaime Murray
57526,cruelty to animals
58162,dylan moran
59016,Chris Evans
59016,Hugh Laurie
59016,Keanu Reeves
59016,Only minor female characters
59738,Amber Heard
60941,Vinnie Jones
63826,Shea Whigham
65882,Emily Browning
70361,Aiden Gillen
70361,john cena
70728,Tom Hardy
71910,Kelly Hu
71910,Robert Carlyle
71910,sexist
71910,The dog dies
71910,Token female only
89028,child's perspective
89028,Guy Pearce
92391,found footage
92391,horror
92694,Apocalypse
92694,Eva Green
93502,Mens problems being worked out by manipulating a woman
96373,Cillian Murphy
98230,Aubrey Plaza
98230,Kate Mara
98279,Simon Pegg
109569,Kevin Costner
109569,terrible dialogue
114044,Rose Leslie
114795,battles
115216,Eva Green
115216,Mads Mikkelsen
115216,western
116887,ancient civilization
128542,Australia
128542,Bianca Bradey
128542,zombies
136602,Creepy
136602,found footage
136602,Psycho
140627,russian
140627,strong female character
141688,Emily Browning
141688,Tom Hardy
163981,Sheri Moon Zombie
170827,Tom Cruise
188833,Adam Driver
188833,Terry Gilliam
549,classical music
549,nonlinear
2362,so bad it's good
2379,idiot plot
3071,AFI 100
3007,In Netflix queue
127134,Appalachian Trail
127134,hiking
46,women
218,unlikely friendships
218,women
549,musicians
1537,dancing
1620,detective
1678,women
1783,noir thriller
2352,unlikely friendships
2443,multiple storylines
2866,musicians
3129,musicians
4054,dancing
4814,kidnapping
4814,thriller
67799,Twist ending
74668,parkour
6565,inspirational
80839,overcoming odds
80126,George Clooney
80126,Italy
80126,landscape
127198,coming of age
127198,hip hop
115203,cannabis
115203,informative
115203,marijuana
115203,vimeo-on-demand
159849,musical
159849,performance not comedy
159849,unlikeable
58306,china
2567,San Francisco
575,nostalgic
313,swan lake
313,talking animals
6093,unicorns
7541,gender swap
33815,romantic comedy
33815,single parents
44225,mermaid
50954,body exchange
50954,gender swap
54780,nanny
54780,rich and poor
95858,Funny
95858,short
129428,comedy
133545,suicide
133545,suicide attempt
149354,Comedy
149354,Funny
121169,kink
451,Nudity (Topless - Notable)
86293,funny
86293,Good plot
84615,adultery
84615,crack use
84615,mildly funny
79897,characters
79897,fine acting
79897,humor
4786,ableist
4786,bad ending
4786,haunted house
4786,visually appealing
117109,absurdist
34323,Rob Zombie
34323,torture
50851,miami
2187,noir
2925,existentialism
5304,existentialism
5304,neo-realism
26350,existentialism
71147,existentialism
117851,adventure
117851,talking animals
2074,perversion
3265,heroic bloodshed
4808,remake
7134,post-apocalyptic
61073,embarassed to watch
65216,poor editing
464,action
464,Jean-Claude Van Damme
3466,Classic
3466,Kyra Sedgwick
158956,army
158956,artificial intelligence
158956,machines against humans
158956,thrilling
169670,gore
169670,lovecraftian
169670,occult
169670,small town
169670,supernatural ho
5241,hilarious
5241,screwball comedy
125970,Disney Channel Original Movie
125970,halloween
52,Mira Sorvino
58,beautifully filmed
58,italian bittersweet romance
1216,Italian
3812,vaguely embarrassing 70s take on sex
3812,Woody Allen
5267,inspirational
86815,inspiring
86815,surfing
86815,true story
134326,Italian
134326,Ornella Muti
3327,Mick Foley
3327,Terry Funk
55110,Daniel Radcliffe
55110,orphans
841,HBO Max
2004,HBO Max
3943,the criterion channel
3964,disney+
6093,the criterion channel
25898,the criterion channel
207,Keanu Reeves
207,vineyard
207,world war ii
360,boring
360,newspaper
360,reporter
719,Andie MacDowell
719,cloning
719,lame
934,has remake
2316,magic
2316,Nicole Kidman
2942,dance
3270,D.B. Sweeney
3270,figure skating
3270,Moira Kelly
3682,Clint Eastwood
3682,Dirty Harry
3682,has a sequel
3682,sequel
4321,cattle drive
4321,funny
4613,criminal
4613,dog
4613,drugs
4613,german shepherd
4957,Dirty Harry
6658,beach
6832,amnesia
6832,firearm
6832,Harrison Ford
7169,president
7169,twin film
7169,US President
32296,Sandra Bullock
55267,Juliette Binoche
59421,Cameron Diaz
61071,sequel
63393,Disney
63393,the songs
69606,amoral characters
109864,Based on a TV show
109864,crowdfunded
109864,Kristen Bell
109864,police corruption
111617,Adam Sandler
111617,Africa
111617,Drew Barrymore
119218,short films
119218,violence
138208,based on a true story
138208,World Trade Center
185033,based on comic
185033,family
26365,Yul Brynner
169,family
1016,family
1623,horror
3070,cult classic
3521,MMsWL
4846,Donnie Yen
4846,Hong Kong
4846,kung fu
4846,martial arts
26171,architecture
54185,MMsWL
59947,bad acting
59947,bad writing
59947,police brutality
59947,sexism
59947,stunts
96020,architecture
96150,architecture
117531,MMsWL
1224,British
8169,Spielberg
27674,black comedy
81,Recommendz Top Pick
427,Nudity (Topless - Notable)
640,Nudity (Full Frontal - Brief)
849,Kurt Russell
1476,Nudity (Full Frontal - Notable)
2330,deadpan
2330,humorous
2433,courtroom drama
2881,creative plot
2881,Morgan Freeman
3091,Akira Kurosawa
3254,Saturday Night Live
3475,Oscar (Best Cinematography)
3510,time travel
3510,Underrated
4033,historical
4171,Eugene O'Neill
4350,Peter Jackson
4359,sexy
5293,message!
5341,biographical
5434,Barbara Stanwyck
5434,Frightening
5475,disturbing
5475,tense
5932,cerebral
6041,Fantastic Foreign Films
6327,documentary
6331,Recommendz Top Pick
6380,courtroom
7116,imdb top 250
7132,Marx Brothers
7786,movielens top pick
7924,Akira Kurosawa
8011,enlightening
8011,politics
8094,violent
8143,literate
8188,literate
8188,poignant
8623,Steve Martin
25827,AFI 100 (Cheers)
25833,Greta Garbo
26704,Gary Oldman
26704,John Turturro
26704,Sean Penn
32019,Uma Thurman
38304,Catchy Score
365,70mm
365,Anamorphic Blow-Up
365,ARRI System 765
365,Bridget Fonda
611,horror
611,Nudity (Topless)
2328,based on novel or book
2328,John Carpenter
2328,vampires
2924,Jackie Chan
2924,martial arts
6872,adapted from:game
6872,brainless
7202,zombies
7951,adapted from:book
7951,confusing
8199,atmospheric
8199,eerie
8447,mutants
8447,slow
27837,Dennis Quaid
27837,remake
32029,Bruce Willis
47810,predictable
47810,remake
47810,so bad it's good
57637,Post apocalyptic
57637,post-apocalyptic
59129,predictable
59129,zombies
84696,Simon Pegg
91660,apocalypse
91842,contraband
94896,mockumentary
97785,bad acting
97785,bad cgi
97785,bad plot
103883,undercover cop
105731,based on a book
105731,Stephen King
112497,alcoholism
112497,road trip
112727,cheap scares
112727,paranormal
112818,dystopia
112818,social commentary
116668,horror comedy
125914,facial hair
125914,moustache
141408,zombies
142598,cult
142598,night shift
142598,police
142598,rookie
142598,supernatural
159441,Raunchy
160565,dystopia
160565,predictable
162350,western
157,Michael Moore
4052,geeks
4052,Suspension of disbelief required
5025,Jack Black
5425,aviation
7377,bleak
7377,grim
32022,Middle East
45440,indie
56003,Jon Lovitz
56003,puzzling
56003,Sarah Michelle Gellar
56003,surreal
59016,Hugh Laurie
60333,antarctica
60333,Werner Herzog
60760,Violence towards dogs
61352,spy thriller
61401,overacting
61401,Scarlett Johansson
65631,Charlize Theron
65631,political
91571,shakespeare
52,Woody Allen
849,cheesy bad
3072,Oscar (Best Supporting Actress)
27523,Weird at first - but stick with it
128991,dark comedy
128991,sci-fi
128991,short films
234,femdom
45969,Jennifer Connelly
70663,Hayden Panettiere
108715,Olivia Wilde
108715,Sam Rockwell
27808,immigrants
1827,Michael Moore
176601,Not the TV Show
113225,cute
134170,80s
134170,nazi
134170,parody
53883,Adam Curtis
53883,corruption
53883,politics
4844,Funny
90717,Alan Alda
90717,heist
52867,hysterical
6289,disaster
6289,kaliningrad
6289,russian ship
6289,shipwreck
6289,submarine
7700,based on novel
7700,death
7700,existentialism
26131,Africa
26131,algeria
34520,blonde
133782,dark
133782,family
133782,sad
4280,Phillips Exeter
114265,A24
114265,Chloë Grace Moretz
114265,coming of age
114265,Keira Knightley
127108,1950s
3688,Nudity (Full Frontal - Notable)
3688,Nudity (Full Frontal)
4214,Notable Nudity
4214,Nudity (Full Frontal - Notable)
4214,teen
4677,dog
585,misogyny
585,parody
4297,atmospheric
4297,beautiful
4297,emotional
4967,complex characters
4967,complex relationships
4967,disturbing
4967,emotional
6331,exploitive
6331,funny
6331,geeky
6568,Anna Kendrick
6568,fun
6568,great soundtrack
6963,Amish
6963,compelling
6963,fair
6963,fascinating
55555,atmospheric
55555,complex characters
55555,ensemble cast
55555,Fatih Akin
57243,beautiful
57243,challenging
71282,agenda
71282,America-centric
71282,holds interest
71282,informative
71282,manipulative
81784,annoying characters
86548,charming protagonist
90630,far-reaching
90630,feminism
90630,framing personal narrative
90630,media
90647,annoying villain
90647,Antonio Banderas
91079,Anton Yelchin
91935,atmospheric
91935,broken beautiful girl
91935,charming characters
91935,great cast
91935,Jessica Brown Findlay
8531,black comedy
1128,John Carpenter
1128,sea
1128,supernatural
1999,disturbing
1999,exorcism
1999,horror
2901,aliens
2901,cult film
2901,evil
2901,lovecraftian
2901,Lovecraftian mythology
3918,hell
3918,occult
3918,splatter
71500,anthology
144976,atmospheric
33779,stand-up comedy
71131,Christianity
71131,homophobia
71131,Louis Theroux
71131,Phelps family
79895,french
90809,French Film
90809,gender identity
109687,physics
127116,based on a true story
127116,psychology
128542,Australia
128542,zombies
140816,Christmas
140816,Los Angeles
140816,transexual
158842,documentary
167570,Netflix
2378,comedy
2378,crime
2378,funny
2378,police
2378,silly
70533,Gainax
70533,Hideaki Anno
521,noir thriller
1783,noir thriller
2375,Boring
2375,Not funny
2375,Repetitive
2375,Tom Hanks
3243,Brendan Fraser
3243,California
3243,caveman
3243,high school
3243,Pauly Shore
5363,Bullying
70728,alter ego
70728,Based on a true story
105468,animation
105468,comedy
105468,sequel
112911,Bad acting
112911,Bad dialogue
112911,Predictable
122888,Remake
122888,revenge
134783,based on a TV show
134783,Funny
140715,Biography
142448,based on a true story
142448,Mount everest
148888,Sequel
159441,Adam sandler
159441,Fugitives
159441,Raunchy
159441,Return to form
162828,neo-nazi
162828,Racism
162828,terrorism
162828,undercover
170897,Adam sandler
170897,Annoying accent
170897,Better than expected
170897,Few laughs
170897,Netflix original
459,Erotic Thriller
459,Kim Basinger
459,Nudity (Topless)
610,adult animation
707,Jennifer Connelly
707,neo-noir
707,noir thriller
731,Nudity (Topless - Notable)
731,Nudity (Topless)
731,teri hatcher
1791,Nudity (Topless - Notable)
1791,Nudity (Topless)
2749,Jane Fonda
2917,femme fatale
3190,Nudity (Topless)
3190,sci-fi
3190,spacecraft
4813,destruction of earth
4813,doomsday
4813,sci-fi
4813,space travel
6476,amnesia
6476,Nudity (Topless)
7047,Nudity (Topless)
7305,psychological thriller
7305,theresa russell
8532,mimi rogers
8532,Nudity (Topless - Notable)
8532,Nudity (Topless)
3384,1970s
495,child nudity
495,male pubic hair
2557,dark
2557,depressing
3274,female lead
3274,room-mate from hell
4439,child nudity
4439,drug abuse
4439,drug use
4439,frustrating
4439,graphic
4531,Arnold Schwarzenegger
4531,cold war
4531,comedy
4531,politically fair
4809,bad thriller
4809,boring
4809,poor thriller
31973,bad acting
31973,outdated
31973,poor acting
31973,terrible acting
168608,emotional
168608,good ending
168608,lynching
2320,Stephen King
69,Chris Tucker
69,funny
69,great soundtrack
69,rap music
1707,Horrible Sequel
766,andy warhol
766,artist
766,mental illness
1041,melodramatic
1078,incoherent
1078,neurotic
2282,John Waters
2282,Parody of Art World
2282,photography
3812,neurotic
3812,vaguely embarrassing 70s take on sex
3851,margaret cho
3851,race
3851,sexuality
3858,campy
3858,cinema terrorism
4727,utterly fails to do justice to the book
6705,campy
6705,club kids
6705,dance music
6705,drugs
6705,murder
7340,cross dressing
7340,cross dressing women
7340,high school
7349,family bonds
7349,human
7349,israel
7349,sensitive
27523,cute
27523,korean
27722,asia
51694,unlikeable
55844,incoherent
55844,obnoxious
68886,light
70637,arab family
70637,coming out
70637,drama
70637,family
70637,lesbian
79946,consumerism
79946,deception
79946,ethical dilemma
79946,great premise
89085,Israel
4030,Gerard Butler
6059,Colin Farrell
6059,Suspense
44189,Colin Farrell
3693,Troma
5323,Jason in Space
663,tv
1665,funny
1760,embarassed to watch
2709,funny
2709,muppets
2967,good play
4040,kids
4063,sappy
4248,embarassed to watch
4745,meh
8581,to watch
60471,crocodile
60471,Giant animal
60471,Giant monster
4142,christian
4142,religious
141668,christian
4422,death
6436,Acting
6509,love
6509,Unusual love
44204,Gangster
55069,photography
58554,abuse
58554,bitter ending
58554,violence
63808,high school
63808,realistic
81512,death
81786,Abbas Kiarostami
81819,death
90357,Marital problems
90528,Holocaust
90528,road trip
90528,self discovery
97860,american idiocy
97860,murderer
103624,twist ending
105197,family
194,multiple storylines
3261,1990s
3543,setting:Baltimore
7046,Jack Nicholson
7046,seen more than once
108928,Bill Murray
5498,Akira Kurosawa
1711,Clint Eastwood
1711,Southern theme
1711,Voodoo
5838,high society
55946,Iraq War
55946,Tom Cruise
5620,country
5620,southern
2074,trash classic
2517,disappointing
2733,fun 
3200,classic
3769,classic
5410,classic sci-fi
6638,classic '80s
8727,classic
26171,classic
26313,classic
31038,classic
34336,Bond
8188,elegant
32460,terminal illness
32460,Til Schweiger
3113,not so good
3609,Vietnam
3847,nazis
6566,games
605,funny
605,George Clooney
605,romantic comedy
1353,romantic comedy
26840,Japan
58351,Favela
127198,soundtrack
141890,Child Soldiers
3584,remake
175585,crime
175585,gangster
98239,better than expected
105653,prison escape
4954,Caper
4954,Heist
4954,Slashy
538,talky
538,thought provoking
27776,foreign
27776,french
27776,strange
43871,not great
43871,suspense
43871,thrilling
25773,AFI 100 (Movie Quotes)
25773,Edward G. Robinson
7362,детектив
8010,icky
7089,dreamlike
7089,nostalgic
7089,semi autobiographical
7089,small town
142507,chess
142507,cold war
113225,philosophical
836,Andrew Davis
836,Keanu Reeves
836,Morgan Freeman
2053,Randal Kleiser
2053,Rick Moranis
2747,Jonathan Haze
3054,Kunihiko Yuyama
3054,Michael Haigney
3744,John Singleton
3744,Samuel L.Jackson
3972,Chia-Liang Liu
3972,Jackie Chan
4164,Kasi Lemmons
4164,Samuel L.Jackson
4887,James Wong
4887,Jet Li
5047,Steve Oedekerk
5220,Eddie Murphy
5220,Robert De Niro
5220,Tom Dey
5803,Betty Thomas
5803,Eddie Murphy
5803,Owen Wilson
6294,Paul Hunter
6294,Seann William Scott
6294,Yun-Fat Chow
27905,japanese
33495,Jesse Dylan
33495,Mike Ditka
33495,Robert Duvall
33495,Wyll Ferrell
5151,Notable Nudity
5151,Nudity (Topless)
5151,R
5151,silly
74668,bad acting
4062,chick flick
4062,Julia Roberts
5620,romantic comedy
127298,visual
30898,so bad that Costner is the best part
74868,terrible adaptation
117849,aliens
117849,earth
117849,the humanity
934,Spencer Tracy
1701,Woody Allen
2182,Alfred Hitchcock
2185,Alfred Hitchcock
2185,Montgomery Clift
2866,musicians
2921,Clint Eastwood
2921,spaghetti western
4564,ghost
4564,Holly Hunter
4564,Steven Spielberg
5410,cult film
5410,far future
5410,spaceship
27689,Jean Reno
27689,Merde!
27689,Religion
51037,paranoia
51037,psychological
70533,Mechs
84187,anime
84187,mechs
91660,aliens
91660,stupid
91660,wrong science
135885,Monty Python
135885,Robin Williams
8189,bonanza
4541,zombies
107436,groundhogs
107436,time loop
3,moldy
3,old
115664,Underworld
31101,crime
31101,meaning of life
1018,1960's
1018,funny
59022,road trip
59022,stoner comedy
2905,kurosawa
2905,toshiro mifune
4640,Takeshi Kitano
8327,Takeshi Kitano
8426,anthology
757,epic
757,love
757,relationships
757,stylized
757,Wong Kar-wai
841,horror
3637,poverty
3637,woman director
3813,death
3813,existentialism
3813,sad
4690,MAFIA LIFE
5300,Funny
5300,Thriller
5300,Western
6684,pedophilia
7088,Adaptation
7088,Brazil
7088,Greek Tragedy
7088,people of color
7209,comedy
7748,Anna Karina
8195,slow
8195,too long
8620,surrealism
8738,Jean-Luc Godard
8738,nouvelle vague
25797,black and white
25797,Ginger Rogers
25797,musical
25963,class
26159,so bad it's funny
31309,brothers
31309,family
31309,Italian
31309,neorealism
31309,poverty
72104,short
85394,art
127130,dialogue
127130,New York
127130,Noah Baumbach
134021,corny ending
134021,relationships
136564,stylized
136564,visually stunning
159849,comedy
159849,existentialism
174681,New York
188797,funny
4721,As historicaly correct as Germany winning WW2
4721,but still a fun movie.
7376,"The Rocks ""finest"" work need I say more?"
31221,Try not to mistake this for an episode of Alias
4432,cynical
4719,gross out humor
6433,experimental
90522,Rowan Atkinson
105211,James Gandolfini
105211,middle-aged protagonist
110603,religious propaganda
134184,Quartet I
147282,Quartet i
152065,indigenous peoples
152065,meditative
152065,slow
170945,A24
170945,paranoia
170945,Post-Apocalypse
170945,Suspenseful
2048,animation
2102,surreal
2886,elmo
2899,children
3398,great childhood movie
8574,Christmas
8574,claymation
8574,comedy
8711,jaded
8920,alcoholism
8920,drama
26048,drama
26048,japanese
26048,war
31193,cartoon
31193,disney
63312,dark
63312,german
63312,thirty years' war
63312,war
63540,dogs
63540,talking animals
68486,action
68486,drama
68486,mandarin
68486,war
5007,dated
5007,Peter Ustinov
5007,Turkey
1799,awesome cast
1799,black comedy
82,strong woman
142602,Comedy
142602,German
27866,annoying
2972,Yimou Zhang
3737,rebellion
5986,Character study
5986,dialogue
5986,Stacy Keach
87298,dark humor
87298,original story
87298,rebecca hall
87298,Will Ferrell
6536,animation
6536,efects
6536,story
115664,animated
2346,thought-provoking
160271,Dwayne Johnson
160271,funny
170827,action
183635,apocalypse
183635,dystopia
183635,survival
183635,zombie
1665,Based on a TV show
1665,British comedy
1665,funny
1681,bad acting
2150,Africa
2150,Betamax
2808,cyborgs
2808,Jean-Claude Van Damme
4735,dumbass cut his thumb off
4735,Jason Statham
4735,John Carpenter
4735,Mars
34334,artificial intelligence
34334,aviation
34334,awesomely bad
34334,Fighter that downloads music from internet right!
34334,innuendo
43928,atmospheric
43928,Milla Jovovich
43928,stylized
43928,visually appealing
52950,atmospheric
52950,Dynamic CGI Action
59103,jackie chan
59103,kung fu
59103,library
71129,Green Lantern
81132,bizarre
81132,headsplosions
81132,padding
81132,Robert
91128,Caribbean
91386,Krill
91386,no plot
55071,Iraq War
86347,stand-up comedy
239,Animation
239,Disney
2089,Animation
2089,Disney
2141,Animation
2142,Animation
3287,Animation
3287,Disney
3483,Animation
46062,Disney
61123,Disney
63393,Demi Lovato
63393,Disney
8169,cute
8169,Spielberg
7749,meta
5062,conspiracy
5062,identity
5062,secret societies
74370,boring
74370,no resolution
74370,slow
7328,did i miss something?
7449,incoherent
7449,pointless
7449,predictable
32582,i don't like documentaries
33644,pointless
3189,1940s
62553,based on a book
69654,Dominic Purcell
69654,Wentworth Miller
5069,anime
5069,Fantasy
5069,mecha
145418,sad
5912,bank robbery
5912,crime
2296,physical comedy
138702,beautiful animation
138702,relationships
32906,Human being
32906,Partisan
326,China
326,class issues
1216,beautiful scenery
1620,cliched
1620,police investigation
2074,BDSM
2074,bleak
2074,germans
2163,B-movie
2163,bad acting
2735,demons
2735,kung-fu
2735,Los Angeles
2735,monsters
2880,Jackie Chan
2880,kung fu
2880,nonsensical
2880,over the top
2924,drunken master style
2924,Jackie Chan
2924,kung fu
3235,gonzo
3655,decadent
3655,food/cooking
3655,lavish
3655,nudity
3655,sex
3707,BDSM
3707,erotic
3707,shallow
3930,bad special effects
3930,cult
3930,monster
3930,quirky
4697,B-movie
4697,brothers
4697,campy
4697,romance
4697,siblings
7222,drugs
7222,nonsensical
7222,propaganda
7222,unfunny
7564,eerie
7564,folklore
7564,ghost story
7564,stylized
58425,Iceland
58425,slow paced
61289,mindfuck
64695,anime
64695,anti-hero
89898,advertising
89898,Babylon
112070,celebs
136564,boring
159717,feel-good
159717,illness
8372,funny
115664,moral story
225,Demi Moore
225,Michael Douglas
991,Alan Rickman
2383,police
2446,Robert Downey Jr.
3577,breasts
4055,Donald Sutherland
4055,Neve Campbell
4055,William H. Macy
4115,crying
4568,ending
5264,Paula GarcÃ©s
5346,carre otis
5346,prejudice about brazil
6036,Kelly Preston
8132,easily confused with other movie(s) (title)
8916,Jennifer Lopez
26504,father-son relationship
26875,Roman Polanski
26875,twist ending
27408,John Malkovich
27408,ripley
81786,pretentious
91978,Elizabeth Banks
95201,great cast
95201,hilarious
95201,made me smile
95201,pleasant
95201,Rome
110603,religious propaganda
140,newsman
222,Ireland
469,based on a book
1398,World War I
1888,romance
2181,psychological
2870,New York City
3394,80's
3394,It's really his own damn fault
3394,Physical comedy
3536,new york
3536,romantic comedy
4033,Cold War
4033,Cold War Thriller
4033,hisotrical
4577,war crimes
4798,based on a play
5241,screwball comedy
6235,based on a true story
7698,corporate greed
7698,nuclear disaster films
7698,nuclear power plant
7698,suspense
32058,courtroom drama
49132,politics
55267,large family
55267,pulling yourself out of a dark place
55946,debate
55946,war in afghanistan
90343,as good maybe better than original
110387,9/11
110387,interview
110387,iraq
110387,pentagon
160644,1950s
160644,college
165969,arab spring
165969,Blackrock
165969,cyberspace
165969,Islam
165969,muammar gaddafi
170399,Gross out humor
7773,At Rogers Video
8375,At Rogers Video
8844,Not at RV or BB
8982,At Rogers Video
27816,At Rogers Video
27879,Not at RV or BB
37731,Not at RV or BB
3316,Christmas
178,gay
106062,jackass
106062,pranks
106062,stupid
2004,Gizmo
2004,Joe Dante
2456,Chris Walas
2456,Daphne Zuniga
2456,Eric Stoltz
2456,John Getz
2456,Lee Richardson
4492,Dee Wallace-Stone
4492,M. Emmet Walsh
4492,Stephen Herek
6408,Jamie Uys
46335,Japan
46335,Justin Lin
46335,Vin Diesel
59014,Craig Mazin
59014,Leslie Nielsen
61210,John Malkovich
61210,Ron Perlman
61210,Simon Hunter
62439,Alec Baldwin
62439,Dane Cook
62439,Howard Deutch
63479,Josh Zuckerman
63479,Sean Anders
63540,Andy Garcia
63540,Drew Barrymore
63540,Edward James Olmos
63826,Toby Wilkins
64032,Reese Witherspoon
64032,Robert Duvall
64032,Seth Gordon
64032,Vince Vaughn
64499,Benicio Del Toro
64499,Steven Soderbergh
64501,Benicio Del Toro
65802,Kevin James
66783,Marcus Nispel
67665,heavy metal
67665,Robb Reiner
67665,Sacha Gervasi
67665,"Steve ""Lips"" Kudlow"
68444,Sean McGinly
69712,Abigail Breslin
69712,Alec Baldwin
70641,Trevor Moore
70641,Zach Cregger
71129,Lauren Montgomery
71867,Felix Van Groeningen
71867,Koen De Graeve
5373,visually appealing
5373,world war II
120761,Lev Kuleshov
65216,Daniel Craig
168090,Nisio Isin
2483,Spain
100302,visually appealing
5312,Ryan Gosling
5812,gay
54796,Paris
58806,Ellen Page
3265,charisma
3265,heroic bloodshed
70533,remake
100498,dialogue
100498,John Moore
100498,plot holes
381,alcoholism
381,Meg Ryan
432,lame
532,dark comedy
552,Kiefer Sutherland
2770,parody
2524,disaster film
4662,hillarious
160438,action
1834,David Mamet
157,politics
2026,high school
2500,high school
2734,mental illness
2919,politics
3811,politics
3872,beautifully adapted
6334,nudity (topless - notable)
53143,awkward angles
58554,bullying
1041,Oscar Nominee: Best Picture
3528,Oscar Nominee: Best Picture
6797,Oscar Nominee: Best Picture
105197,Oscar Nominee: Best Picture
118930,stand-up comedy
163653,stand-up comedy
168174,stand-up comedy
168632,Stand-up comedy
168846,stand-up comedy
176329,stand-up comedy
177185,stand-up comedy
181065,stand-up comedy
183197,stand-up comedy
183227,stand-up comedy
183959,stand-up comedy
184791,stand-up comedy
54796,Daniel BrÃƒÂ¼hl
5094,Crappy Remake
91978,heist
5159,far and away
2348,Criterion
84187,anime
31921,Sherlock Holmes
83796,crime
83796,thriller
83796,twists & turns
63,Wayans Brothers
66,Crap
66,imdb bottom 100
5452,Kirstie Alley
6466,sexy
7132,madcap
8748,racy
8748,sexy
8912,beautiful women
27178,Christiane Paul
27178,cute girls
27178,funny
68848,unicycle
104906,comedy
104906,interesting idea
105468,funny
105468,imaginative
120138,social commentary
127319,bad script
127319,boring
140725,open ended
141928,Low budget 
155820,silly
159755,Andy Samberg
159755,parody
420,lack of charm
420,lack of humor
420,not as funny as the first two films
4084,Eddie Murphy
4084,good sequel
4686,decent sequel
4686,funny
5803,Eddie Murphy
113453,Jake Johnson
173209,Afghanistan
173209,Brad Pitt
173209,war
115667,heart stopping
115667,heartwarming
7218,19th century
7218,cattle rustling
95543,Animation 
95543,Ice Age franchise
160569,Animation 
2296,Emiliooooo
1529,90210 on acid
6460,Orson Welles
73,based on a book
73,changed the book TOO much
73,love
4738,relationship
4738,romance
4738,time travel
4899,black comedy
4899,comedy
4899,Martin Lawrence
33145,Ashton Kutcher
33145,happy ending
141846,apple
141846,IT
141846,stevejobs
86668,documentary
141688,lgbt
169992,brie larson
169992,Cillian Murphy
4225,=================
6617,===========================
7767,==================
8575,================
27866,************************
38304,===============
49265,============
53460,===================
61255,NE
95720,deadpan
95720,dumb humour
95720,funny
110603,Christianity
110603,religious propaganda
102066,slow
1591,comic book
3203,atmospheric
3203,Nicole Kidman
107565,comedy
107565,crime
107565,German
107565,German slang
107565,school
120625,corruption
120625,russia
122902,cheesy
122902,comic book
122902,idiotic
122902,Marvel
136445,cynical
140265,cynical
140265,George Carlin
140265,stand-up comedy
142602,Comedy
142602,German
142602,school
168846,stand-up
168846,stand-up comedy
172547,animation
172547,franchise
172547,minions
172547,sequel
175485,Anime Adaption
182749,stand-up comedy
182749,standup
183635,dystopia
82,intellectual
82,strong woman
242,musical
242,sad
563,class issues
563,poverty
563,social message
563,strike
563,working class
766,activism
766,artist
994,immigrants
1041,race relations
1734,glbt
1734,smart kids
1734,transgender
1827,documentary
2333,character development
4484,artist
4484,sad
4484,strong woman
4743,immigrant
4743,strong woman
4808,super scary
4976,disability
4976,intellectual
4976,professor
5498,altruism
6612,disability
6612,outsider
7141,disability
7572,disability
7572,strong woman
7572,teaching
7786,musical
8011,outsiders
8011,rebels
8754,teaching
43333,class issues
43333,politics
43333,smart kids
45928,documentary
55156,activism
55156,documentary
55156,Ralph Nader
60289,class issues
60289,inspiring
60289,poverty
60289,smart kids
60289,social message
134170,parody
134170,ridiculous
174479,Adult Swim
174479,satire
174479,scary
174479,short
174479,smart
177939,dreamlike
34323,Rob Zombie
25805,critereon
172637,cartoon
5504,kids
52694,cute
52694,funny
52694,Rowan Atkinson
56176,family friendly
74580,children
74698,comedy
86014,middle school
96110,accent
96110,funny
96283,fun
131439,complex
131439,dark comedy
148671,gore
165103,comedy
165103,friendship
167634,Budget cuts
167634,high school
170813,bad writing
170813,cliché
170813,comedy
170813,rookie
1013,1960's
1013,classics
436,twist ending
436,sex scenes
436,split personality
5612,acting
4496,neo noir
6732,Babra Streisand
6732,music
6945,architecture
6945,documentary
6945,insightful
7394,classic
7394,comedy
126090,atmospheric
126090,dreamlike
127152,investigative journalism
127152,scientology
127164,biography
127164,musicians
167064,Civil Rights
167064,history
32017,Vin Diesel
851,andy warhol
851,Artist
102066,Indian
102066,Marijuana
102066,reservation
66785,desert
66785,Weird
5879,Judaism
87529,comedy
87529,fantasy world
87529,high fantasy
87529,James Franco
87529,knight
33681,SEND HIM TO THE PRINCIPAL'S OFFICE AND HAVE HIM EXPELLED!
2352,good
27751,Stephen King
7320,Dance
74508,Jane Austen
81949,Elijah Wood
162968,anime
162968,light novel
162968,Nisio Isin
162968,Shaft
162982,anime
162982,Steins;Gate
168090,anime
168090,light novel
168090,Nisio Isin
168090,Shaft
168218,anime
168218,light novel
168218,Nisio Isin
168218,Shaft
168218,Studio Shaft
69529,depressing
125,Ben Stiller
125,Patricia Arquette
125,TÃ©a Leoni
432,Jack Palance
534,based on a book
550,group sex
1457,Matthew Perry
1457,Salma Hayek
1572,femme fatale
2239,Romnce
2907,Molly Shannon
3447,based on a book
3784,Bruce Willis
3784,time travel
4247,David Spade
4591,Monty Python
5283,Nudity (Topless)
5283,Tara Reid
5298,Charlie Kaufman
5298,Michel Gondry
5364,erotic
5364,sensual
5607,Campanella
5675,Madonna
5797,atmospheric
5797,sexuality
8620,surrealism
8685,based on a book
8870,memory
8912,American remake
26122,atmospheric
26875,minimal cast
26875,single set production
27618,based on short story
32598,sport:baseball?
33893,Ãlex de la Iglesia
40581,Amy Smart
40581,Anna Faris
50800,Kristen Stewart
55278,remake
60647,Ben Kingsley
67788,good clean comedy
69251,Alternative realities
69251,Michael Rapaport
70708,Maribel VerdÃº
73319,Amy Adams
74154,Danny DeVito
74154,Josh Duhamel
77795,post-apocalyptic
78041,Ashton Kutcher
78467,John Malkovich
80162,zombie apocalypse
80241,Christina Applegate
80858,Betty White
80858,Kristen Bell
82378,Kirsten Dunst
82378,Ryan Gosling
93443,Alison Pill
96567,books
109895,Jason Bateman
135436,pets
142422,drugs
160567,Anna Kendrick
160567,Aubrey Plaza
165101,based on novel or book
179211,netflix
506,beautiful
2593,sexuality
2734,tragic drama.
2801,tragically stupid
3037,violence in america
4939,violence
8094,classic
8094,violent
43914,pointless
43914,waste of celluloid
15,pirates
41,1930s
41,fascist
210,gunfighters
210,old west
228,Las Vegas
829,cockroaches
829,New York
1167,postal workers
1382,nudity (topless)
1382,Steven Seagal
1382,unintentionally funny
1417,19th century
1417,art
1417,europe
1417,female director
1417,woman director
1430,Canadian
1430,revenge
1484,dark comedy
1484,dysfunctional family
1484,independent film
1484,New York City
1992,Chicago
1992,Chucky
1992,faithlessness
1992,killer toys
1993,Boot Camp Episode
1993,killer doll
1993,military academy
1993,Missouri
2172,1960s
2172,boarding school
2172,Canadian
2172,female director
2172,female writer
2462,cannibal
2462,Leatherface
2514,Clancy Brown
2514,Mary Lambert
2558,airplane
2558,extramarital affair
2558,family
2558,female director
2558,road trip
2806,blackmail
2806,high school
2806,kidnapping
3580,"Florence, Italy"
3580,romance
3744,drugs
3744,New York City
3744,sequel
3938,woman director
3973,awful soundtrack
3973,full screen format
3973,Maryland
4231,chick flick
4231,New York
4259,chess
4721,cole younger
4721,history
4721,jesse james
4722,doesn't use stereotypical gay characters!
4722,gay
4840,French
4840,Movie industry
4852,bad acting
4852,comical
4852,predictable
4852,revenge
4852,Snoop Dogg
4871,1940s
4871,anti semitism
4871,boring
4871,Brooklyn
4962,19th century
4962,filmed in Canada
4962,history
4962,texas
4962,united states–mexico barrier
5316,British
5316,mathematics
5316,World War II
5455,art
5564,femme fatale
5564,high school
6012,romcom
6012,Seattle
6012,selma blair
6012,wedding
6033,filmed in Canada
6033,independent film
6033,mistaken identity
6033,neighbor
6033,peeping tom
6493,Boston
6493,novelist
6493,romcom
6558,Steve Carell
6588,french
6588,jazz
6588,jewel thief
6588,sailing
6619,birthday
6619,nanny
6619,new york
6619,New York City
6619,NYC
7262,California
7262,climbing
7262,plot holes
8024,country music
8024,nashville
8024,River Phoenix last film
8024,Samantha Mathis
8035,crime
8035,Italian
8035,serial rapist
8814,buddy movie
8814,filmed in New Zealand
8815,archaeology
8815,demonic possession
8815,period piece
26578,philosophical
27822,bahamas
27822,low budget
27822,Nudity (Topless - Notable)
32019,Los Angeles
32019,movie industry
32019,music industry
32291,Steve Carell
32596,Africa
36533,murder
36533,psycho killer
36533,school
36533,serial killer
44189,film noir
44189,Great Depression
44189,Los Angeles
44731,setting:New Orleans
44731,video games
45221,gymnastics
45221,Los Angeles
45658,English Channel
45658,Scottish
45658,swimming
48596,bad acting
48596,bad directing
48596,bad writing
49130,France
49130,life reflection
49524,archangel gabriel
49524,bible
49524,Biblical
50445,New Mexico
50445,remake
50445,road movie
51903,New York
51903,romcom
51937,assault
51937,filmed in Morocco
51937,mutant
51937,mutants
51937,rape
52867,advertising
52867,disabled villain
53326,filmed in Romania
53326,French
53326,home invasion
54910,dark comedy
54910,dark humor
54910,Nudity (Topless - Brief)
54910,Portland
55110,Australia
55110,orphans
55292,football
56620,British
56620,dying repeatedly
56620,supernatural
56620,time loop
57421,gore
57421,horror comedy
57421,New Orleans
57421,serial killer
57536,bigfoot
57536,ClearPlay
57536,Los Angeles
57536,Nudity (Topless)
57637,Atlanta
57637,crazy people
58627,Florida
58627,inspirational
58627,Martial Arts
58627,MMA Fighting
59258,Philadelphia
59258,pregnancy
59258,single mom
59306,Los Angeles
63826,monster
63826,Oklahoma City
64010,British
64010,children killing adult
64010,gore
64010,supernatural
64231,comic book feel
64231,female director
64231,Revenge 
65193,Emma Roberts
65193,England
65193,lacrosse
65193,romcom
69904,baby
69904,drowning
69904,idiots
69904,Malta
69904,ocean
70663,aspen
70663,based on young adult novel
72129,Canadian
77414,bad acting
77414,romance
80553,animation
80553,poetry
80572,documentary
88672,hippy
88672,Lesbian Characters
89427,3d
89427,Louisiana
89427,shark
89840,1980s
89840,assassination
89840,Australian
91688,real estate
91688,religion
91688,spirituality
93297,hostage-rescue
93297,pregnant wife
93297,pro military
93297,special forces
95135,female director
96373,diabetes
97860,gambling
98279,paranoia
98279,quirky
100159,British
100159,dark humor
100159,serial killer
100302,evil corporation
100302,love story
100304,British
101283,jim carrey
101415,awkwardness
101415,coming of age
102760,British
102760,crime
102760,crime family
102760,dark comedy
103085,religion
103085,virgin
103221,Australian
103221,impotence
103221,romcom
103366,British
103366,London
103366,revenge
103449,betrayal
103449,German
103449,revenge
103819,internet cafe
103819,Los Angeles
104078,based on a TV show
104078,British
104078,satire
105121,Canadian
105121,female director
105121,female writer
105121,Middle East
105121,South Africa
105254,Chile
105254,drugs
108689,demons
108689,Gargoyles
108689,graphic novel
108715,Baltimore
109191,boring
109191,British accents
109191,New York City
109295,corrupt cop
109295,russian hitman
109295,single mom
109372,based on a play
109372,David Mamet
109372,Los Angeles
109372,romcom
109853,cute!
109853,Louisiana
109853,romantic comedy
109895,Los Angeles
109895,revenge
109895,spelling bee
110746,bayou
110746,gore
110746,Louisiana
110746,sequel
110746,slasher
111320,christian
111320,unbearable
111320,white people
111375,Los Angeles
111375,news anchor
111680,college
111680,parent child relationships
111680,romance
112580,anger
112580,Brooklyn
112580,terminal illness
113186,Australian
113186,cover-up
113252,Family
113252,House Arrest
113252,New Zealand
113394,amnesia
113394,romcom
113394,twins
113394,Zoe Kazan
113453,buddy movie
113453,filmed in Atlanta
113453,karaoke
113705,Belgian
113705,greed
113705,unions
113849,assassin
113849,Bangkok
113849,coma
113849,subtitled
114184,female protagonist
114184,female soldier
114184,guantanamo bay
114246,Brooklyn
114265,coming of age
114396,Communism
114396,glorified villain
114396,labor unions
114396,liberal propaganda
114396,Socialism
115216,filmed in South Africa
115216,rape
115502,"Binghamton, NY"
115502,romance
116413,female director
116413,female writer
116413,friendship
116413,lesbian
116413,Los Angeles
116817,campus shooting
116817,Oklahoma
116817,tragedy
116985,New York City
116985,romcom
117107,dark comedy
117107,pedophile
117107,Vigilante
117466,New England
117466,ocean
117466,whaling
117572,Los Angeles
117572,murder plot
117572,online dating
118248,cia
118248,dementia
118248,revenge
118248,undercover cop
118270,Brooklyn NY
118270,"Brooklyn, New York City"
118270,demons
118270,exorcism
118270,New York City
118326,Boston
118326,Mafia
118706,nazi gold
118706,salvage
118706,submarine
118814,Romance 
118924,alcoholism
118924,New York
118924,stand up comedy
120783,Aussie Thriller
120783,car chase
122932,New Orleans
122932,romcom
122932,senior citizens
123947,addiction
123947,California
123947,depression
123947,suicide
124859,addiction
124859,Las Vegas
126420,awful music
126420,Canadian
126420,heist
126420,New Orleans
127116,Connecticut
127116,psychology
127132,Louisiana
127132,politics
127132,prostitution
127134,Appalachian Trail
127134,hiking
127136,based on actual events
127136,Brooklyn
127136,infanticide
127136,journalism
127184,animation
127184,bad music
127184,club scene
127184,French
127319,infidelity
127319,New Orleans
127319,revenge
127323,Alabama
127323,robots
128488,Las Vegas
128488,mobsters
128512,Orlando
128512,teen comedy
128520,bromance
128520,buddy movie
128520,loner
128592,Los Angeles
129737,Europe
129737,filmed in Boston
129737,raunchy humor
129937,New York
129937,revenge
130050,found footage
130050,mockumentary
130050,monsters
130083,Amsterdam
130083,kidnapping
130083,ransom
130578,assassination
130578,Congo
130686,Baton Rouge
130686,spoof
131480,Canadian
131480,great cast
132422,New York City
132422,vampires
132488,fantasy
132488,psychoses
132488,romance
132496,cancer
132496,dialog
132496,rock star
132660,British
132660,London
132660,romcom
133545,closet homosexual
133545,suicide
133782,post apocalyptic
133782,zombies
133798,chick flick
133798,Texas
133802,New Zealand
133832,Amazon tribes
133832,South America
133832,student activists
133832,tree huggers
133867,Atlanta
133867,high school
133867,teenagers
134021,New York City
134021,open marriage
134246,British
134246,espionage
134246,London
134246,terrorism
134528,confusing
134528,Hawaii
134528,some romance
134775,China
134775,martial arts
135534,Christmas
135534,legend
135534,New Zealand
136654,Amanda Knox
136654,based on a book
136654,Italy
136664,bad acting
136664,bad writing
136664,murder mystery
136664,Texas
136666,Louisiana
136786,film noir
136786,North Carolina
138186,female director
138186,moab utah
138186,serial killer
138186,Texas
138186,vengeance
138204,irreverent
138204,mockumentary
138204,tennis
138208,based on a true story
138208,New York City
138208,World Trade Center
139052,child molesting
139052,Louisiana
139052,murder
139642,actually filmed in Pittsburg
139642,boxing
139642,fake New York settings
139642,inspirational
139642,inspiring
139717,bad acting
139717,bad writing
139717,Los Angeles
139747,love
139747,manhattan new york city
139747,"manhattan, new york city"
139747,New York City
140016,found video
140301,journalist
140301,Los Angeles
140301,prostitution
140301,romcom
140711,assassin
140711,black ops
140725,Colorado
140725,dumb kids
140725,guns
140816,Los Angeles
140850,based on book
140850,kidnapping
140850,poor adaptation
141004,British
141004,creationisim
141408,California
141408,scouts
141408,zombies
141513,beach
141513,Brooklyn NY
141513,female director
141513,woman director
141890,Africa
141890,based on a book
141890,based on novel or book
142074,Chile
142074,entrapment
142074,seduction
142222,Brooklyn
142222,tragic loss
142372,Bolivia
142372,politics
142422,Christmas Eve
142422,feel good flick
142422,New York
142507,chess
142507,Cold War
142507,Russia
143257,CIA assassin
143257,North Carolina
143410,Afghanistan
143410,Canadian
143472,bears
143472,Canadian
143472,hunters
143472,Vancouver
144620,based on a book
144620,filmed in Georgia
144620,teenagers
144714,formula
144714,generic
144714,Los Angeles
144714,stalker
144716,Afghanistan
144716,reality tv
144734,campy
144734,teen
144734,vampire
144734,werewolf
144734,zombies
144976,California
144976,cannibals
144976,western
145418,Communism
145418,historical
145418,Hollywood
146688,Atlanta
146688,clairvoyant
146688,FBI
146688,serial killer
146730,independent film
146730,robbery
146730,Texas
148482,Filmed in Australia
148482,liberal propaganda
148632,dark comedy
148632,New York City
148632,revenge
148632,talk radio
148709,Los Angeles
148709,stalker
149352,Fatherhood
149352,Louisiana
149830,based on a book
150254,awful music
150254,demonic possession
150254,father daughter relationship
150254,haunted house
150254,heavy metal
151317,New York City
151317,woman director
151501,New York City
151501,religion
151559,inhumanity
151653,author
151653,Existentialism 
151653,quirky
151653,sentimental
151739,Florida
151739,road trip
151777,Coast Guard
151777,Massachusetts
151777,ocean rescue
152071,1930s
152071,Nazis
152071,Olympics
152071,track and field
152284,18th Century Russia
152284,19th Century Russia
152284,based on a book
152284,based on a novel
152284,Napoleonic Wars
152372,shaky cam
155659,1940s
155812,Los Angeles
156607,England
156607,prequel
157130,Canadian
157130,Cold War
157130,filmed in Serbia
157130,non-linear narrative
157200,New York City
157312,Chicago
157407,"Columbus, Ohio"
157407,government corruption
157407,vengeance
157432,Canadian
157432,heist
157432,Mississippi
157432,stolen gems
158528,Australia
158528,shark attack
159077,Los Angeles
159077,motherhood
159077,romance
159077,woman director
159093,illusions
160438,Car chase
160438,Spy thriller
160565,politics
160565,sequel
160565,violence
160567,Hawaii
160567,slapstick
160644,1950s
160644,anti-semitism
160644,New York City
160646,abuse
160646,based on a true story
160646,big brother
160646,brothers
160646,Cincinnati
160684,bank
160684,Cincinnati
160684,heist
160684,investigation
160730,addiction
160730,New York City
160872,Coachella
160872,occult
160872,road trip
162598,environmental propaganda
163937,Canadian
163937,found footage
165347,assassin
165347,based on a book
165347,based on novel or book
165347,boring
167018,romcom
167018,terrible writing
168350,British
168350,london england
168350,rugby
168350,rugby captain
168456,drug cartel
168456,fbi
168456,illegal drugs
168456,mexico
168608,based on novel or book
168608,boring
169958,atmospheric
169958,Christianity
169958,family
169958,female director
169958,manhunt
169992,1970s
169992,A24
169992,Boston
170401,losers
170401,romcom
170401,wedding
170945,New York State
171023,aging actor
171023,cancer
171023,poetry
171023,Romance 
171023,terminal illness
171759,american civil war
171759,Civil War
171759,period drama
175485,anime
175485,Anime Adaption
175485,based on manga
175485,filmed in Canada
175585,gang
175585,prison
175661,British accents
175661,Europe
176579,Australia
176579,Australian
176579,found footage
176579,ocean
176579,sharks
179709,1950s
179709,Brooklyn
179709,coney island
179749,found footage
179749,sequel
179749,serial killer
179815,civil rights
179815,lawyer
179815,liberal slant
183295,demon
183295,ghost
183295,haunted
183295,prequel
80858,Betty White
27746,Emily Perkins
27746,psyc ward
27746,sad ending
27746,Tatiana Maslany
543,multiple roles
32029,FAVORITE
34534,FAVORITE
85020,FAVORITE
87785,FAVORITE
4748,karate
5990,puppetry
678,good
6920,Jean-Pierre Melville
26052,Robert Bresson
46967,vanxo
6609,jesus
109850,cars
109850,racing
168712,bdsm
168712,erotic
2866,musicians
3918,splatter
91571,original
1794,see
8730,honor
8730,integrity
8730,prisoners of war
8730,sacrifice
8730,war
92008,bad acting
111320,christian
27022,Tarantino like
4783,antarctic
4783,enthralling
4783,expedition
4783,glacier
5279,Judy Davis
38304,biography
50740,The Up Series
97866,false identity
97866,fascinating
97866,psychological
97866,reenactment
321,anti-homophobia
321,communism
321,facing problems
321,severe criticisation
567,funny
567,warm
68347,gangs
68347,Mara Salvatrucha
203,gay
1137,gay
27826,gay
49735,gay
81417,found footage
83177,3d
83177,Actually Filmed in 3D
88954,3d
89427,3d
89427,actually filmed in 3D
101025,3d
109850,3d
151781,3d
173873,based on a book
173873,dreamlike
173873,nonlinear
173873,satire
173873,social commentary
2407,soft
4214,teen
4333,comedy
5055,drama
7308,adventure
4625,time travel
3342,drama
3342,psychology
3342,vietnam war
7320,Dance
7320,Latin America
7320,latin music
73319,Amy Adams
74624,historical
74624,philosophy
74624,rationality
1969,homoerotic subtext
3223,decay
3223,symmetry
3223,time-lapse
3930,3-D
167570,near death experience
60408,France
89678,Jane Austen
89678,period drama
89678,romance
94896,black comedy
94896,mockumentary
49276,prison
26078,wishlist
65216,based on a true story
65216,eastern europe
65216,resistance
149352,comedy
149352,Fatherhood
102481,computers
102481,geeks
102481,Google
167018,romcom
167018,terrible writing
41712,England
41712,local life
8808,romance
8808,singing
24,albino
24,special powers
5450,Jake Gyllenhaal
5450,racism
48520,Jessica Simpson
72696,Gorilla scene
72,literate
72,talky
369,history
369,true story
369,witty
1484,dark comedy
1672,courtroom
1672,John Grisham
1696,gay
1836,dialogue driven
1836,dry humor
2352,Criterion
2352,friendship
3219,attempted murder
3219,con man
3219,San Francisco
33124,boys' school
33124,Nazi Germany
33124,World War II
49735,comedy
55278,good dialogue
90719,biography
5414,Impersonation
5414,Kidnapping
5414,Look Alike
5414,Mission
5414,Nuclear Weapon
5955,afro-american
5955,anger managment
5955,boy-girl
5955,finding yourself
5955,makes you cry
100527,Julianne Hough
100527,North Carolina
100527,Southport
134326,Ornella Muti
338,Crowe
3194,marriage
3194,opposites attract
3194,romance
3194,true to life
8643,cinderella
8643,fairytail
8643,Hilary Duff
8911,music
8911,teen movie
43930,Teen movie
44731,cliche
47122,Sophia Bush
47122,Teen movie
103543,coming of age
161580,Kristen Bell
163072,animation
163072,family-movie
163112,animation
163386,animation
126,neverending story
157,Alan Alda
432,Billy Crystal
432,Jack Palance
996,action
996,Bruce Willis
996,Christopher Walken
1286,romance
1286,time travel
1713,comedy of manners
2151,adventure
2151,Africa
2151,culture clash
2151,exotic culture
2151,natives
2162,neverending story
2470,1980s
2470,adventure
2470,Australia
2470,australian
2470,culture clash
2471,Aborigines
2471,adventure
2471,Australia
2471,New York City
2471,Paul Hogan
2477,adventure
2477,Chuck Norris
2477,treasure hunt
2861,baseball
2861,sport:baseball?
3354,bad science
3431,Charles Bronson
3431,Revenge 
3432,Charles Bronson
3432,guns
3432,rocket launcher
3432,shooting
3432,vigilante
3433,Charles Bronson
3433,Revenge 
3433,vigilante
4248,adapted from TV show
4248,capitalism
4248,cute
4544,artificial intelligence
4544,cute robot
4544,fisher stevens
4544,robots
4545,80s
4901,Brad Pitt
5039,apprentice
5039,Caitlin Clarke
5039,dragons
5039,fantasy
5039,great story
5040,80s nostalgia
5040,Arnold Schwarzenegger
5040,bad sequel
5075,mindfuck
5523,eddie murphy
5530,Al Pacino
5530,Elias Koteas
5530,intelligent
5530,Rebecca Romijn
5530,unique
5582,kurt russel
5582,martin short
6156,England
6263,Connie Nielsen
6263,military court
6263,military crime
6263,Samuel L. Jackson
6992,bodyguard
6992,Nicolas Cage
6992,secret service
7000,Bruce Willis
7000,heist
7000,upbeat
7258,Brian Robbins
7258,Bryan Greenberg
7258,cheating
7308,action
7308,adventure
7308,Africa
8866,Sports
55080,Bechdel Test: Pass
61348,imdb bottom 100
61348,parody
91355,adventure
91355,animation
91355,asterix
91355,comedy
91355,family
91978,heist
97988,disease
99910,action
99910,Arnold Schwarzenegger
99910,cops
99910,humor
99910,small town
131714,action
131714,adventure
131714,bad plot
8578,alien
8578,aliens
8578,zombies
126,unnecessary sequel
160,so bad it's funny
355,animation remade as live action
761,bad acting
761,Billy Zane
761,superhero
1599,bad acting
1599,Shaquille O'Neal
1687,Bruce Willis
1702,Robin Williams
1707,unnecessary sequel
2139,80s
2139,80s nostalgia
2139,anthropomorphic
2142,animation
2162,bad acting
2162,plot holes
2723,comedy
2723,parody
3054,anime
3054,pokemon
3400,dinosaur
3400,scarring
3400,scary
3400,traumatic
3696,80s video
3696,horror comedy
4480,alien
4480,gore
4480,monster
4480,practical effects
5041,Nudity (Topless)
5041,sword and sorcery
5053,comedy
5053,parody
5053,superhero
5159,environmental
5159,Tim Curry
5501,stupid
5879,Adam Sandler
6197,David Cronenberg
6197,delusion
6197,disturbing
7228,dark
7228,visual effects
7984,body horror
7984,H.P. Lovecraft
7984,lovecraft
8372,Stupid as Hell
26340,classic
31424,bad cgi
31424,bad plot
31424,bad science
31698,unnecessary sequel
44022,slapstick
135534,bad ending
230,child abuse
230,drama
230,incest
230,kathy bates
230,Stephen King
79868,dark
67788,feel-good
128512,quirky
128512,road trip
90528,jewish
90528,Sean Penn
1735,based on a book
86066,dark humor
86066,satire
102666,Soviet
135436,pets
167790,school
167790,Semyon Treskunov
405,crappy sequel
405,franchise
405,Mako
405,sword fight
1128,horror
1128,Jamie Lee Curtis
1187,disability
1187,friendship
1187,Mary McDonnell
1187,small town
1389,animal attacks
1389,animals
1389,franchise
1389,jaws
1480,Antarctica
1480,based on a book
1480,book is better than movie
1480,sci-fi
1791,easily confused with other movie(s) (title)
1892,gwyneth paltrow
1892,murder
1892,suspenseful
2181,Alfred Hitchcock
2181,compulsive liar
2181,kleptomaniac
2500,high school
2693,geeks
2693,Star Trek
2734,dysfunctional family
2734,Harrison Ford
2748,adventure
2748,bad acting
2748,based on a book
2748,franchise
2774,christina cox
2774,lesbian
2978,Neve Campbell
3015,based on a book
3015,conspiracy
3015,corpses
3249,chilling
3249,murder
3249,nanny
3249,Rebecca De Mornay
3274,Bridget Fonda
3274,identity theft
3274,Jennifer Jason Leigh
3287,Disney
3323,black comedy
3323,cast
3323,crime
3323,David Cross
3323,Elijah Wood
3699,aliens
3699,boring
3699,impostor
3787,China
3981,Carrie-Anne Moss
3981,colonialism
4234,adapted from:book
4234,author:John le Carre
4275,British
4275,fantasy
4275,Ken Marshall
4275,Liam Neeson
4562,Ben Kingsley
4562,Michael Caine
4987,android
4987,awful...just awful
4987,Michael Ironside
4987,Molly Ringwald
4987,rescue mission
5004,absurd
5004,Birdie num nums
5004,Blake Edwards
5004,comedy
5016,based on a book
5779,diving
5779,Flying Fish!
5779,genetically modified monsters
5779,gore
5779,horror
6217,Glenn Close
6764,Amazon
6764,Dwayne Johnson
6764,Rosario Dawson
6764,Seann William Scott
6996,acting
6996,bad acting
6996,bad plot
7266,b-movie
7266,low budget
7266,parody
7266,sci-fi
7266,spoof
26464,action
26464,conspiracy
26464,helicopter
26464,macho
26464,Malcolm McDowell
27006,Citizen Kane
27006,Liev Schreiber
27006,movie business
27006,Orson Welles
27006,true story
38294,Gerard Butler
38294,Iceland
40959,Billy Bob Thornton
40959,black comedy
44022,Animation
44022,Comedy
47254,action
47254,bank robbery
47254,heist
47254,Jason Statham
47254,predictable ending
50440,Africa
50440,atmospheric
50440,civil war
50440,crocodile
50440,gore
55190,Brittany Murphy
55190,comedy
55190,gay
59333,Kevin McKidd
59333,Michelle Monaghan
59333,Patrick Dempsey
59333,wedding theme
60291,biography
60291,Gonzo journalism
60291,Hunter S. Thompson
65359,bad adaptation
65359,based on a book
65359,sci-fi channel
65588,fantasy
65588,gaming
65588,nerds
65588,parody
66198,action
66198,Armin Mueller-Stahl
73499,archaeology
73499,Atlantis
73499,Brian Blessed
73499,Indiana Jones rip-off
73499,Indiana Jones wannabe
77667,crude humor
94833,Aardman
95543,Corny ending
98279,comedy
98279,Funny
105731,Revenge 
105731,Stephen King
105731,superpowers
107436,plot twist
3070,aliens
46,women
521,noir thriller
2247,FBI
2247,Nudity (Topless)
4732,racism
4732,silly
5448,Based on a TV show
5448,cartoon
6371,Pokemon
7036,basketball
7036,underdog
79895,Egypt
79895,french
88356,Gargamel
96114,agent
96114,CIA
96114,claustrophobic
96114,hostage
96114,terrorism
97836,fighting
97836,high school
98122,computer game
100159,black comedy
100159,camping trip
100507,fraternity
100507,university
103366,crime
103502,bad dialogue
103502,cliche
103502,strippers
103502,wedding
106540,parenthood
106540,sperm donor
106540,torrential downpour
106540,Vince Vaughn
109483,relationships
109569,car chase
109569,father daughter relationship
113532,australia
118248,dementia
130578,assassination
131656,no dialogue
140725,slow
155820,car chase
155820,drugs
155820,gangs
155820,torrential downpour
156706,heist
159755,cameo
170875,car chase
174815,casino
174815,gambling
179953,christmas
179953,family
180231,Christmas
4624,Puppets
104337,civil rights
104337,politics
3265,Chow Yun Fat
104218,Adam Sandler
110603,Christianity
171,gay
1735,telecine
37731,elijah wood
7116,classic
4492,Summer
2764,angela
8531,comedy
67799,Brutal
141544,trashy
90809,French Film
103624,based on a true story
103624,day in a life
103624,Emotional Ending
4632,assasination plot
4572,Tokyo
5643,no dialogue
6078,Clint Eastwood
26285,surreal
54648,action comedy
54648,black comedy
54648,comedy
113,cover up
113,Massachusetts
113,murder
113,mystery
113,teenager
203,acceptance
203,drag queens
764,cook
764,New York
764,obesity
764,shy
764,tavern
882,blackout
882,home invasion
882,power outage
882,robbery
963,corruption
963,gypsy
963,illiteracy
963,snake oil
1083,automobile racing
1083,daredevil
1399,arson
1399,caregiver
1399,Disney World
2272,cancer
2272,christmas
2272,halloween
2272,new year
3097,gift shop
3097,Hungary
3097,pen pal
3217,alcoholic
3217,elopement
3217,Hollywood
3217,show business
3258,eternal life
3258,fountain of youth
3258,immortality
3258,magic potion
3392,affair
3392,revenge
3769,bank robbery
3769,car chase
3769,heist
3769,Montana
4187,Catholic
5071,abortion
5071,family business
5071,guilt
5071,hit-and-run
5071,narration
6612,brothers
6612,courtroom
6612,farm
6718,CIA
6718,cold war
6718,college
6718,coming of age
6718,France
7059,butcher
8153,art
8153,artist
8800,cloning
8800,dystopia
8800,fraud
25752,bully
25752,college
25937,dancing
25937,showbusiness
25996,alcoholism
31851,chicago
31851,convention
31851,deception
55272,drugs
55272,New York City
55272,nightclub
55272,police
90357,abuse
90357,alcoholic
90357,alcoholism
91414,Christmas
91414,elf
91414,holiday
91414,north pole
134859,brothers
134859,escape
134859,homeschool
134859,isolation
134859,New York City
139052,farm
141544,androids
158830,giant
158830,orphan
174045,comeback
174045,fighting
174045,hockey
174045,injury
174045,team
56805,parody
56805,satire
2236,sentimental
2236,tear jerker
61255,Rainn Wilson
94896,Jack Black
63179,surreal
74370,boring
74370,brooding end
113416,a24
114925,a24
133867,a24
148709,a24
160730,a24
46855,action
46855,less than 300 ratings
3002,Crazy Kinski
3002,Werner Herzog
4615,1950s
4615,Brooklyn
7134,Europe Trilogy
7134,Lars von Trier
7134,post-apocalyptic
26285,aliens
26285,parody
32179,Jeanne Moreau
80094,Abalam
80094,devil
80094,exorcism
80094,handcam-real style
80094,handheld cameras
89837,satanism
86815,faith
70984,Ang Lee
70984,Demetri Martin
158842,louis theroux
617,Bibliothek
5069,Another BIG favourite
4218,In Netflix queue
835,Sweet boobs
4630,bad acting
4630,Hulk Hogan
4630,wrestling
20,lame
63,Funny when your 10. Less funny when your not.
177,huh?
1760,who thought this was a good idea?
2505,disturbing
3484,Teen Induced Angst Overdose
3688,childish
3821,why a sequel?
4006,too much 80's music
89085,espionage
89085,Mossad
358,Wakeup call
13,dogs
13,talking animals
1547,animal abuse
1547,dog abuse
84952,japanese
84952,mystery
84952,Revenge 
8015,classic animation
8015,educational
8015,musical
110655,music
110655,talking animals
32234,Jane Fonda
32234,Jason Robards
32234,Lillian Hellman
32234,Vanessa Redgrave
50160,Want to watch
2497,Too obvious that Robin Wright Penn was attracted to Paul Newman and not Kevin Costner.
8094,Spencer Tracy is the best thing about the movie!
2718,black comedy
2718,minnesota
60647,kate mara
80727,drugs
80727,Nudity (Topless - Notable)
80727,pornography
80727,The Internet
95583,drugs
95583,sexy
27368,ancient rome
27368,Christian Clavier
27368,comedy
27368,egypt
27368,ensemble cast
48045,absurd humor
48045,comedy
48045,France
48045,Highly quotable
48045,investigation
4743,chef
4743,Father and daughter
4743,food
6617,Gun Fight
6617,Open Range
6617,Western
26796,French
26796,Music
34336,Comedy
34336,Dogs
128908,Canadian Scenery
158972,Drama
4393,cerebral characters
4393,family
4393,good
4393,infidelity
4393,longing
8813,good acting
8813,realism
8813,relationship drama
71466,dark humor
71466,dysfunctional family
114601,family
114601,siblings
148956,Female Comedy
148956,Single
148956,Single Life
47382,Channing Tatum
47382,dance
47382,dancing
427,bizarre
427,horror
427,sexual assault
427,surgeon
662,sexual assault
1476,sexual assault
2894,sexual assault
3150,dark
3150,teenager
3847,rape
3847,sexual assault
4065,prostitution
4065,sexual assault
4863,sexual assault
5465,sexual assault
5675,sexual assault
27664,sexual assault
60303,abuse
60303,incest
60303,murder
60303,sexual assault
70301,sexual assault
92048,sexual assault
95583,rape
95583,sexual assault
96616,rape
104337,sexual assault
107314,sexual assault
151501,sexual assault
4617,funny
4617,gambling
72178,Comedy 
98607,Animation 
98607,anime
68347,characters
80862,facebook
2851,evil robot
2851,space station
6067,bad Irish accents
6067,Gangland
6067,Ireland
6159,coming of age
521,noir thriller
4787,depressing
4787,happy ending
5485,quirky
7743,adventure
8183,depression
44709,cheesy
44709,good acting
44709,predictable
76173,activism
76173,optimistic
68486,"Epic, Historical Epic, MiniSeries"
2512,Golden Palm
3091,Golden Palm
112497,alcoholism
112497,road trip
4387,action
5682,dramatic
7117,horror
33158,action
40962,family
2253,surreal
7336,drag
7336,incest
7336,war
32213,escape
32213,psychological
126090,atmospheric
126090,dreamlike
48322,ass
74727,Russian
170597,crow
170597,plasticine
170597,Russia
1457,romcom
3254,Chris Farley
7019,80s
70932,Nia Vardalos
70932,Rachel dratch
70932,Richard Dreyfuss
70932,Rome
90863,documentary
90863,george harrison
90863,Music 
90863,patti boyd
184791,Fred armisen
3330,1920s
3330,adolescence
6611,human condition
6611,meaningful
6611,moving
7064,atmospheric
7064,Criterion
7064,eerie
7749,nudity
84615,John C. Reilly
1831,sci-fi
8501,suspense
96917,Creepy good
67193,smart
3716,Brad Dourif
473,Pauly Shore
810,cheesy
1812,Joseph Cross
1812,realization
4749,nostalgic
4750,nostalgic
5106,brittany spears
5325,skateboarding
5401,Eddie Griffin
5401,parody
6616,Adam Brody
6616,skateboarding
6692,skateboarding
7773,high school
7773,High school violence
7773,intense
8955,Jamie Bell
32017,Vin Diesel
43556,James Franco
43930,Lindsay Lohan
43930,Teen movie
46062,musical
46062,Zac Efron
48319,James Franco
48319,World War I
49013,Santa Claus
49013,satire
52668,Adam Brody
55241,Seann William Scott
61167,accepting death
61167,Luke Wilson
63393,disney channel
3896,cult scene
743,Leslie Nielsen
743,parody
2792,parody
105585,black comedy
105585,Charlie Sheen
105585,Elon Musk
132157,bad sequel
132157,boring
1623,horror
2415,chick flick
2742,social commentary
5268,storytelling
6119,black comedy
48214,Magic thinking
49347,systemic corruption
62662,Ozu tribute
87413,gorific humour
89580,coming of age
90943,systemic poverty
93723,absurd deadpan humour
175475,boring
532,Comedy
7255,Comedy
7255,Romance
26184,Comedy 
26184,Leonid Gayday
74727,comedy
74727,escape
74727,Georgy Danelia
102666,comedy
102666,Leonid Gayday
107412,Comedy 
107412,Leonid Gayday
127052,Comedy 
127052,Leonid Gayday
44225,rainy day watchlist
60141,rainy day watchlist
61123,rainy day watchlist
65193,rainy day watchlist
77841,rainy day watchlist
95199,rainy day watchlist
109183,rainy day watchlist
110297,rainy day watchlist
263,Crissy Rock
263,DIVX
263,Ken Loach
263,social commentary
678,na dysku
2905,na dysku
2930,01/10
2930,02/10
2930,03/10
2930,05/10
2930,11/09
3295,03/09
3303,01/10
3303,01/11
3303,02/10
3303,03/10
3303,05/10
3378,01/12
3378,05/11
3378,06/11
3378,11/11
3378,12/11
3425,blues
3425,Denzel Washington
3425,DIVX
3425,Giancarlo Esposito
3425,jazz
3640,Charles Chaplin
3640,comedy
3640,DIVX
3640,social commentary
4347,Anna Siskova
4347,Bolek Polivka
4347,czech
4451,01/11
4451,02/11
4451,03/11
4451,05/11
4451,06/11
4883,06/09
5178,05/11
5178,06/11
5446,DIVX
5767,80s
5767,absurd
5767,Bronislaw Pawlik
5767,communism
5767,DVD
6434,01/10
6434,01/11
6434,02/10
6434,03/10
6688,01/11
6688,01/12
6688,02/11
6688,03/11
6688,04/11
6692,02/10
6692,03/10
6869,Brazil
7050,09/10
7050,10/10
7104,Do kupienia
7125,06/09
7141,08/09
7238,1940s
7238,Adam Pawlikowski
7238,Andrzej Wajda
7238,black and white
7344,01/11
7344,02/11
7344,03/11
7344,05/11
7344,06/11
7366,do zassania
7479,05/09
8057,02/11
8057,03/11
8057,04/11
8057,05/11
8232,03/09
8239,cynical
8239,Luis Bunuel
8275,01/10
8275,01/11
8275,02/10
8275,03/09
8335,01/12
8456,03/09
8484,01/10
8484,01/11
8484,01/12
8484,02/10
8484,02/11
8511,01/10
8511,03/10
8611,03/11
8611,04/11
8611,05/11
8611,06/11
8748,01/10
8844,Jerzy Stuhr
8844,Krzysztof Kieslowski
8844,Poland
8954,01/10
8954,01/11
8954,01/12
8954,02/10
8954,02/11
25825,03/09
25870,08/09
25905,11/10
26048,01/11
26048,01/12
26073,01/12
26073,02/11
26073,03/11
26073,05/11
26073,06/11
26413,01/11
26413,02/11
26413,05/10
26413,06/10
26413,07/10
26631,08/09
26796,01/10
26796,02/10
26796,03/10
26797,01/11
26797,02/10
26797,02/11
26797,03/10
26797,03/11
26940,08/09
27255,boring
27255,Iran
27255,Middle East
27369,01/10
27369,10/09
27369,11/09
27369,12/09
27370,01/10
27370,01/11
27370,02/10
27370,02/11
27370,03/10
27373,06/10
27878,DIVX
30822,DVD
30846,DIVX
31545,01/10
31545,01/11
31590,02/11
31590,03/09
31590,03/11
31590,05/11
31590,06/11
31921,03/10
31921,04/10
31921,05/10
32511,01/11
32511,02/11
32511,03/11
32511,11/10
32511,12/10
32649,01/11
32649,02/11
32649,03/11
32649,11/10
32649,11/11
32875,05/11
33893,02/10
33893,03/10
34326,Gus Van Sant
34326,kurt cobain
34326,nothing happens
34326,rock and roll
41573,christmas
41573,Claire Danes
41573,Diane Keaton
41627,01/11
41627,02/11
41627,03/11
41627,05/11
41712,01/11
43677,10/09
44597,03/11
44597,04/11
44597,05/10
44597,05/11
44597,06/10
44709,DIVX
46664,08/09
48001,01/11
48001,02/11
48001,03/11
48001,05/11
48001,06/11
48638,01/11
48638,02/11
48638,03/11
48638,04/11
48638,05/11
49265,Africa
49265,BBC Films
49265,DIVX
49284,Brad Silberling
49284,comedy
49284,DIVX
49284,humorous
49917,01/10
49917,02/10
49917,03/10
49917,05/10
50356,01/11
50356,01/12
50356,02/11
50356,03/11
50356,05/11
50514,DIVX
52784,03/10
52784,05/10
52784,06/10
52784,08/10
53355,01/11
53355,01/12
53355,02/11
53355,03/11
53355,04/11
53447,DIVX
53447,Gus Van Sant
55069,abortion
55094,army
55094,Charlize Theron
55094,DIVX
55156,08/09
55167,08/09
55205,Sienna Miller
55205,Steve Buscemi
58351,Brazil
60333,antarctica
60803,01/11
61026,11/09
61257,07/09
63179,08/09
63276,06/11
63515,10/09
63808,05/09
65133,04/09
66320,03/10
66511,01/11
66511,02/11
66544,05/10
66785,chase
66785,China
68536,11/09
68536,12/09
68872,01/11
68959,07/09
69495,01/12
69495,11/11
69495,12/11
69685,01/10
69685,02/10
69685,03/10
69685,10/09
69685,11/09
69988,10/09
71304,11/09
71640,11/10
71640,11/11
71640,12/10
71732,05/10
71867,05/11
71867,10/10
73569,01/11
73569,02/11
73569,03/11
73569,05/11
73569,06/11
74727,01/11
76054,08/10
76054,09/10
76054,11/10
78103,01/12
78103,11/11
78103,12/11
79006,01/11
79006,02/11
79006,10/10
79006,11/10
79006,12/10
79299,01/11
79299,01/12
79299,02/11
81158,12/10
81191,01/11
81191,02/11
81910,01/11
83827,01/12
84187,04/11
85259,01/12
85259,06/11
85259,10/11
85259,11/11
85316,10/11
85354,05/11
85354,06/11
86290,05/11
86290,06/11
86377,na dysku
86593,01/12
86593,11/11
86668,01/12
86668,11/11
86668,12/11
89090,11/11
89090,12/11
89582,01/12
89582,11/11
120813,01/15
124273,01/15
124273,02/15
124273,03/15
124273,04/15
128366,02/15
130518,04/15
141846,apple
3896,neo-western
3896,plausible
96616,Andy Samberg
96616,growing up
96616,vanilla ice
5111,disturbing
5111,Lost Classic
6202,Georgian
6202,Israeli
6202,nudity (topless)
6202,place: Israel
6695,Campy
6695,cannibalism
6695,high school
6695,premonition
41617,Crime
41617,drugs
41617,Friends
41617,Gangsters
41617,Latino
44225,Childish
44225,Fantasy
44225,female friendship
100044,documentary series
127152,Documentary
134796,documentary
142115,documentary
142115,not a movie
143511,documentary
168266,addiction
168266,direction
168266,drugs
188675,1980s
188675,dog
188675,foreign
188675,italy
188675,revenge
4407,El Salvador
27674,black comedy
27674,Colin Hanks
27674,dark comedy
100487,magic
100487,special effects
3358,feel good
3358,romance
3358,thought provoking
3701,aliens
3701,thought-provoking
4017,biopic
6882,Underrated
59129,occult
2961,DRAMA
95067,interesting scenario
104218,Adam Sandler
358,thought provoking
1825,college student
1825,drama
1825,strip club
4354,Psychological Thriller
8593,90's
48161,inspirational
45,dark comedy
45,media
220,Barbara Crampton
220,castle
220,creature
220,cult film
220,horror
1341,Bette Davis
2146,Stalking
2754,anthology
2754,babysitter
2754,cemetery
2754,cult film
2754,fairy tale
3017,anthology
3017,curse
3017,George Romero
3678,Otto Preminger
3770,Christopher Plummer
3770,Dennis Quaid
3770,dream
3770,dreams
3770,Max von Sydow
3830,Amy Adams
3830,Cult classic
3830,Nicholas Brendon
4789,musical
6579,Billy Wilder
6579,communism
7815,comedy
7815,David Byrne
7815,John Goodman
7815,music
7815,Talking Heads
8019,atmospheric
26116,Bette Davis
34811,Nicolas Winding Refn
38095,Asian Thriller
60030,christmas
60030,co-worker
60030,funeral
60030,grave
60030,independent film
82366,Adam Green
82366,gore
82366,homage
82366,horror
89837,contract killer
89837,cult
92391,found footage
92391,horror
130050,Adam Green
130050,Alex Pardee
142444,chainsaw
142444,extreme violence
142444,giallo
142444,knife
142444,movie business
170551,accidental death
170551,attempted rape
170551,body
170551,Choi Min-sik
170551,comedy
170937,gambling
170937,Poker
170937,predictable
179749,found footage
179749,serial killer
100507,alcohol
100507,father-son relationship
100507,naked men
3142,ahem...
109483,relationships
50005,Classical Chinese
312,al franken
312,dumb but sophisticated
312,satire
312,true to life
2624,Japan
3201,Helena Kallianiotes
1904,bittersweet
114601,family
114601,siblings
2430,Puppet
2430,Ray Harryhausen
2430,Stopmotion
2377,campy
2377,Nudity (Full Frontal - Notable)
2377,Patrick Stewart
3013,H.P. Lovecraft
3013,Jeffrey Combs
3013,nudity (topless)
3013,splatter
4624,black comedy
4947,Clint Eastwood
5919,Klaus Kinski
7202,Jeffrey Combs
44243,Warwick Davis
71341,Nazis
84942,Amber Heard
532,John Waters
5780,cult
5780,John Waters
7920,cult
7920,John Waters
105250,documentary
105250,Freud
105250,history
105250,marketing
6380,journalism
69,wired 50 greatest soundtracks
352,wired 50 greatest soundtracks
2303,wired 50 greatest soundtracks
2877,cameos
2877,melodramatic
2877,notable cast
2877,notable soundtrack
2946,wired 50 greatest soundtracks
3649,wired 50 greatest soundtracks
4242,comedy
4242,female power
4242,light-hearted
6039,Kelly LeBrock
7889,wired 50 greatest soundtracks
8266,wired 50 greatest soundtracks
43914,healing
52724,poker
4155,Keanu Reeves
4155,love
61123,high school
61123,musical
1130,classic horror
1130,werewolves
2554,evil children
3626,Nudity (Full Frontal - Notable)
3626,Nudity (Full Frontal)
3758,alien abduction
3758,creepy
3758,paranoia
3758,surreal
4161,Julia Roberts
5797,atmospheric
5797,dreamlike
5797,stylized
7117,franchise beaten to death
7117,Stupid as Hell
8939,Robin Williams
26606,ghosts
26606,Nudity (Full Frontal - Notable)
44238,franchise beaten to death
44238,Stupid as Hell
97866,psychological
113252,Comedy
113252,Funny
1546,Absurd
55167,beautiful animation
55167,empty characters
55167,yingyang
87298,original story
105755,bad story
106883,amateur
112940,slow
112940,super dry
148238,bad singing
148238,Bill Murray
148238,plotless
86347,stand-up comedy
86377,not a movie
115664,funny
115664,journey
179953,bad sequel
26736,ridiculous
74095,adult animation
74095,anime
70862,emphasis on the guitar alone in rock and roll
70862,Jack White
7084,romance
7084,Woody Allen
6014,buddy movie
2330,overrated
65037,autism
1730,cinematography
1730,contemplative
2972,ambiguous
2972,cinematography
2972,expressionistic
3070,cult classic
3422,brisk
3422,clever
3422,sexuality
3466,nice
3466,sweet
3999,action
3999,adventure
3999,cheesy
3999,mountain climbing
4166,comedy thriller
4166,dark satire
4166,disturbing
4166,enjoyable
4166,makes you think
4745,good actors
4745,high school
5303,change of heart
5303,multiple roles
6013,action
6013,comedy
6013,friendship
6013,funny
6013,innacurate
6294,start is better than the rest of the movie
6750,comedy
6750,dull
6750,long
6750,quirky
7369,inferior sequel
8093,action
8093,cliche
8093,generic
8093,performances
26391,dull
26391,flawed characters
26391,postmodernism
26391,slow pace
34323,homage
34323,smart direction
53127,creepy
53127,suspenseful
56389,beautiful
56389,bittersweet
56389,emotional
56389,wistful
59810,courtroom drama
59810,discrimination
59810,enlightening
59810,funny
59810,interesting
60647,great cast
60647,tense
60647,thriller
60941,bland
60941,horror
60941,interesting premise
61705,cheesiness
61705,drama
61705,enjoyable
61705,intense
61705,racial tension
70994,visual
80241,boring
80241,boxer rebellion
80241,comedy
80241,funny moments
81417,not scary
81417,predictable
81417,tedious
82378,awkward
82378,corruption
88094,90s
88094,artsy
88094,bands
88094,british scene
88094,britpop
89945,disturbic
89945,future
89945,good acting
89945,horrific
89945,memorable
90428,anna paquin
90428,character driven
90428,confronting
90428,drama
90428,dysfunctional family
97643,black comedy
97643,crazy
97643,franchise shift
97643,over the top
97643,strange
100487,atheist
100487,likeable lead
101973,drama
101973,emotional
103483,crazy
103483,fun
103483,weird
105755,anti-capitalist
159161,funny
159161,great
159161,progressive
159161,savvy
159161,stand-up comedy
152,black & white
152,boring
4893,children murder
4893,escaped from mental asylum
4893,fight bar
4893,horror outdated
4893,investigation
27604,japan
27604,japanese movies
27604,stupid plot
27604,suicide
27784,child abuse
27784,deads
33644,Africa
33644,animals
33644,boring
96815,anthology
96815,black comedy
107447,black comedy
121129,absurdist humor
121129,parody
158956,AI
163937,drone camera
163937,forest
163937,found footage
94262,Criterion
3972,foreign
49910,white savior
79553,foreign
100882,foreign
110281,foreign
575,childhood
575,Donald Trump
2123,classic
2123,sad
2123,touching
180265,Deep thinking
180265,Jim Carrey
180265,philosophy
180265,psychological
3153,fantasy action
3153,Ray Harryhausen
3153,skeletons
3771,Fantasy
3771,Ray Harryhausen
3771,stop-motion animation
3771,Tom Baker
3807,fantasy action
3807,Ray Harryhausen
3807,stop-motion animation
5540,stop-motion animation
62250,gangsters
2894,BDSM
2894,rape
121169,BDSM
121169,beautiful
121169,cinematography
79,mafia
135436,clichéd
135436,cute
135436,flat characters
8542,Marx Brothers
613,period drama
1409,Angels
2881,Revenge
3079,period drama
89678,period drama
184015,Comedy
184015,Rom-Com
184015,Romance
999,ensemble cast
2443,ensemble cast
2483,dark
2583,ensemble cast
4043,father-son relationship
4345,ensemble cast
5021,ensemble cast
26122,dark
374,spoiled
419,oil slick
3450,old dudes
2525,animal attack
2525,jaws rip-off
6216,Oscar 2002
6954,Oscar 2003
52283,Stephen Hopkins
52283,twist ending
252,albert einstein
142222,awakening
172577,psyhodelic
5283,teen
1431,stupid
99030,dog
99030,kidnapping
99030,surreal
99030,weird
54934,To See
3705,action
3705,fun
3705,romantic
3705,romantic action
46,women
521,noir thriller
74683,British
74683,england
74683,football
74683,sport
1616,George Clooney
3350,black and white
3350,Old
760,germany
760,World War II
65225,Conspiracy Theory
65225,Fiction
84273,Conspiracy Theory
84273,Fiction
550,comedy
550,friendship
550,group sex
5970,Drama
5970,heartbreaking
6770,loneliness
6770,Mark Ruffalo
6770,terminal illness
134248,Documentary
134248,pornography
134248,real life
134248,Sex Workers
3972,Jackie Chan
7899,martial arts
7899,shaw brothers
7899,weird
4444,bruce lee
2848,shakespeare
2447,cheerleading
3250,mountain climbing
3861,cheerleading
6696,bollywood
88,Chris Farley
3737,Kirk Douglas
7205,Candice Bergen
7205,Sean Connery
3090,FIGHTING THE SYSTEM
3090,John Sayles
3090,labor unions
3090,SOCIAL INJUSTICE
112940,counterespionage
4084,Eddie Murphy
143257,emma roberts
2066,Acting
8581,Apple
8581,computers
88069,Comedy
88069,Imran Khan
88069,Story
88069,Suspense
142831,Akshay Kumar
142831,Comedy
142831,Priyadarshan
149406,Comic
149406,Funny
165101,Predictable
6294,kung fu
6566,siblings
6958,Eddie Murphy
7036,bad humor
8912,Queen Latifah
82744,Dwayne Johnson
82744,murder
170813,Dwayne Johnson
184987,diverse cast
7449,pointless
1701,Woody Allen
3150,family secret
3150,incest
3452,Jet Li
4054,dance
4054,dancing
4054,hip hop
5364,erotic
5364,lust
5364,Nudity (Topless - Notable)
71304,blood transfusion
71304,catholic guilt
71304,childhood friends
71304,confessional
991,biography
6724,Buddy Movie
81819,atmospheric
41828,old
54648,comedy
152372,anthology
5417,Inuit
46,women
218,women
3129,musicians
1687,assassination
1687,hitman
61692,not original
80162,zombies
97757,documentary
57772,cinematography
57772,reflections
145418,liberal propaganda
167064,anti-Blackness
167064,Blackness
167064,documentary
4645,atmospheric
4645,murder
4645,psychological
4645,psychosis
4645,serial killer
4785,cynical
4785,harsh
4785,spaghetti western
4785,tragedy
4785,villain
6800,corny
8142,bizarre
8142,Takashi Miike
8142,yakuza
27480,assassins
27480,friendship
27480,melancholy
27480,reflective
27480,starting over
48322,funny
48322,hilarious
48322,Johnny Knoxville
48322,pranks
3,old age
3,old men
5,4th wall
5,aging
64,art theft
64,art thief
64,burglary
64,car chase
64,Comedy 
383,bloody
383,drama
383,gunfights
473,Army
473,Military
473,Seen 2019
473,Slackers
489,90s
489,black power
489,California
489,car dealer
489,father daughter relationship
510,black
542,bachelor party
542,college
542,coming of age
542,country life
543,1990s
543,butcher
711,cute
711,dolphin
711,Elijah Wood
1476,biography
1479,advanced technology
1479,cold fusion
1526,attempted suicide
1526,Billy Crystal
1526,California
1526,comedy
1526,deceit
1702,absent-minded professor
1702,comedy
2053,California
2053,clean
2072,1980s
2072,Don't remember
2072,neighbors
2154,chick flick
2379,comedy
2379,crime
2379,police
2379,punks
2407,1980s
2407,aliens
2429,Family
2429,gorilla
2429,Seen 2019
2496,1960s
2496,Alicia Silverstone
2496,baseball cards
2496,Christopher Walken
2524,disaster film
2524,fire
2524,firefighters
2771,bittersweet ending
2771,Claire Danes
2771,drug trade
2771,drugs
2771,friends
2961,chick flick
3189,Childhood
3257,chick flick
3385,brainwashing
3385,bridge
3385,casual sex
3705,action
3943,blackface
3991,dogs
4153,afterlife
4153,black humor
4153,comedy
4225,1960s
4225,Apollo 11
4225,Australia
4225,Australian
4487,alcohol
4487,bar
4662,blindness
4662,buddy comedy
4662,buddy movie
4989,animal abuse
5076,adventure
5076,based on a book
5076,boy
5309,Disney
5309,England
5309,father daughter relationship
5401,black people
5401,black power
5401,Black protagonist
5462,4th wall
5462,action
5462,Australia
5462,crocodile
5462,espionage
5572,Black
5572,black comedy
5572,boring
5572,Didn't finish
5572,Didn't finish 2020
5804,blended family
5804,Christmas
5804,cute
5804,delinquent youth
5927,Austin
5927,"Austin, TX"
6212,culture clash
6212,Ebonics
6212,false accusation
6464,action
6464,African-American
6464,buddy comedy
6464,buddy movie
6548,action
6548,action comedy
6548,anti-hero
6548,beach
7743,1980s
8169,apartment building
8169,property development
8623,astronomy
8912,Back heist
26764,cryonics
31700,abandonment
31700,animals - live action
31700,based on a book
32017,"""potty"" jokes"
32017,action
32017,babysitter
32296,buddy cop
32296,Career change
32296,drag queen
32296,lip sync
33495,competition
40581,Amy Smart
40581,Christmas
42732,chef
42732,cooking
44399,dog
49013,blended family
52867,2018
52867,Amy Adams
54256,Andy Samberg
54256,Bechdel Test:Fail
54732,campy
54732,comedy
54732,ping pong
54732,prostitutes
54732,Seen 2020
59022,adventure
59022,airplane
59022,Amsterdam
59037,boring
59037,confusing
66798,clean language
67923,border crossing
69304,clean comedy
69304,Colorado
69304,competition
69304,cultural appropriation
69304,cultural exploitation
72701,50's & 60's
72701,aliens
75805,2018
75805,funny
75805,romance
75805,strippers
78637,alternate reality
78637,alternate timeline
88785,body swap
88812,bank robbery
88812,bomb
88812,Bomb vest
88812,crime
88954,3d
88954,attempted rape
88954,beer pong
91690,Wife refused
91873,choir
91873,church
91873,dating
91873,Didn't finish
91873,drama
92665,best friend
92665,Didn't finish 2021
92665,phone sex
92665,sex scene
93980,affair
93980,clean language
93980,cleavage
93980,comic violence
93980,contract killing
95067,agent
95067,change of heart
95067,comedy
95067,drama
95199,babies
95199,didn't finish
95199,loss
96616,Adam Sandler
99415,Billy Crystal
99415,children
99415,clean
99415,culture clash
99415,emotional intelligence
101025,adventure
101025,bedtime story
101577,alien invasion
101577,alien parasites
102686,gold
102686,Ken Jeong
102686,Las Vegas
102686,love at first sight
102686,male nudity
103883,cia
103883,corruption
103883,Denzel Washington
104218,bare chested male
108156,action
108156,action comedy
108156,African American
108156,Atlanta
110297,cameo-fest
110297,cameos
119155,adventure
119155,Ben Stiller
119155,clean
119155,clean comedy
119155,history
142422,I forgot
151315,Atlanta
151315,buddy comedy
151315,buddy cop
151315,car bomb
151315,car chase
166492,alcohol
166492,brother sister relationship
166492,cannabis
166492,car chase
166492,Christmas
167634,Bribe
167634,Budget cuts
167634,Courage
167746,animated
167746,animation
167746,Batman
168174,food humour
168174,Seen 2023
170399,bromance
170399,comedy
170399,corruption
170399,explosions
170875,action
170875,baby
170875,crime
170875,explosions
171867,accident
171867,alcohol
171867,bachelorette party
171867,cocaine
171867,criminals
172547,1980s nostalgia
180231,Blended family
180231,Christmas
180231,competition
185435,anilingus
185435,buddies
185435,coming out
185435,crude
185435,crude humor
27674,complicated plot
1390,politics
2026,high school
2500,high school
2919,politics
2581,undercover
4372,class difference
6027,Unrequited love
6027,Vietnam War
6636,college
43684,chick flick
50954,body exchange
8948,Jude Law
8948,pickup artist
8948,seduction
8948,womanizing
175585,acceptance
362,Jude Law
531,England
531,fairy tale
531,magic
798,suspense
891,slasher
1327,haunted house
1388,animal attacks
2554,evil children
2639,Golden Raspberry (Worst Actress)
3257,Action
3429,claymation
6535,politics
161024,stand-up
161024,stand-up comedy
44889,weed
27482,psychological
27482,sci-fi
97785,Adelaide Clemens
142222,Jake Gyllenhaal
157122,drama
167018,funny
44633,music
7299,islam
569,baseball
569,sports
1005,sports
2042,sports
2447,football
3861,football
3861,sports
4221,football
4221,sports
4771,baseball
4771,sports
6315,football
6315,sports
6315,sports comedy
7381,Bruce Willis
8493,airplane
8493,based on a true story
8493,World War II
8864,baseball
8864,sport:baseball
8864,sports
8864,Sports Coordinator:Mark Ellis
26870,baseball
26870,sport:baseball
26870,sports
38388,soccer
38388,sports
42730,Basketball
42730,sports
48161,sports
49793,drama
58315,Mike Myers
117545,asterix
118706,Capitalism
118706,ocean
130444,good idea - bad script
130444,time travel
151777,boat
151777,ocean
420,even worse than the second.
1739,Gee-bus. This was an awful film. Then again
1739,the first one was terrible
1739,too
1739,when watched in your teens.
2036,The thought of an unlimited shopping spree for toys made up for everything else.
5670,An important lesson about how hard it is to keep up the act of being funny.
7440,but I would love to take a road trip down to the school to see the memorial.
7440,Very moving. The extent to which it was scripted (Especially the principle's lines) bothered me some
125,Ben Stiller
1626,pollution
1626,Steven Seagal
4090,animated classic
4090,commerce
4090,technology
6005,Stand Up
6948,music business
6948,rap
8870,Julianne Moore
27850,capitalism
46850,crossword puzzles
49263,free speech
49263,Nudity (Topless - Brief)
49263,Nudity (Topless)
49347,Bruce Willis
49347,Greg Kinnear
50796,Hugh Dancy
52462,Based on a TV show
52462,cult film
61210,John Malkovich
61210,R
78467,John Malkovich
81512,cinematography
81512,Clint Eastwood
81512,death
92938,3D
92938,Action
92938,Goofy
100611,aliens
101076,action
101076,Bruce Willis
101076,nuclear war
104337,Lee Daniels
104925,dog
104925,goodfellas
104925,Mafia
109483,chick flick
109483,relationships
109483,unbelievable plot
109569,CIA Agent
109895,absent fathers
110826,bomb
110826,gentrification
110826,police
110826,satellite
110826,undercover cop
112316,Americana
112316,biography
112911,action
112911,anachronistic dialogue
113207,biography
113207,great soundtrack
113207,long
113207,musicians
113394,double life
117851,adventure
133281,music
133281,rock
133281,song cover
133798,police
133798,Texas
141408,Comedy
142372,Bolivia
142372,Latin America
145935,animation
145935,based on a comic
116,anti-Semitism
181,retarted
305,Cher
305,Forest Whitaker
305,Julia Roberts
305,Nudity (Full Frontal)
467,Nudity (Topless - Notable)
467,Nudity (Topless)
639,Nudity (Topless)
1392,disgusting
1495,retarded
4796,FEWER than 300 ratings
6269,child abuse
6296,eugene levy
6402,FEWER than 300 ratings
7219,FEWER than 300 ratings
7766,Shakespeare
7822,FEWER than 300 ratings
8232,FEWER than 300 ratings
8948,Nudity (Rear)
26078,FEWER than 300 ratings
27022,FEWER than 300 ratings
31260,FEWER than 300 ratings
32469,FEWER than 300 ratings
41724,consumerism
41724,economics
41724,liberal propaganda
46664,FEWER than 300 ratings
48741,liberal propaganda
50514,FEWER than 300 ratings
55116,FEWER than 300 ratings
67665,Canada
55844,feminism
55844,lesbian
132454,lgbt
132454,musical
132454,queer
134248,Documentary
4082,down and out
5986,boxing drama
5986,down and out
1041,realism
1516,black comedy
1516,politics
1542,miners
1596,realism
1596,realistic
5447,realism
5447,social commentary
8582,politics
43914,bad soundtrack
46231,drugs
73822,realistic
73822,TV Movie
73822,working class
94122,uncritical
94122,unengaging
98836,Bill Murray
98836,Laura Linney
99574,disappointing ending
99574,poverty
107702,sentimental
3406,Gregory Peck
3406,Napoleanic War
3406,Navy
3406,seafaring
95744,romance.
128488,action packed
128488,crime
128488,fighting
4788,Oscar (Best Foreign Language Film)
157312,business
157312,comedy
157312,Melissa Mcarthy
161354,batman
161354,the joker
3909,Penelope Cruz
165101,Predictable
94810,predictable
5932,Werner Herzog
7071,depressing
5820,My DVDs
5707,Curious
8848,Federico Fellini
8848,Italian
25833,Greta Garbo
2709,best muppet sequel
2808,cyborgs
3040,snl alums
3063,unerotic
3847,unwatchable sadism
5047,short shelf life
5062,plastic surgery
5062,secret societies
7781,hollywood corn
27664,explicit sex scene
27664,road movie
27664,tedious
60408,dialect
72224,bad humor
72224,stupid
229,Roman Polanski
4506,Roman Polanski
72696,backcrackscenes
72696,Gorilla scene
138204,Indubitably
160438,bad hacking
128594,transgender
2937,Claudette Colbert
2937,divorcing couple
2937,Florida
109850,practical effects
7781,easily confused with other movie(s) (title)
5106,high school
130052,clown
130052,demon
130052,horror
149350,camp
149350,church
149350,monster
5999,adult animation
5999,female protagonist
168358,robots
168358,ROBOTS AND ANDROIDS
155,wonderful surprise movie
4340,airport
4340,animal as human
5047,anvil
5093,amazing grace hymn
5093,attaché case
5093,axe
5093,axe murder
6379,arrow
6379,axe
6379,axe murder
6586,2000s
6586,air vent
6586,airport
6586,american football
6586,angst
6862,arson
6862,beneficiary
6862,betrayal
6862,black cop
7319,aerobics
7319,american abroad
7319,asian woman
7319,bar
7319,bare chested male
7321,alcoholism
8907,accidental death
8907,anchor
8907,best friend
4928,beautiful actresses
4928,Entitlement
4928,Love-Hate Relationship
4928,satire
4928,Sexual Harassment
59336,Chiwetel Ejiofor
59336,combat
59336,far-fetched
59336,illogical
109687,Sciencey
2195,Norm MacDonald
2883,Zooey Deschanel
3450,Ann-Margret
3832,Mario Bava
4998,Sidney Poitier
6981,Christianity
6981,Criterion
6981,mystical experience
6981,mystical realism
7767,beautiful
7767,epic
7767,historical epic
8010,Africa
8010,inspirational
8939,memory
8939,Robin Williams
26122,atmospheric
26122,dark
32659,France 
33893,Spain
37475,Robert Redford
82534,unemployment
134847,Spain 
166015,biopic
166015,comedy
166015,family
166015,france
166015,french movie
26498,boring
6484,crime
918,Judy Garland
918,Musical
1937,Bing Crosby
2736,Neil Simon
3063,Cult film
3070,cult film
3141,Sequel Fever
3251,drama
3251,realistic
3251,religion
3478,Based on a true story
3690,Sequel fever
3725,Animation
3807,Claymation
4006,Animation
4080,classic
4396,Remake
5246,sequel fever
5415,Sandra Bullock
6122,Stand up Comedy
6638,Cult film
6785,Musical
7104,cult film
7381,Sequel fever
7706,Marx Brothers
8132,Roman Empire
8596,Classic
8596,Sequels
8880,Classic
161580,mainstream sexist
183227,stand-up comedy
123947,trauma
4218,1980s
4218,high school
4218,homicide
2121,female lead
2121,intense
2512,Palme d'Or
2512,remake
6148,chilling
6148,Criterion
6148,pessimistic
6148,racism
6148,touching
53127,based on a play
53127,conspiracy theory
113705,Belgian
117364,documentary
1381,high school
1381,musical
4265,Formula 1 racing
4265,Harlin
6763,comedy
6763,drew barrymore
44759,Sharon Stone
8019,atmospheric
3893,Aaron Eckhart
7636,Brian De Palma
798,disaster film
3484,fraternity
3587,animal abuse
3587,animal cruelty
3861,football
3919,boring plot
3919,Hellraiser Series
3919,occult
4062,80s
4062,coming of age
4062,coming of age story
4200,Jean-Claude Van Damme
4200,revenge
4568,martial arts
5293,corruption
5293,lawyers
5665,Barry Pepper
5665,Gangsters
5665,John Malkovich
5665,mobsters
6893,cars
6893,heist
7173,Ben Stiller
7173,comedy
7173,Jennifer Aniston
38583,cars
38583,cult film
38583,revenge
38583,street race
42015,18th century
42015,Classical music
42015,Venice
48412,Ashton Kutcher
48412,Coast Guard
48412,emotional
56169,Good twists
56169,twist ending
59421,entertaining
93819,lovecraftian
96567,aspiring writer
96567,dramatic
96567,Jeremy Irons
98230,group of friends
98230,high school reunion
98230,Justin Long
113604,Between life and death
133867,Hailee Steinfeld
2605,Catherine Zeta-Jones
2605,Sean Connery
2567,PG-13
3204,R
4215,PG-13
5025,PG-13
5670,R
8869,PG
27816,PG-13
44613,PG-13
45726,PG-13
45732,PG-13
46572,R
295,romance
918,family
1024,animation
1024,cartoons
1381,bad acting
1381,bowling
1427,plane
1427,ray liotta
1427,serial killer
1453,comedy
1453,fran descher
1453,romance
2102,mickey mouse
2102,musical
2266,butcher
2266,clarivoyance
2266,New York
2266,romance
2881,revenge
2906,boring
2906,cheating
2906,poor chemistry
2906,slow
4708,attempted rape
4708,drama
4825,child death
4825,decay
4825,drama
4825,spanish
4887,martial arts
4887,multiverse
5048,adoptive parents
5048,dogs
5048,gross
5389,animals
5556,computer
5556,detective
5556,ghost
5556,horror
5667,boring
5667,inmortality
5667,sad ending
6338,daycare
6732,musical
6946,animation + live action
6946,comedy
6946,funny
6946,slapstick humor
7243,black and white
26375,comedy
49389,heist
51545,action
51545,crime
51545,thriller
52831,cheating
52831,cop
52831,Police
53460,mockumentary
54780,affair
57526,crime
57526,serial killer
67193,romance
72104,creepy
82848,black and white
82848,comedy
82848,funny
82848,physical comedy
85020,shallow
90524,action
90524,boring
97950,blacksmith
97950,bloody
97950,brothel
97950,Lucy Liu
97950,martial arts
102378,dissapointing
102378,drama
103085,demon
103085,dialogue
103085,end of the world
110655,music
118814,comedy
118814,drama
118814,romane
118814,romantic
136800,sci-fi
139640,animation
141131,bad script
141131,cliché
141131,russian
141799,bad writing
141799,slow
141928,blood
141928,bussiness
141928,clever
141928,corporate
142997,andy samberg
143410,drama
143410,war
148482,cate blanchett
152372,anthology
152372,desert
152372,horror
157340,animation
157340,funny
158528,ocean
158528,shark
158528,surfing
159690,action
159690,adventure
159690,comedy
161594,3d
161594,action
161594,fantasy
165639,funny
165639,thor
165639,witty
170939,friendship
170939,funny
170939,nice visuals
170939,potty humor
180987,animals
180987,animation
180987,bull fighting
188833,adventure
62553,Southern theme
1797,IMAX
149406,panda
77414,Miley Cyrus
2732,atmospheric
3822,atmospheric
3822,black and white
27178,german
27178,marijuana
95744,nudity (topless)
95744,romance.
55,100 Essential Female Performances
190,facebook rec
532,100 Essential Female Performances
1392,100 Essential Female Performances
1885,100 Essential Female Performances
2303,100 Essential Female Performances
2314,100 Essential Female Performances
2590,100 Essential Female Performances
2738,100 Essential Female Performances
3127,100 Essential Female Performances
3792,100 Essential Female Performances
3808,100 Essential Female Performances
3813,100 Essential Female Performances
4422,100 Essential Female Performances
6245,vday
6357,sunny
6509,100 Essential Female Performances
7086,100 Essential Female Performances
7572,100 Essential Female Performances
7706,facebook rec
8571,vday
8650,100 Essential Female Performances
8754,100 Essential Female Performances
6535,lawyer
6535,Reese Witherspoon
91266,cheesy
91266,chick flick
91266,cinderella
91266,high school
91266,romcom
133798,Reese Witherspoon
2111,dumb but funny
2790,sequel
4067,stalker
6186,History
6186,religious
31698,sequel
86355,Ayn Rand
86355,Capitalism
92192,found footage
127180,Mark Cousins
127180,pretentious
146688,clairvoyant
1498,American Golden Age
1498,period piece
5588,Cannibalism
265,exaggerated
265,magic realism
1132,Nudity (Full Frontal)
1696,gay
6679,Linux
6679,Open Source
3268,comedy
3268,emotional incest
3268,Sylvester Stallone
5048,dogs
5048,feel good movie
5883,Wes Craven
5883,wes craven thriller
103221,australia
103221,comedy
52,Woody Allen
346,Beatles
348,Woody Allen
468,British
1132,French
1306,German
2136,Jerry Lewis
2146,teen
2178,Hitchcock
2202,Hitchcock
2204,Hitchcock
2205,Hitchcock
2247,Demme
2301,Mel Brooks
2365,Japan
2952,Paul Thomas Anderson
4091,Beatles
4410,Demme
4440,Chinese
5267,sports
6125,Gilliam
7167,Australian
2660,based on a book
4149,Jack Black
5296,Cameron Diaz
5296,Christina Applegate
55245,Jessica Alba
1794,gay
3566,entirely dialogue
3566,independent film
3566,social commentary
8195,Enigmatic
8195,island
109971,comedy
109971,easygoing
109971,spanish language
3167,arthouse
81383,foreign
1453,Fran Drescher
45662,Antichrist
45662,demon
45662,prophecy
60408,France
60408,French comedy
107436,time loop
5812,1950s housewives
7706,still funny
373,J.T. Walsh
2522,disaster
2522,disaster movie
2535,disaster film
6220,rats
26176,asylum
26176,controversial
26176,Frederick Wiseman
26176,mental illness
26176,prison
71131,Phelps family
94810,artificial intelligence
94810,robots
6663,better than the cartoon
6868,80s
6868,drugs
6868,porn stars
61401,based on a comic
61401,Eva Mendes
6638,The Plimsouls
6638,truly dazzling
2521,aviation
2598,aviation
2792,aviation
3827,space
4812,space
60832,game
60832,student
61167,religion
98122,documentary
3358,Meryl Streep
95307,80s music
95307,musical
95307,rock and roll
362,animals
531,beautifully filmed
1783,noir thriller
2736,jewish
3250,courage
4424,jewish
160438,Action
1226,John Ford
3836,anti-hero
3836,World War II
5628,comedy
5628,France
5628,intelligence
5628,Jean Reno
5628,teenager
8684,automatic
8684,reflective
8684,repetitive
51174,andy warhol
51174,Biography
51174,glamour
51174,pop art
60894,Cillian Murphy
72224,bad humor
72224,stupid
72919,Hugh Grant
72919,Marc Lawrence
3384,heist
3384,hostage
3728,chasing
3728,crime
6920,atmospheric
26875,interrogation
32029,hostage
37731,football
37731,friendship
48872,black and white
48872,russian roulette
102666,time travel
140627,russian
140627,war
147250,soviet classics
65037,autism
65037,bullying
6035,French
6035,Jean Gabin
8518,feminist
30846,acting
112070,celebs
112070,dark comedy
103449,Noomi Rapace
5773,nudity (topless - notable)
27328,SABU
2973,Woody Allen classic
4386,cats
4386,dogs
44840,Rob Schneider
100,Al Pacino
100,politics
5619,documentary
5619,history
5619,politics
61697,Al Pacino
61697,dissapointing
61697,Robert De Niro
61697,weak plot
5938,tad overacting
3554,african american
7889,Great Soundtrack
56837,Shakespeare
78034,Feelgood
78034,Funny
91571,shakespeare
91571,updated Shakespeare
6436,Leonardo DiCaprio
6436,Robert De Niro
803,relationships
2095,family
2652,horror
3646,comedy
3674,family
4387,action
4565,action
5250,comedy
5682,dramatic
5684,visually appealing
7117,horror
33158,action
34530,comedy
52279,family
58291,family
91571,original
2342,drama
2342,mockumentary
2342,punk band
2342,punk music
585,comedy
585,parody
2099,classic
2099,Disney
2099,hard to find
147662,martial arts
147662,violence
147662,wuxia
93242,conspiracy
93242,revenge
93242,vigilante
1286,(s)vcd
2050,dvd
2051,dvd
2180,avi
2180,get
3142,dvd
3358,dvd
5127,avi
5127,get
5214,get
5809,avi
5809,get
7030,get
8633,get
8718,excellent for its time
1306,Trilogy
102666,1305
2505,awesome
6009,Takashi Miike
88,SNL
262,imagination
262,little girl
262,orphan
531,England
2876,fairy tale
2876,fairy tale romance
2876,Hans Christian Andersen
3331,Notable Nudity
340,coming-of-age
340,elijah wood
340,kevin costner
6314,healthy relationship
6314,hilarious
6314,refreshing
3637,nonlinear
556,documentary
3822,black and white
4964,Iran
5244,Japan
5244,samurai
8836,Chad
627,Boring
2448,Makes you ill
3835,awful movie
4056,heartbreaking
4056,Obsession
26555,So funny
1049,adventure fantasy
1017,island
1017,Stranded
72696,Cheesy
72696,Comedy
331,mental illness
422,thriller
747,stupid
2443,ensemble cast
2583,ensemble cast
2806,high school
4043,father-son relationship
4068,high school
4251,violent
4300,politics
4345,ensemble cast
4640,violent
4661,thriller
4845,stupid
4947,police
4969,mystery
5434,tense
5501,stupid
5585,stupid
6027,Lili Taylor
6027,River Phoenix
6185,police
26078,politics
30846,mental illness
62792,police
74677,politics
49276,strong beginning
49276,weak ending
51705,Audrey Tautou
51705,Gad Elmaleh
1783,noir thriller
4978,The Mother Of Connect-The-Dots  Flix (Grand Canyon/Crash/ETC)
371,seen more than once
1171,want to see again
1392,want to see again
1670,want to see again
1797,seen more than once
1840,want to see again
2759,want to see again
2799,seen more than once
3422,seen more than once
4304,seen more than once
5074,want to see again
5420,Nicolas Cage
5450,seen more than once
5527,seen more than once
7366,want to see again
45732,superhero
2454,mad scientist
2454,teleportation
2454,vincent price
2633,mummy
2656,1950's
2656,creature feature
6629,Vincent Price
7883,Val Lewton
433,short-term memory loss
6609,jesus
7142,dance
57951,treasure
4312,leadership
4312,wilderness
31694,good for sema
125970,Fall
125970,Family
125974,Fall
125974,Family
125974,Halloween
4939,so bad it's good
140627,sniper
2334,owned
2605,owned
6687,owned
164,cheadle appearance
164,denzel's fine behind
164,noir thriller
55245,rubbish
50796,acting
6380,documentary
3616,Amy Heckerling
3616,Comedy
3616,Jason Biggs
3616,Mena Suvari
3616,Writer/director
229,great acting
229,low budget
229,suspense
229,tension
670,India
4458,documentary
6666,comical
86347,Louis C.K.
95311,animation
96020,modern life
142115,documentary
127298,dark comedy
127298,Existentialism 
6954,Culture
6954,Death
921,awesome
5504,kids
31162,Black Comedy
8019,atmospheric
8019,japanese horror
112334,depressing
189,based on a play
189,Mary-Louise Parker
627,black comedy
627,political
627,woman director
803,the cat dies
1454,eric bogosian
1454,play adaptation
1488,northern ireland
1594,play adaptation
2097,clowns
2155,Marisa Tomei
2265,bizarre
2265,weird
2469,nostalgia
2469,time travel
2583,ensemble cast
2881,revenge
3063,trashy
3223,dead animals
3238,Ashley Judd
3436,cancer
3827,getting the gang back together
3827,reunited
4009,Oliver Stone
4063,craig lucas play
4063,magical realism
4063,play adaptation
4077,foreign language
4077,French
4077,indie
4390,Revenge 
4464,Geena Davis
4584,magical realism
4681,animal cruelty
4681,animal death
4681,black comedy
4925,Peter Falk
5527,Jennifer Ehle
5787,Thandie Newton
5879,Judaism
6238,Andie MacDowell
61986,Ed Harris
61986,Jeremy Irons
61986,Viggo Mortensen
67193,julia roberts
73515,Alia Shawkat
86628,Linda Cardellini
86628,Vincent D'Onofrio
89085,Helen Mirren
91690,jennifer westfeldt
103865,the dog dies
104863,transphobia
111375,Elizabeth Banks
127194,Jack Black
127194,james marsden
127194,kathryn hahn
127194,queer
157200,Julia Roberts
167570,Netflix 
184015,netflix
994,Isabella Rossellini
59258,Amy Poehler
40955,Ireland
40955,London
43558,Martin Lawrence
67361,mystery
70687,hybrid of documentary and comedy
514,Christmas
429,Chris Elliott
429,hilarious
1518,Kurt Russell
1518,suspense
3708,Drew Barrymore
3708,Stephen King
4438,Bruce Lee
4438,kung fu
5609,terrible dialogue
5609,worst movie ever
7636,Multiple Personality Disorder
7636,psychologist
7636,twist ending
27618,Ben Kingsley
27618,time travel
173255,Comedy 
173255,Norm MacDonald
180987,animation
180987,endearing
132496,Kanopy Streaming
627,black comedy
70708,boring
1431,Chris Farley
5096,lol
52,Woody Allen
280,Alcatraz
6337,addiction
6337,fraud
6337,gambling
32243,good acting
32243,scandinavian
32243,thieves
65225,eye-opening
65225,revolution
84273,eye-opening
84273,revolution
2598,cast
2598,"infidelity,"
4218,drama
2587,BORNG
3865,Terrific
31923,True comedy
737,heroine in tight suit
803,relationships
2195,comedy
3646,comedy
3674,family
4387,action
4565,action
5250,comedy
5682,dramatic
34530,comedy
58492,relationships
58975,Nudity (Topless)
95858,animation
95858,Pixar
149406,animation
149406,kung fu
932,TV-G
4516,Robert Downey Jr.
4516,Uma Thurman
5524,Michelle Rodriguez
5524,pretty woman
179053,short
3480,high school
94325,Scenic
94325,Simple
94325,Sweet
2111,Steve Martin
1480,sci-fi
3836,caper
27537,clever
27537,good acting
225,Michael Crichton
225,Sexual Harassment
574,incest
574,Nudity (Full Frontal)
1594,Amorality
1594,misogyny
2325,pornography
2325,satire
2979,Nudity (Topless - Notable)
2979,nudity (topless)
3036,art
3036,cavemen
3036,gritty
3036,mammoth
3760,nude black women
3760,Nudity (Topless)
3773,high school
3773,hip hop
3773,house party
3773,party
3847,nazis
4390,rape
4465,Jodie Foster
4465,Nudity (Topless - Brief)
4465,rape
4862,angry feminism
5298,blonde
5569,rape
5588,rape
8196,campy
8196,good music
8196,humorous
8196,irreverent
8196,Russ Meyer
34530,comedy
44759,If I See One More Roast Beef Sandwich You Will Smell My Reaction
49276,prison
58287,rape
58287,Rosario Dawson
59738,Nudity (Topless)
71341,Nazis
96448,nudity (topless)
112818,dystopia
112818,sequel
122888,Biblical
122888,Changed Ending
122888,Remake
161354,dissapointment
161354,Mark Hamill
141994,deneme
262,bad adaptation
1881,strong female lead
7262,strong female lead
26498,Cinéma du look
32657,ecological
33126,jewish
49220,jewish
49220,jewish holiday
49220,mockumentary
49220,purim
233,atmospheric
1529,art film
2275,cult film
2346,feminisim
2346,tense
3587,animal cruelty
3587,witch
3587,witchcraft
5074,clever
5074,dialogue driven
5074,Paul Giamatti
5074,Todd Solondz
5465,coming of age
6433,experimental
6748,body horror
6748,psychiatry
6803,boarding school
6803,giallo
7562,colorful
7562,extremely violent
7562,French
7562,Monica Bellucci
7562,stylish
82848,Buster Keaton
86066,Hamlet
86066,russia
86066,surreal
92637,afterlife
92637,ghost town
92637,labor union
92637,murderer
92637,surreal
93320,dark comedy
93320,mockumentary
93320,white trash
117109,absurdist
117109,surreal
151311,black comedy
151311,Todd Solondz
159403,anime
159403,cyberpunk
159403,dreamy
159403,sci-fi
53578,comedy
53578,french
3079,Entisajat
2227,Hitchcock
3823,easily confused with other movie(s) (title)
3823,Whoopi Goldberg
7074,AFI 100 (Laughs)
7333,Old
44613,based on a true story
44613,Dance
44613,urban
44889,Musical
44889,weed
47640,beer
47640,guy movie
47640,Nudity (Topless)
62792,Colin Farrell
62792,Edward Norton
43917,dogs
3693,campy
3693,cult classic
5341,stand-up comedy
32179,great soundtrack
140265,stand-up comedy
170411,Dave Chappelle
170411,stand-up comedy
1627,Oliver Stone
1844,Nudity (Topless)
1844,Pedro AlmodÃ³var
3129,jazz
3129,music
3129,musicians
3920,Wim Wenders
4681,Danny DeVito
5475,based on a true story
5475,Costa-Gavras
5475,Oscar (Best Foreign Language Film)
41527,friendship
134184,elections
69524,action
69524,adventure
69524,humor
464,Jean-Claude Van Damme
464,John Woo
1334,campy
1334,Steve McQueen
1862,Nudity (Full Frontal)
3692,Troma
4580,Jean-Claude Van Damme
4789,Brian De Palma
6506,gun fu
6722,Donnie Yen
6722,Jet Li
6722,wuxia
7924,guns
7924,Japan
8142,Takashi Miike
26169,Criterion
27716,Anders Thomas Jensen
27905,japanese
27905,Japanese Madness
32387,Japan
32387,samurai
32387,Tatsuya Nakadai
32387,ToshirÃ´ Mifune
32387,Toshiro Mifune
50514,Nudity (Topless - Brief)
50514,R
5111,disturbing
112303,Las Vegas
2448,alien invasion
2448,gore
87028,lesbian subtext
87028,thriller
5292,hillarious
144620,epic
3787,China
26694,China
4900,ski resort
4900,snowboarding
468,funny
8836,soundtrack
56274,owned
4009,character study
4009,cruelty
4009,hubris
4280,John Lithgow
4396,cars
4557,biography
4557,business failure
4557,cars
4557,conspiracy
5568,comedy
5568,gangsters
5568,guns
5568,parody
5568,prohibition
41724,business corruption
41724,greed
152065,meditative
70305,sci-fi
55620,gay
55620,LGBTQ
162478,Comedy
162478,Funny
162478,Hilarious
2430,kids movie
414,Africa
414,Basketball in African villiage
414,College basketball
414,comedy
414,funny
5752,light
5752,sweet
30822,saved by good editing
3728,boring
8266,80s
26151,animal cruelty
26151,french
2463,Bette Midler
2463,comedy
2463,Danny DeVito
4419,desire
4419,loneliness
4419,purpose in life
65810,rap
65810,streets
65810,wealth
161354,batgirl
32213,maze
32213,psychological
26629,campy
26629,cult classic
1488,Brad Pitt
96917,psychothriller
96917,suspense
96917,thriller
2377,Nudity (Full Frontal - Notable)
65037,autism
5323,frozen
5323,sex
5323,slasher
7541,nudity (topless)
1648,black comedy
1648,dark comedy
1833,conspiracy
1833,nsa
4573,based on a true story
4625,bad acting
4625,time travel
5337,alternate reality
7212,Immediately Post WW2
27618,did they read the book?
27618,time travel
41828,Comedy 
47384,chevy chase
47384,comeback
67361,AI
67361,artificial intelligence
67361,bad acting
67361,casino
107314,twist ending
165639,funny
165639,marvel
179053,androids
179053,blade runner
179053,set up
170401,Anna Kendrick
179815,civil rights
179815,Denzel Washington
94503,David Tennant
94503,funny
94503,predictable
71732,Dominic Monaghan
92192,hillarious
943,I love the depth of love achieved without any physicality
7916,fake surfing
7916,James Darren
7916,Parents made to look stupid
7916,Sandra Dee
7916,surf culture
88911,Gérard Depardieu
213,hero
213,Russian
6609,essential
7301,essential
26171,essential
5524,Hawaii
5524,surfing
6598,Surfing
2618,big business
2618,courtroom
2618,underdog
2618,working class
4092,androids
4092,explosions
4092,post-apocalyptic
4092,robots
5054,silicon valley
2034,evil robot
234,Rosie in leather
663,canadian haha
132,bad acting
132,bad dialogue
132,Thriller 
149,amnesia
149,bad acting
1518,highway
1518,paranoia
1661,hollywood ending
1661,serial killer
1661,suspense
1661,thriller
2178,serial killer
2178,Thriller 
2505,creepy
2505,pornography
2505,private detective
3063,camp
3063,campy
3965,film noir
3966,blackmail
3966,film noir
3966,hitchhiker
3966,hitchhiking
4086,bad accent
4086,bad accents
4086,New Orleans
5680,pornography
5680,seedy
5680,sex
5680,sexuality
6021,Criterion
6021,neo-noir
7071,bleak
7071,Criterion
7071,insanity
8035,crime
26052,arrogant
26052,cinematography
26052,compulsion
26052,Criterion
41014,atmospheric
41014,cinematography
41014,creepy
51545,drugs
130482,film noir
422,thriller
567,funny
747,stupid
2807,everything
3230,nazis
3822,black and white
4043,father-son relationship
4300,politics
4661,thriller
4947,police
5213,christianity
5585,stupid
5993,politics
6216,nazis
6371,franchise
7889,Too much singing
7894,Sergio Leone
59026,satire
60832,Everything
60832,Nudity (Topless)
60832,predictable
62792,police
74677,Critical thinking
8667,gay
425,affective disorder
32582,surprise ending
2446,Robert Downey Jr.
4126,Robert Downey Jr.
4516,Robert Downey Jr.
134515,100 essential female performances
134515,conan
613,period drama
88,comedy
1012,classic
8580,Netflix Streaming
77233,Netflix Streaming
81158,Netflix Streaming
89090,Netflix Streaming
2801,Cate Blanchett
2801,disturbing violence
2801,tragically stupid
4822,childhood
4082,bukowsky
6679,Comedy??
76143,Funny
2130,Burt Lancaster
2130,Louis Malle
2130,Susan Sarandon
3646,comedy
3646,fat suit
4436,architecture
4436,Bernard Herrmann
4436,Brian De Palma
4436,Cliff Robertson
4436,greed
5341,biographical
6587,can't ever rate it - cuz I can't ever watch the whole thing
6811,Jeremy Piven
3524,FOR A MOMENT
4688,catholic
27478,absurdist humor
3824,autumn
4438,Bruce Lee
4440,Bruce Lee
63276,Takashi Miike
82093,William Monahan
2034,disney
2097,Disney
149,AMNESIA
149,cerebral
149,deliberate
263,angry
334,austere
334,autumnal
334,elegiac
334,FAMILIES IN CRISIS
334,FAMILY GATHERINGS
514,angry
514,biting
523,bittersweet
523,compassionate
523,intimate
523,reflective
645,AGE DISPARITY ROMANCE
645,deliberate
645,LOVE TRIANGLES
823,light
823,literate
823,sexy
1156,bleak
1156,downbeat
1156,grim
1156,matter-of-fact
1162,biting
1162,confrontational
1162,irreverent
1177,gentle
1177,humorous
1177,lyrical
1177,reflective
1177,springlike
1406,biting
1406,CLASS DIFFERENCES
1406,cynical
1406,deliberate
1545,cathartic
1545,dreamlike
1545,elegiac
1545,humorous
1545,intimate
1546,cerebral
1546,deadpan
1546,enigmatic
1546,goofy
1604,easygoing
1604,light
1604,MEMBERS OF THE PRESS
1604,tense
1604,UNLIKELY FRIENDSHIPS
1699,chilly
1699,creepy
1699,disturbing
1699,FATHERS AND SONS
1699,KIDS IN TROUBLE
1804,earnest
1804,humorous
1804,nostalgic
1804,sentimental
1875,angry
1875,biting
1875,deliberate
1875,humorous
1875,quirky
1904,bittersweet
1904,deadpan
1904,deliberate
1904,earnest
2075,ACTOR'S LIFE
2075,biting
2075,bleak
2075,confrontational
2303,cathartic
2330,deadpan
2632,atmospheric
2632,dreamlike
2632,enigmatic
2632,meditative
2632,reflective
2839,earnest
2839,poignant
2897,fanciful
2897,nostalgic
2897,quirky
2897,stylized
2897,whimsical
2925,atmospheric
2931,affectionate
2943,atmospheric
2943,COLONIALISM
2964,cerebral
2964,confrontational
2964,ECCENTRIC FAMILIES
2964,enigmatic
2964,FATHERS AND SONS
3038,biting
3038,cynical
3038,LADDER TO THE TOP
3038,RAGS TO RICHES
3099,biting
3223,cerebral
3473,cerebral
3473,humorous
3473,INTERSECTING LIVES
3473,intimate
3473,literate
3652,atmospheric
3652,creepy
3652,disturbing
3652,gruesome
3652,menacing
3728,atmospheric
3845,humorous
3845,racy
3845,sentimental
3845,sexual
4104,goofy
4104,light
4104,madcap
4282,decadent
4282,disturbing
4282,hallucinatory
4282,irreverent
4294,fanciful
4294,humorous
4294,lavish
4294,quirky
4294,whimsical
4325,deliberate
4325,intimate
4325,meditative
4325,reflective
4325,stylized
4395,goofy
4395,humorous
4395,silly
4395,witty
4395,wry
4399,biting
4399,grim
4399,matter-of-fact
4422,downbeat
4428,atmospheric
4428,autumnal
4428,bittersweet
4433,forceful
4433,lurid
4433,passionate
4433,quirky
4433,sexual
4497,deadpan
4605,biting
4605,disturbing
4605,hallucinatory
4605,quirky
4605,satirical
4671,compassionate
4671,confrontational
4671,disturbing
4671,ironic
4671,quirky
4687,drab
4687,quirky
4687,whimsical
4775,bittersweet
4775,campy
4775,flashy
4927,creepy
4927,deliberate
4927,disturbing
4927,dreamlike
4927,enigmatic
4970,cynical
4970,satirical
4970,sexy
5068,bleak
5068,compassionate
5121,affectionate
5297,CRIMES OF PASSION
5297,cynical
5297,MEMBERS OF THE PRESS
5297,ROMANTIC BETRAYAL
5297,satirical
5333,atmospheric
5333,cynical
5333,DISHONOR AMONG THIEVES
5333,easygoing
5333,humorous
5373,DEATH OF A SPOUSE
5373,heartwarming
5373,intimate
5390,BOHEMIAN LIFE
5390,bright
5390,CREATIVE BLOCK
5390,FIGHTING THE SYSTEM
5604,biting
5604,deadpan
5604,FIGHTING THE SYSTEM
5640,campy
5640,ominous
5640,tense
5780,biting
5780,campy
5780,humorous
5932,cerebral
5932,deliberate
6023,atmospheric
6023,CRIME GONE AWRY
6023,elegiac
6023,melancholy
6023,quirky
6031,compassionate
6031,intimate
6031,lavish
6031,moody
6035,atmospheric
6035,downbeat
6035,elegiac
6162,atmospheric
6162,cerebral
6162,deliberate
6162,enigmatic
6268,affectionate
6268,bittersweet
6268,FIRST LOVE
6268,gentle
6288,paranoid
6288,quirky
6288,tense
6288,wry
6506,forceful
6506,HIRED KILLERS
6506,rousing
6506,tense
6509,austere
6650,cynical
6650,humorous
6650,irreverent
6671,compassionate
6671,earnest
6671,heartwarming
6671,reflective
6898,bittersweet
6898,compassionate
6898,drab
6898,forceful
6898,gritty
6920,atmospheric
6982,affectionate
6982,bitt
6982,earnest
7067,dreamlike
7067,fanciful
7067,FANTASY LIFE
7067,hallucinatory
7067,stylized
7088,atmospheric
7176,gloomy
7176,intimate
7176,melancholy
7176,poignant
7212,humorous
7212,irreverent
7212,light
7299,atmospheric
7299,CULTURAL DIVERSITY
7301,austere
7301,bleak
7301,earnest
7328,austere
7328,bleak
7328,BRIEF ENCOUNTERS
7328,cerebral
7352,bittersweet
7352,compassionate
7352,LOVE TRIANGLES
7352,SIBLING RELATIONSHIPS
7561,creepy
7561,disturbing
7561,dreamlike
7650,atmospheric
7650,bleak
7650,claustrophobic
7650,disturbing
7650,menacing
7720,easygoing
7720,humorous
7720,lavish
7766,bleak
7895,biting
7895,cynical
7895,forceful
7895,gritty
7896,affectionate
7896,atmospheric
7899,quirky
7936,austere
7936,biting
7940,bleak
7940,deliberate
7940,disturbing
7940,goth
7991,campy
7991,cynical
8126,atmospheric
8126,cynical
8126,paranoid
8143,elegiac
8143,lavish
8143,literate
8188,bittersweet
8188,elegant
8195,deliberate
8601,angry
8601,biting
8601,confrontational
8620,biting
8724,elegiac
8724,lavish
8724,melancholy
8724,poignant
8724,reflective
8738,affectionate
8738,bright
8860,claustrophobic
8860,forceful
25805,fanciful
25805,lyrical
25805,stylized
25805,whimsical
25898,bleak
25898,confrontational
25898,disturbing
25898,downbeat
26151,austere
26171,deadpan
26283,BANK ROBBERY
26283,CRIME GONE AWRY
26283,cynical
26283,gritty
26283,ONE LAST HEIST
26303,biting
26303,chilly
26303,claustrophobic
26303,disturbing
26303,downbeat
26965,bleak
26965,BOXERS
26965,compassionate
26965,DANGEROUS FRIENDS
26965,GOING STRAIGHT
31522,bittersweet
31522,deliberate
31522,intimate
31923,bright
31923,easygoing
31923,humorous
33564,BREAKUPS AND DIVORCES
33564,CRUMBLING MARRIAGES
33564,easygoing
33564,humorous
44657,bleak
44657,DEATH OF A PARENT
44657,deliberate
44657,downbeat
44657,KIDS IN TROUBLE
505,Bruce Willis
6122,Stand up Comedy
7030,childhood
7030,Tom Hanks
158972,existential
117877,Beautiful
117877,Journey
117877,Rich Colours
57843,brutal
57843,brutal violence
57843,brutality
57843,violence
59738,revenge
128908,bittersweet
468,Hugh Grant
5213,christianity
1862,Nudity (Full Frontal)
2928,based on a book
2928,remake
26158,Nudity (Rear)
27513,Nudity (Full Frontal)
27627,Nudity (Topless)
34018,Marx Brothers
37211,Marx Brothers
44613,based on a true story
46231,Nudity (Topless)
47446,Nudity (Full Frontal)
49263,Nudity (Topless)
51174,Nudity (Topless)
55110,Nudity (Topless)
56274,Nudity (Topless)
58783,Nudity (Topless)
58975,Nudity (Topless)
59738,Nudity (Topless)
59915,Nudity (Topless)
61073,Nudity (Full Frontal)
2188,older woman younger man
2188,older woman younger man relationship
2188,sex
2188,sexuality
120813,comedy
120813,dark comedy
120813,stand up
128366,biographical
128366,comedy
128366,stand-up comedy
135456,anime
135456,dystopia
135456,sci-fi
2084,feature film directorial debut
117877,algeria
117877,jewish
839,gothic
839,sequel
2720,animation remade as live action
2720,Based on a TV show
4368,Eddie Murphy
4722,gay
51698,based on a short story
51698,buddhism
51698,future kids powers doll
51698,taoism
60522,gore
60522,ridiculous
60538,drugs
60538,hallucinatory
60538,murder
60538,tourists
157200,crisis management
37475,slow
43936,tense
4506,Atmosphere
4506,Paris
4110,espionage
4110,spy
134246,Spy
4850,anime
8426,anime
276,comedy
4010,Sir John Candy
166,campy
166,cult film
166,violent
445,spoof
507,abduction
507,kidnapping
747,so bad it's good
833,spoof
1004,Stephen Tobolowsky
1017,classic
1017,nostalgic
1336,cult film
1336,horror comedy
1437,controversial
1614,lgbt
1833,autism
2259,Romp
2265,cult film
2362,cult film
2362,so bad it's good
2362,transvestite
3669,Nostalgic
4477,stereotypes
4511,Campy
4511,slapstick
4511,supernatural
4587,cult film
4624,controversial
4624,puppets
4765,child abuse
4765,controversial
5159,environmental
6215,infidelity
6319,inappropriate
6948,hip hop
7222,so bad it's good
7932,homelessness
7987,campy
7987,puppets
7987,stop motion
8158,undercover cop
45382,Lolita
53024,cults
68444,john malcovich
88272,controversial
88272,held captive
88272,violent
111551,found footage
127136,rated r
173205,complex relationships
173205,dark comedy
173205,dysfunctional characters
173205,dysfunctional family
80834,adventure
80834,animation
80834,fantasy
132424,Chick flick
132424,Country
132424,Drama
132424,Romantic
3405,titanic
4821,road kill
5372,Chicago
5372,Doris Day
6357,bing crosby
6357,Frank Sinatra
50160,Ewan McGregor
109853,cute!
111680,bittersweet
111680,nostalgia
7375,romance
7375,secret identity
1392,black comedy
1392,satrical
3392,campy
3392,revenge
4068,dark humor
4068,high school
4333,dark humor
4333,murder
2146,friendship
5059,man vs. nature
943,bittersweet
943,black and white
943,Gene Tierney
2171,Boston
2171,great soundtrack
2171,Hope Davis
3244,based on play
3244,Marsha Mason
3244,Neil Simon
3244,New York
4795,Cary Grant
4795,children
5372,19th century
5372,Bechdel Test:Pass
7167,Australia
7167,culture clash
7167,drama
7167,Toni Collette
157340,computer animation
42,1960s
42,african american
42,bank robbery
42,Chris Tucker
42,heist
63,comedy
63,gangster
132,david caruso
132,murder mystery
159,drug pusher
159,gangsters
159,ghetto
358,Busta Rhymes
358,college
358,date rape
387,Black
387,Gay Character
387,Gay stereotypes
387,Wayans Brothers
409,Bernie Mac
409,Duane Martin
409,gangster
409,gangsters
409,hip hop
456,black
456,drug dealer
456,drugs
456,gangsters
456,ghetto
510,2Pac
510,african american
510,black
510,gangster
706,basketball
706,fredro starr
706,ghetto
706,high school sports
706,hip hop
981,gangster
981,ghetto
981,hip hop
981,hood
981,Ice Cube
998,bank robber
998,Black cast
1054,Spike Lee
1191,Catholicism
1191,celebrity
1191,concert
1191,concert tour
1194,drugs
1194,hippie
1194,marijuana
1194,Tommy Chong
1447,Tupac Shakur
1609,gangster
1609,hood
1609,hood film
1609,plot twist
1609,Thriller 
1614,gay
1614,homophobia
1614,homosexuality
1792,agent
1985,halloween
1986,Halloween
1987,horror
1987,serial killer
1987,slasher
1987,whodunnit
2332,DMX
2332,gangster
2332,gangsters
2332,ghetto
2332,guns
2388,bath house
2388,coming out
2388,gay
2388,gay relationship
2494,buchenwald
2494,holocaust
2494,Jewish holocaust
2494,menorah 
2812,gangsters
2812,ghetto
2812,hood
2812,LL Cool J
2812,Omar Epps
3452,Aaliyah
3452,gangs
3821,Eddie Murphy
3821,Janet Jackson
3865,Bernie Mac
3865,stand-up comedy
3865,unfunny
3908,horror
4770,Thriller 
5244,Ancient japan
5244,Japan
5244,ronin
5454,comedy
5454,con artist
5454,credit card
5454,crime comedy
5454,Damon Wayans
5678,Samuel L. Jackson
5786,drug smuggle
5786,drugs
5786,gangster
5786,gangsters
5786,ghetto
6006,comedy
6347,break dancing
6347,breakdance
6347,dance
6347,disc jockey
6347,graffiti
6425,basketball
6425,college
6425,dying man
6425,ghetto
6425,hood
6482,terrible
6482,terrible acting
6482,terrible plot
8593,gangster
8593,hip hop
8593,hood film
8795,indian
26183,animation
26183,comic
26183,comic book
26183,comics
26630,atmospheric
26630,dance
26630,fantasy
26630,Michael Jackson
26630,performances
39400,horror
39400,terrible plot
45726,comedy
45726,Owen Wilson
46865,stupid
46865,Wayans Brothers
65810,biography
65810,gangster
78174,Sarah Jessica Parker
90738,double agent
90738,espionage
97194,horror
97194,John Carpenter
107159,corruption
107159,Criterion
107159,Japan
110773,Marlon Wayans
147410,absurd
147410,balkans
147410,drama
147410,Slavic
147410,slavs
153070,drama
153070,dream
153070,experimental
153070,fantasy
153070,nightmare
161594,animation
161594,anime
172881,animation
172881,anime
172881,The Matrix
2548,high school
2548,injured animal
2548,sequel
2548,suicide
2548,telekenisis
5255,crossdressing
5255,hilarious
5255,stereotypes
7316,comedy
7316,drama
7316,high school
7316,lindsay lohan
31867,boring
31867,cliched
31867,girls
31867,stereotypes
32914,bullying
32914,remake
32914,revenge
32914,stephen king
32914,telekenesis
97701,found footage
97701,no plot
1791,easily confused with other movie(s) (title)
1791,Nudity (Topless - Notable)
3037,genocide
4410,haunted by the past
4410,road movie
26158,attempted suicide
26158,based on a book
26158,czech new wave
26158,Czechoslovak New Wave
8915,based on a play
37477,Samuel L. Jackson
86,History
86,Ridley Scott
4951,based on a book
148652,disgusting
108188,action hero
108188,spy 
3938,Nudity (Topless)
190,interesting effort
2790,babyish ending
2836,main character doesn't masturbate
3037,my god is this good!
3720,wow - so much better than Constant Gardener...
3862,5+ out of 5
3952,no less than a 4.5
4300,no less than a 4.5
5424,college people are dumb
5591,monkeys flying around on kites
5591,Thora Birch
5678,there must be something clever here...
6587,can't ever rate it - cuz I can't ever watch the whole thing
6744,metaphorically underrated
6744,nice script
6744,two wrongly-judged eighteen-year-olds making love with vampires
7054,shall I give it a 4?
7316,horrible.
8512,"""skill is money"""
52279,THIS is the nicely acted story with some good moments
52279,"this is what they SAY ""The Notebook"" was"
117109,absurd
117109,absurdist
7078,Bette Davis
7078,Oscar (Best Actress)
7311,gentle
98623,comedy
71619,Audrey Tautou
43558,forest fair
8456,Elio Petri
4939,alternate history
4939,military
3200,Hal Ashby
4474,friendship
6178,blindness
6178,child abuse
6178,relationship
37475,adult children
37475,heartwarming
1845,eccentricity
1306,tivonow
2057,tivo
2182,tcm
2187,tivo
2202,holes40s
2202,tivo
2212,holes30s
2212,tivo
2227,tivo20
2312,tivo20
2347,tivo
2553,holes60s
2553,tivo18
2874,dvd
2874,fosse
3111,holes80s
3130,tivo21
3342,tivonow
3539,tivo
3559,holes50s
3559,tivo
3632,holes40s
3632,tivo18
3678,tivo21
3679,holes80s
3680,tivo21
3808,tivo22
4197,holes70s
4237,top50
4518,tivo20
4789,holes70s
4789,tivo19
5397,holes50s
5670,tivo18
5799,tivo22
6245,fosse
6245,tivo19
6460,holes60s
6515,tcm
6656,tivo19
6918,tivo22
6983,holes40s
6984,tivo21
7104,holes70s
7243,afi
7882,tivo18
8189,tivo22
8235,holes20s
8236,tcm
8379,holes80s
8494,dvd
8848,tivo22
8875,tivo
25782,holes30s
26225,tivo
26313,tivo19
46664,holes40s
46664,tcm
75446,tivonow
95744,tivo
103107,toplist13
130482,tivo19
148166,tivo
151317,tivo
170401,plane
181413,tivo19
2523,roller coaster
2523,terrorist
2523,theme park
8609,Buster Keaton
8609,Family feud
8609,silent movie
7920,controversial
7920,cult film
7920,filth
2979,Nudity (Topless - Notable)
2979,nudity (topless)
6334,nudity (topless - notable)
1848,Based and a book
1881,cartoon
7376,based on the life of Buford Pusser
48161,"Dwayne ""The Rock"" Johnson"
1654,fairies
1654,WWI
2899,based on a book
8667,Colin Farrell
8667,gay
8667,polyamory
27746,Katharine Isabelle
27778,forest
27778,Katharine Isabelle
27778,sister
27778,werewolf
27778,werewolves
32743,japanese horror
60408,Dany Boon
62553,based on a book
62553,Bees
62553,coming of age
89028,folklore
93208,disney
101074,Disney
109191,period piece
115819,short
115819,steampunk
128594,transgender
131920,adventure
131920,good acting
131920,roadtrip
131920,woman director
145080,mystery
147142,camp counselors
147142,holiday camp
147142,summer camp
88069,bollywood
798,disaster film
798,suspense
95311,Pixar
88,comedy
272,England
354,baseball
408,rodeo
611,horror
991,Ireland
1647,crime
1866,comedy
2325,comedy
2587,comedy
2587,prison
2736,comedy
3117,civil war
3117,war
3158,China
3899,crime
3919,horror
4149,comedy
4407,El Salvador
4594,World War II
4735,sci-fi
5009,biography
5009,boxing
5011,World War II
5041,fantasy
5423,crime
5582,comedy
5636,comedy
5636,crime
5636,heist
5899,true story
5899,war
5901,drugs
6201,england
6517,baseball
6523,baseball
6572,heist
6679,documentary
6797,mafia
6797,organized crime
7005,comedy
7005,england
7193,comedy
8093,Korean
8939,sci-fi
26695,organized crime
27420,sci-fi
27793,aliens
27793,sci-fi
27793,war
27816,war
27816,World War II
32058,courtroom
32515,Nicaragua
32515,war
48319,war
48319,World War I
56379,documentary
61257,documentary
63179,Japan
65359,fantasy
66335,anime
68959,anime
70565,comedy
71550,high school
73488,Japan
80162,French
80162,zombies
82053,true story
86628,organized crime
93443,hockey
5569,rape
5925,rape
26629,campy
101074,halloween
126088,christmas
126088,christmas special
302,16th century
302,costume drama
302,lives of women
302,massacre
2325,comedy
3692,cult film
3692,gore
3692,mutation
74095,adult animation
74095,anime
74095,nudity
63853,Too Long
5943,Romance
162590,Love triangle
162590,Romantic
58975,horror
58975,Nudity (Topless)
115828,melancholic
82499,happy ending
82499,optimistic
82499,quirky
82499,romance
82499,sweet
3452,fight scenes
3452,Jet Li
45726,Owen Wilson
3830,Cult classic
50792,Jennifer Garner
82093,Unpredictable
3694,splatter
59985,Emily Mortimer
1427,airplane
2170,Leslie Nielsen
2170,spoof
49276,Dylan Baker
57951,Matthew McConaughey
13,animation
313,animation
313,classic
3991,Disney
3991,dogs
6006,Ashton Kutcher
6006,Brittany Murphy
6158,animation
6158,based on a book
6158,Disney
43869,animals
43869,animation
43869,based on a book
43869,family
103755,animation
110130,animation
110130,fun
110130,talking animals
110130,teamwork
121099,animation
121099,Disney
121099,dog
121099,sequel
126921,animals
126921,animation
126921,Disney
126921,friendship
126921,sequel
138702,cute
138702,dog
138702,love
146662,animation
146662,dragons
158830,based on a book
160573,adventure
160573,Bryce Dallas Howard
176389,animation
176389,sequel
176389,talking animal
26712,The Up Series
52767,The Up Series
101070,feminist
101070,Islam
101070,muslim
101070,strong female character
42730,emotional
100882,Comedy
100882,Martial Arts
100882,Romance
100882,Silly
335,film noir
335,suspense
335,twists
2870,New York
2870,New York City
4476,Bette Midler
2306,Jeff Goldblum
31162,biopic
31162,comedy
31162,drama
419,television
89090,fashion
89090,photography
47793,mumblecore
47793,relationship drama
47793,relationships
4338,Slow start
7395,Rough ending
33237,Only gets the full 5 stars if viewed at the Castro Theater
321,repression
574,disturbing
1897,beautiful
1897,drugs
1897,sad
2563,feminist
2563,flat
2563,idealized
2563,In English (should be Italian)
3046,coming of age
3046,feel-good
3079,Artistic Take
3117,bad acting
3117,flat
3185,beautiful
3185,cinematography
3185,love story
3185,social commentary
3185,Underrated
3502,death
5011,English instead of subtitles
5011,flat
5011,scenic
5011,unrealistic
5415,book is better
6060,cute
6811,Wesleyan University
7177,Afghanistan
7177,cinematography
7177,disturbing
7177,Gender Issues
7615,book is better
7745,cinematography
7745,little plot development
7745,poor character development
27878,documentary
27878,India
31427,Disturbing
43333,cinematography
43333,gender issues
49910,problematic
59440,bad acting
81512,cinematography
128594,transgender
4466,Aikido
4466,Steven Seagal
5420,encryption
7131,conservatism
425,Oscar (Best Actress)
921,actors
921,comedy
1683,Nudity (Topless - Notable)
2038,cats
2038,disney
2038,space ship
2038,UFO
2069,geraldine page
2069,golden years
2069,Oscar (Best Actress)
2069,road trip
2070,Oscar (Best Actor)
2070,oscar (best original screenplay)
2084,Christian Bale
2102,disney
2227,silent
2227,silent film
3054,animation
3345,animals
3345,disney
3447,Oscar (Best Actress)
3528,barbra streisand
3808,Oscar (Best Actress)
3808,Sophia Loren
4241,anime
4464,Oscar (Best Supporting Actress)
4480,remake
5353,blindness
6178,black and white
6178,blindness
6477,Oscar (Best Actress)
6516,Oscar (Best Actress)
6912,broadway
6912,dancing
6912,fred astaire
6912,Rita Hayworth
7078,Oscar (Best Actress)
8044,pre-code
8094,John Sturges
8331,Bette davis
8424,oscar (best actress)
8458,Oscar (Best Actress)
8461,katharine hepburn
8461,whitewashing
8463,jane wyman
8463,Oscar (Best Actress)
8580,Bernadette Peters
8580,filmed on stage
8580,joanna gleason
8617,elizabeth taylor
8617,Oscar (Best Actress)
8718,electric shock therapy
8718,mental illness
8796,musical
8796,stephen sondheim
8920,alcoholism
8920,bing crosby
8920,grace kelly
8921,Oscar (Best Actress)
8978,conformist
8978,horrible
8978,not funny
25826,black and white
25826,comedy
25826,jean harlow
25865,bette davis
25906,bette davis
80748,pre-code
80748,weird
96411,south park
128832,anna kendrick
128832,jeremy jordan
128832,musical
141799,bad direction
141799,bad writing
141799,elementary school
168712,bad
177939,anime
177939,drinking
177939,night life
178111,anime
178111,fireworks
50740,children
50740,dialogue
94810,artificial intelligence
115819,steampunk
4921,adapted from:book
4921,author:Louisa May Alcott
6041,disturbing
6041,intelligent
6041,trash
8158,cops
8158,drugs
8755,influences
8755,martin scorsese
893,adapted from:book
893,romance
893,World War II
8494,Steve McQueen
5938,twists
4774,crime
4774,family
5106,high school
7193,explosions
95720,aliens
1049,adventure
1049,Africa
109850,action
9,Jean-Claude Van Damme
78,Jack Nicholson
78,Sean Penn
92,John Malkovich
100,Al Pacino
191,Gary Oldman
205,John Turturro
259,Samuel L. Jackson
270,Ennio Morricone
301,Japan
301,Toshiro Mifune
305,Forest Whitaker
315,Sylvester Stallone
324,Russell Crowe
338,Russell Crowe
354,Tommy Lee Jones
389,Gerard Depardieu
423,Forest Whitaker
423,Tommy Lee Jones
425,Tommy Lee Jones
426,Forest Whitaker
458,Gene Hackman
494,Steven Seagal
505,Nostalgia Critic
544,Bruce Willis
567,Pedro Almodovar
617,Pedro Almodovar
634,Nostalgia Critic
650,Morgan Freeman
697,Keanu Reeves
704,Jean-Claude Van Damme
704,Roger Moore
725,Samuel L. Jackson
760,World War II
765,Francis Ford Coppola
765,Robin Williams
798,Sylvester Stallone
810,Nostalgia Critic
885,Gerard Depardieu
990,Jean-Claude Van Damme
1003,Gene Hackman
1004,Steven Seagal
1040,Gerard Depardieu
1114,Christopher Walken
1126,Nostalgia Critic
1349,Klaus Kinski
1351,Jack Nicholson
1382,Steven Seagal
1426,Nostalgia Critic
1429,Jackie Chan
1440,Nicolas Cage
1440,Samuel L. Jackson
1465,Don Cheadle
1498,Joaquin Phoenix
1549,Russell Crowe
1599,Nostalgia Critic
1626,Steven Seagal
1627,Joaquin Phoenix
1627,Oliver Stone
1655,Nostalgia Critic
1679,Nostalgia Critic
1687,Bruce Willis
1752,Morgan Freeman
1812,M. Night Shyamalan
1858,Jackie Chan
1881,Nostalgia Critic
2036,Nostalgia Critic
2094,Timothy Dalton
2162,Nostalgia Critic
2166,Joaquin Phoenix
2196,Jean-Claude Van Damme
2243,Jack Nicholson
2280,Joaquin Phoenix
2304,Daniel Craig
2373,Ennio Morricone
2373,Nostalgia Critic
2401,Clint Eastwood
2417,Jack Nicholson
2469,Francis Ford Coppola
2469,Nicolas Cage
2477,Chuck Norris
2561,Clint Eastwood
2605,Sean Connery
2630,Bernardo Bertolucci
2670,submarine
2742,Gerard Depardieu
2769,Joaquin Phoenix
2807,Jean-Claude Van Damme
2822,Sean Connery
2837,Hugo Weaving
2848,Orson Welles
2861,Sam Raimi
2879,Jackie Chan
2880,Jackie Chan
2889,Russell Crowe
2956,Ridley Scott
2961,Bruce Willis
3003,World War II
3029,Sylvester Stallone
3115,Philip Seymour Hoffman
3130,Brian De Palma
3130,Bruce Willis
3130,Morgan Freeman
3141,Jack Nicholson
3143,Toshiro Mifune
3158,China
3167,Jack Nicholson
3196,World War II
3268,Sylvester Stallone
3372,World War II
3426,Samuel L. Jackson
3431,Menahem Golan
3433,Menahem Golan
3434,Menahem Golan
3444,Jean-Claude Van Damme
3444,Menahem Golan
3513,Samuel L. Jackson
3513,Tommy Lee Jones
3536,Edward Norton
3557,John Malkovich
3557,Lance Henriksen
3590,Sylvester Stallone
3632,Charlie Chaplin
3640,Charlie Chaplin
3643,World War II
3758,Christopher Walken
3766,Chuck Norris
3766,Menahem Golan
3767,Chuck Norris
3767,Menahem Golan
3768,Chuck Norris
3768,Menahem Golan
3810,Samuel L. Jackson
3861,Gene Hackman
3893,Morgan Freeman
3895,Keanu Reeves
3906,Gene Hackman
3906,Morgan Freeman
3950,Colin Farrell
3952,Gary Oldman
3998,Russell Crowe
4042,John Wayne
4043,Christopher Walken
4111,Francis Ford Coppola
4113,John Malkovich
4131,John Malkovich
4152,Gerard Depardieu
4164,Samuel L. Jackson
4200,Jean-Claude Van Damme
4224,Steven Seagal
4265,Sylvester Stallone
4338,World War II
4353,Gene Hackman
4353,Vietnam War
4397,Jackie Chan
4407,Oliver Stone
4444,Chuck Norris
4466,Steven Seagal
4473,Gene Hackman
4473,Vietnam War
4484,Gerard Depardieu
4488,Don Cheadle
4488,Sean Penn
4502,Nostalgia Critic
4506,Ennio Morricone
4565,Menahem Golan
4572,Ridley Scott
4577,Brian De Palma
4577,Sean Penn
4577,Vietnam War
4580,Albert Pyun
4580,Jean-Claude Van Damme
4580,Menahem Golan
4611,Lance Henriksen
4611,Morgan Freeman
4614,Jean-Claude Van Damme
4616,Morgan Freeman
4624,Peter Jackson
4628,Francis Ford Coppola
4673,Sylvester Stallone
4677,Tom Hanks
4683,Nostalgia Critic
4690,Francis Ford Coppola
4704,John Wayne
4710,John Wayne
4714,Clint Eastwood
4727,Christian Bale
4727,Nicolas Cage
4748,Nostalgia Critic
4771,Keanu Reeves
4789,Brian De Palma
4803,Clint Eastwood
4812,Joaquin Phoenix
4911,Terry Gilliam
4916,World War II
4946,Chuck Norris
5095,Christopher Walken
5177,Orson Welles
5202,Gerard Depardieu
5212,Chuck Norris
5220,Robert De Niro
5282,Morgan Freeman
5338,Gene Hackman
5339,Liam Neeson
5440,John Wayne
5455,John Malkovich
5504,Robert Rodriguez
5506,Clint Eastwood
5538,Nostalgia Critic
5597,Nostalgia Critic
5615,Werner Herzog
5621,Jackie Chan
5678,Samuel L. Jackson
5741,Gerard Depardieu
5809,Brian De Palma
5876,Michael Caine
5899,Michael Caine
5915,Sylvester Stallone
5919,Klaus Kinski
5965,Ridley Scott
6002,Philip Seymour Hoffman
6067,Colin Farrell
6078,Clint Eastwood
6125,not a movie
6143,Peter Sellers
6145,Klaus Kinski
6181,American Civil War
6216,World War II
6219,Tommy Lee Jones
6238,Gerard Depardieu
6285,Morgan Freeman
6319,Gerard Depardieu
6337,Philip Seymour Hoffman
6422,American Civil War
6424,Sylvester Stallone
6428,Clint Eastwood
6428,Ennio Morricone
6452,Orson Welles
6476,Wolfgang Petersen
6560,Gene Hackman
6566,Robert Rodriguez
6577,Albert Pyun
6595,Colin Farrell
6595,Samuel L. Jackson
6614,Keanu Reeves
6721,wuxia
6722,wuxia
6723,wuxia
6797,Ennio Morricone
6800,Menahem Golan
6800,Sylvester Stallone
6804,Sam Raimi
6814,Clint Eastwood
6883,Daniel Craig
6899,Albert Pyun
6899,Menahem Golan
6950,Ron Howard
6950,Tommy Lee Jones
6998,Tommy Lee Jones
7016,Menahem Golan
7016,Sylvester Stallone
7037,Pedro Almodovar
7073,Peter Sellers
7108,Jackie Chan
7109,John Malkovich
7294,Gene Hackman
7381,Bruce Willis
7450,Pierce Brosnan
7477,Sylvester Stallone
7636,Brian De Palma
7704,Chuck Norris
7704,Menahem Golan
8118,Chuck Norris
8118,Menahem Golan
8542,Marx Brothers
8577,Oliver Stone
8905,Gerard Depardieu
8905,Ridley Scott
8908,Joaquin Phoenix
8968,Don Cheadle
8968,Pierce Brosnan
25999,Marlon Brando
26002,Orson Welles
26059,Tatsuya Nakadai
26095,Jean-Luc Godard
26195,Jean-Luc Godard
26265,Vincent Price
26359,Bernardo Bertolucci
26359,Gerard Depardieu
26359,Robert De Niro
26527,Pedro Almodovar
26696,Jean-Claude Van Damme
26704,Gary Oldman
26792,Chuck Norris
26792,Nostalgia Critic
26828,Nostalgia Critic
27408,John Malkovich
27689,Jean Reno
30846,Don Cheadle
31083,Jack Nicholson
31116,World War I
31427,Robert De Niro
31553,Nostalgia Critic
31867,Tommy Lee Jones
32029,Bruce Willis
32058,Gene Hackman
33312,Marx Brothers
34018,Marx Brothers
36537,Keanu Reeves
37211,Marx Brothers
38992,Al Pacino
40955,Liam Neeson
43908,Jason Statham
43912,Samuel L. Jackson
43936,Bruce Willis
44189,Colin Farrell
45208,Robin Williams
45382,Edward Norton
48319,World War I
48593,Christopher Walken
61348,not funny
61697,Al Pacino
62299,Bollocks
5501,childish behavior
50796,arranged marriage
50796,artist
50796,cartoonist
181719,based on a true story
181719,based on real person
181719,gay rights
181719,human rights
181719,inspired by a real-life person
2069,1940s
6201,England
6201,good end.
6201,scheming minister
2512,cannes
5943,cheesy
5943,cliché
5943,corny
6107,Cannes
6786,Cannes
6786,homosexuality
53453,ridiculous
53453,so bad its good
104875,aliens
104875,love
104875,music
140561,funny
140561,sensitive
140561,witty
86028,Vera Farmiga
91628,feel-good
128594,romance
128594,transgender
55729,Indie
417,watch
405,immortality
611,hell
694,revenge
1810,courtroom
3877,superhero
3889,immortality
3919,hell
4502,Christmas
4777,black and white
4777,space
5735,disturbing
5736,disturbing
5949,gambling
5949,organized crime
27905,Dynamic CGI Action
82534,corporations
60735,Jeff Nichols
60735,Rural Noir
5668,Alison Lohman
5668,Coming Of Age
5668,Foster Home
5668,Michelle Pfeiffer
8677,movie serial
4000,Mel Gibson
30822,advertising
30822,business
4355,Hockey
4203,Buddy movie
151501,#thriller #suspense #disjointed #boring
164655,legend
164655,music
164655,rock
164655,rockstar
164655,rockumentary
3037,cute
2606,Nudity (Topless)
3534,Sandra Bullock
8869,lying
27826,Asian culture
27826,coming out
27826,gay
27826,gay relationship
45361,ghost
55451,Hugh Dancy
79572,Cute
79572,Family
79572,lighthearted
79572,sisterhood
79590,Bad Date
79590,comedy
79590,nanny
86817,cheating
86817,John Krasinski
86817,lying
86817,new york
88785,nudity
88785,Nudity (Topless - Brief)
88785,R:nudity
101529,magical object
114925,Ryan Reynolds
115828,Copenhagen
115828,Denmark
151739,sex comedy
4727,Christian Bale
4727,love story
2179,cold war
2179,espionage
2179,spy movie
2187,film noir
2201,courtroom
3171,kitchen sink realism
3531,art
3531,independent film
3965,film noir
4191,kitchen sink realism
4426,film noir
4426,macguffin
4496,neo-noir
4496,remake
4687,kitchen sink realism
4978,intertwined
4978,intertwining storylines
5434,film noir
5915,football
6241,Comedies and Proverbs
6644,Comedies and Proverbs
6644,improvised
6644,talky
6837,tear jerker
7219,femme fatale
7219,film noir
7306,corrupt politician
7306,corruption
7306,politics
7826,daydreaming
8512,silent movie
8512,tribute to silent cinema
8771,Sherlock Holmes
8771,train
26002,film noir
26225,Moral Tales
31973,Italian neorealism
32917,breaking the fourth wall
42176,banned film
42176,banned movie
42176,eastern europe
42176,political
42176,totalitarian state
56022,based on a book
56022,Kurt Vonnegut
68872,Italian neorealism
130482,femme fatale
130482,film noir
6070,erotic movie
27124,brutality
27124,Nicolas Winding Refn
1760,Roger Moore
7440,on hold
36537,on hold
3276,comedy
3276,Liam Neeson
3276,mafia
3276,Sandra Bullock
6067,Kevin Spacey
77364,Idris Elba
85020,assassin
85020,Jason Statham
129937,Liam Neeson
32600,art house
104925,dog
104925,goodfellas
219,coming of age
33826,coming of age
49,lesbian
2861,baseball
8918,lesbian
148,catchy
76030,psychological
4,characters
4,chick flick
55,musicians
73,adapted from:book
73,author:Victor Hugo
81,Recommendz Top Pick
85,Nudity (Full Frontal - Notable)
144,Irish
183,Moscow
183,mute
183,Nudity (Topless)
183,Russia
190,environment
190,environmental
201,1950s
201,Can't remember
201,Korean War
201,Little League
201,widows/widowers
237,basketball
328,Nudity (Topless)
338,Peter Gabriel music
348,1930s
348,Broadway
348,John Cusack
348,Miramax
363,Biography
363,documentary
363,FILMMAKING
363,German
363,Holocaust
472,Albert Brooks
472,child actor
472,director-screenwriter
472,father daughter relationship
472,Hollywood
496,loneliness
496,New York City
496,Sundance award winner
496,Sundance Grand Jury Prize
496,Sundance Grand Jury Prize 1994
556,Bill Clinton
685,AIDS
685,assisted suicide
685,friends
685,friendship
685,gay
982,melodrama
994,1950s
1013,acting
1013,Bechdel Test:Pass
1041,Golden Palm
1123,cinematographer:Nick Doob
1123,consultants
1123,David Van Taylor
1123,election
1126,imaginary friend
1126,Minnesota
1171,campaign manager
1171,politicians
1189,Edgar Award (Best Motion Picture)
1306,Futuristmovies.com
1310,business
1310,community
1310,grunge
1310,music
1310,music business
1365,sex
1395,forgettable
1395,relationships
1395,salespeople
1437,Andrew Birkin
1437,coming of age
1581,Martha Coolidge
1593,wedding
1605,Alicia Silverstone
1605,Benicio Del Toro
1605,Can't remember
1605,Christopher Walken
1631,spies
1677,adapted from:book
1677,author:Richard Dooling
1677,black comedy
1677,euthanasia
1677,hospital
1683,Henry James
1810,adapted from:book
1845,Ben Stiller
1845,Bill Pullman
1845,blackmail
1845,eccentricity
1856,conspiracy
1856,drugs
1856,heroin
1856,musicians
1856,Nirvana
1914,Native Americans
2038,Disney
2094,based on comic
2104,author:S.E. Hinton
2104,based on a book
2104,Emilio Estevez
2104,Matt Dillon
2112,like-i-like top pick
2112,Social Drama
2155,1970s
2155,adolescence is hell
2155,class issues
2165,Neil LaBute
2165,screenwriter:Neil LaBute
2188,like-i-like top pick
2243,AFI 100 (Laughs)
2252,redemption
2261,Demi Moore
2264,ESCAPE FROM PRISON
2265,black comedy
2265,Pennsylvania
2349,Criterion
2349,prostitution
2408,sequel
2457,Jinni Top Pick
2463,Bette Midler
2473,C. Thomas Howell
2512,19th century
2690,adapted from:play
2693,celebrities
2693,costumes
2752,acting
2852,Edgar Award (Best Motion Picture)
2906,infidelity
3007,Chris Smith
3045,AIDS
3045,England
3045,reunion
3046,coming of age
3142,black and white
3142,concert
3158,historical
3183,Religion
3211,Australia
3374,1900s
3374,african american
3374,family
3374,Gullah
3394,alcohol abuse
3422,african american
3538,1970s
3538,adapted from:play
3538,British
3538,cultural clash
3538,FilmFour
3622,Russia
3672,affection
3672,benji
3672,director-screenwriter
3712,television
3715,adapted from:book series
3715,author:Lawrence Block
3715,screenwriter:Hugh Wilson
3715,screenwriter:Jeph Loeb
3715,screenwriter:Matthew Weisman
3716,drugs
3719,adapted from:play
3719,Alicia Silverstone
3719,Kenneth Branagh
3731,Edgar Award (Best Motion Picture)
3773,african american
3893,Chris Rock
3952,politics
3952,Vice President
3989,1970s
3989,anti-Semitism
3989,archive footage
4024,adapted from:book
4024,author:Edith Wharton
4024,screenwriter:Terence Davies
4078,US President
4116,Los Angeles
4117,World War II
4181,movie business
4237,TIFF Top 30 of the 2000s
4285,acting
4354,bad cop
4354,home invasion
4392,New York City
4407,El Salvador
4410,Criterion
4410,Edgar Award (Best Motion Picture)
4444,kung fu
4444,martial arts
4464,adapted from:book
4478,based on a play
4478,Biloxi
4478,boot camp
4478,gay soldiers
4484,artist
4518,author:Bram Stoker
4518,director-screenwriter
4535,1890s
4537,drama
4537,River Phoenix
4573,director-screenwriter
4573,Louisiana
4573,Nudity (Topless)
4573,politics
4587,California
4587,Robby the Robot
4589,adapted from:book
4589,author:P. F. Kluge
4589,musicians
4591,it has Eartha Kitt - so that cancels any cheesiness
4599,biopic
4599,Dennis Quaid
4673,Anamorphic Blow-Up
4673,Jack Palance
4673,Kurt Russell
4673,Nudity (Topless - Brief)
4733,adultery
4733,alter ego
4748,karate
4782,forgettable
4782,New York City
4782,video store
4971,defection
5077,revenge
5114,FilmAffinity top pick
5214,based on a book
5224,movielens top pick
5267,ESPY award
5279,19th century
5279,biopic
5279,classical music
5339,Liam Neeson
5346,Brazil
5346,Jacqueline Bisset
5346,Notable Nudity
5358,19th century
5358,70mm blowup
5358,Africa
5358,History
5358,Kenya
5450,women
5460,2D animation
5460,adapted from:TV series
5553,Edgar Award (Best Motion Picture)
5596,Can't remember
5643,Criterion
5643,environment
5643,G
5650,adapted from:TV series
5817,denial
5817,Toronto
5896,Bechdel Test:Pass
5961,female heroine
5961,New York City
5961,police
5968,thief
6203,homeless
6203,Los Angeles
6203,MGM
6204,Robert Townsend
6204,superhero
6238,immigrants
6266,father daughter relationship
6279,gambling
6308,Brian Dennehy
6308,lawyers
6320,Bette Midler
6320,mall
6320,movie theatre
6368,Angela Christlieb
6368,Can you dislike these people after all
6368,quirky subculture
6424,John Landis
6476,adapted from:book
6476,author:Richard Neely
6561,anti-war
6561,nuclear weapons
6561,Peter Sellers
6561,satirical
6566,Austin
6566,sequel
6574,New York City
6574,Seen 1991
6595,action
6595,police
6614,Keanu Reeves
6671,biopic
6684,1910s
6772,16mm
6788,Brooklyn
6788,childbirth
6788,Geena Davis
6788,James Gandolfini
6788,pregnancy
6918,adapted from:book
6918,Apu trilogy
6918,BFI classic
6974,quirky
6989,Brian Dennehy
6998,mother daughter relationship
6998,psychology
7005,england
7005,royalty
7005,Universal
7016,70mm blowup
7026,Kirstie Alley
7032,Claudio Brook
7032,forgettable
7032,Mexico
7032,produced by star
7032,revenge
7073,suspicion of murder
7086,Janus 50
7304,classical music
7348,Classical Studies
7450,chemistry
7450,Ireland
7730,nostalgia
7756,13th Century
7756,baby killing
7756,battle
7786,movielens top pick
7986,robots
7986,Seen 1990
7988,PG-13:sci-fi action violence
8270,1940's
8270,devotion
8364,adapted from:book
8364,author:Melvin Van Peebles
8364,based on a true story
8755,movielens top pick
8836,not thrilling at all
8836,remake of a french film
26472,culture clash
26472,rats
26686,Bill Cosby
26694,Yimou Zhang
26712,wikilens top pick
26732,director-screenwriter
26732,Roberto Benigni
26838,based on a book
26838,Catholicism
27879,movielens top pick
31114,Jinni Top Pick
31116,netflix top pick
36477,accountants
36477,Brooklyn
36477,easily confused with other movie(s) (title)
36477,geologists
36477,left at the altar
39449,Bryan Greenberg
39449,Jews
39449,May-December romance
39449,New York City
50158,PG-13:some sexual material
55451,adapted from:book
55687,Amir Bar-Lev
55687,art
55687,art gallery
55687,child prodigy
55687,childhood
71902,Anne Heche
71902,Ashton Kutcher
71902,Bechdel Test:Fail
71902,frog
94503,actress
94503,author
118198,PG-13: some disturbing images and thematic material
131656,PG:rude humor
106889,documentary
106889,human focus
2314,based on a book
2314,Drama
2314,Horror
31116,WWI. pacificsm
32022,iraq
32022,military
45106,satire
45221,gymnastics
237,4
276,4
362,5
93297,military
2634,Hammer Film Productions
2652,Hammer Film Productions
7900,Hammer production
932,Cary Grant
2179,hitchcock
3906,Costa Rica
5490,comedy
5490,spoof
5490,stockard channing
34148,French
34148,Paris
34148,Piano
34148,real estate
56908,Billy Crudup
56908,Bob Balaban
56908,Dianne Wiest
60943,smuggling
86487,mini series
4333,twisted
6078,Cold War
6078,really bad
5522,dystopia
351,death of a parent
351,family
351,housekeeper
4386,cats
4386,dogs
4386,evil scientist
5092,Amanda Bynes
5092,making movies
5092,plagerism
5092,pranks
5092,slapstick
7262,bank robbery
36397,animals
36397,animation
40962,family
150696,Climate Change
150696,Economics
150696,Education
150696,environment
150696,Food Production
3938,bland characters
3938,Nudity (Rear)
6410,boring
6410,disco
6410,Joel Schumacher
6410,no plot
6410,No plot!!!
6679,computers
4293,John Candy
31433,wedding
59333,wedding
78264,romantic comedy
3816,Argentina
4,girl movie
2598,meh
468,past
2043,1800s
2043,Irish
129659,overcoming adversity
2837,Hugo Weaving
320,identity
999,California
999,murder
2027,parody
2170,parody
2170,product placement
2195,romance
2381,police
4149,comedy
4149,product placement
4149,romance
4452,organized crime
4452,USA
4850,anime
5348,movie business
5397,chemistry
5397,comedy
5397,science
5636,comedy
5636,heist
6119,Christmas
6119,dark comedy
6119,France
6579,Berlin
6579,Cold War
6579,communism
6814,gunfight
6814,USA
7048,buddy movie
7048,comedy
7048,product placement
7048,USA
7048,watch the credits
7075,England
7075,medieval
7833,Nick and Nora Charles
8117,anti-hero
8117,brother-brother relationship
8117,dark comedy
8933,dialogue driven
26183,ancient civilization
27022,USA
27369,teen
27716,dark comedy
27716,Denmark
31150,fantasy
31150,good versus evil
53460,Sony Pictures Animation
55207,easily confused with other movie(s) (title)
59014,parody
59014,superhero
63515,monastery
63515,Russia
64249,Shrek franchise
80834,blender
80834,dragons
85020,assassin
85354,based on a true story
85354,robbery
91353,adventure
91353,antiquity
91353,Asterix
91353,Gaul
91353,romance
91488,snowman
91488,surreal
93022,dark comedy
93022,executive
93022,murder
93022,serial killer
93022,workplace
96608,Disney
96608,Mickey Mouse
96608,short film
97168,reggae
109941,cats
109941,fantasy world
109941,short
109941,Shrek franchise
110773,crude humor
110773,haunted house
113374,birds
115819,dogs
115819,robots
117368,Christmas
117368,short
117922,Christmas
117922,Ice Age franchise
117922,Santa Claus
117922,short
128991,animation
128991,comedy
129397,USA
130518,USA
130842,short
131656,Aardman
131656,talking animals
132362,anime
132362,Japan
135456,anime
135456,cyberpunk
146684,animals
146684,animation
146684,comedy
146684,Ice Age franchise
146684,Scrat
151781,anime
151781,Ghost in the Shell
151781,Japan
5607,Argentina
5607,millenial foreign comedies to see
5607,R
8530,courtroom
93502,boring
93502,BORING!
99030,really wrong
68932,Jamie Foxx
2259,beach
2259,sex comedy
2259,travel
2259,vacation
2883,psychology
2889,hockey
5267,baseball
31445,bad luck
31445,easily confused with other movie(s) (title)
31445,independent film
53460,fun
53460,mockumentary
74791,stop motion
74791,surreal
74791,whimsical
93443,sports
96935,afterlife
96935,comedy
96935,ghost
96935,haunting
96935,hong-kong
111663,funny
127390,Family Guy
127390,parody
127390,Star Wars
5238,dialog
5238,John Sayles
5238,old friends
7122,anti-war
7122,Genevieve Bujold
7122,quirky
1727,horses
4709,adventure
4709,Clint Eastwood
4709,Lee Marvin
283,great soundtrack
63312,dark
40,disk
2883,to-rent
4116,to-rent
4871,to-rent
5947,disk
6442,disk
8121,disk
37739,to-rent
43708,to-rent
662,Alyssa Milano
662,controlling
662,Mark Wahlberg
662,obsessive boyfriend
1330,accident
1330,friendship
1330,pranks
1330,twist ending
5012,Judaism
6308,art
6308,unfocused
7366,Ben Affleck
7366,cute
8870,abduction
49910,based on a true story
49910,high school
49910,teacher
91323,mindless
91628,feel-good
91628,New York City
92048,based on a true story
92048,corruption
92048,cover up
92048,intense
92938,mindless
92938,Superhero
8189,French
81158,afghanistan
81158,documentary
6687,comedy
6687,funny
45726,adult
57951,Alexis Dziena
58655,bullying
58655,feel good
58655,high school
58655,Leslie Mann
58655,Owen Wilson
69069,camp
69069,cheerleading
69069,Eric Olsen
69069,football
74154,chick flick
74154,Danny DeVito
74154,Dax Shepard
87483,acting
87483,Clark Gregg
128975,time travel
133545,closet homosexual
160567,Anna Kendrick
1429,Lots of fighting
2141,Cartoon
45106,Hugh Grant
45106,Mandy Moore
50806,Very funny!
101072,good acting
2984,motorcycle
3653,surfing
3653,travel
213,russian
213,Russian communist tragedy
4815,anthony hopkins
4821,Leelee Sobieski
4821,stalker
143458,plot twist
61348,bullshit
1331,not a horror
6804,really cheesy.
6804,Sam Raimi
6804,slapstick
61073,Dennis Hopper
4180,girls in prison
4180,spoof
4180,sybil danning
4180,wendy o williams
7704,special forces
43,historical
272,revolution
82534,family
82534,work
6119,black comedy
6994,comedy
6994,James Woods
6994,Michael J. Fox
6994,role reversal
26555,Chevy Chase
26555,Dan Aykroyd
26555,Russia
48342,Aaron Eckhart
48342,Helena Bonham Carter
48342,Romance
7176,Azita Rayeji
27689,Jean Reno
5522,thought-provoking
422,thriller
2097,dark
3230,nazis
3690,franchise
4068,high school
4300,politics
5434,tense
6371,franchise
7831,mystery
26078,politics
437,Chevy Chase
1914,coming of age
1914,directorial debut
1914,family bonds
3241,Buddhism
3241,buddhist monks
4237,AgnÃ¨s Varda
5059,Vietnam War
5059,werner herzog
5994,acting
5994,actors
6341,art
6341,Gretchen Mol
6341,paul rudd
6341,Rachel Weisz
7753,based on a book
8753,politics
8918,black comedy
8918,crazy family
26539,compassionate
26539,living in the past and the future
26539,success
33499,Wanda Sykes
33558,eskimoes
33558,nature
33558,plane crash
33558,realistic
33558,slow
42007,jennifer aniston
42007,Kevin Costner
43914,compassionate
48214,fear
53138,adventure
53138,archaeology
53138,Noah Wyle
54934,Will Arnett
56022,dystopia
69606,Matthew McConaughey
70305,AnnaSophia Robb
70305,based on a book
70687,Charlyne Yi
70687,hybrid of documentary and comedy
81791,Elle Fanning
86293,Russell Brand
95717,based on a book
95717,island
96726,Greta Gerwig
99574,competition
99574,environmental
103543,coming of age
103543,Kristen Bell
117511,awkward
117511,Stephen Merchant
129737,Drivel
129737,Nudity (Topless)
7096,music
7096,relaxing
77364,action
77364,Based on a comic book
81156,amazing stunts
81156,funny pranks
114184,iranian actor
129937,liam neeson
6583,Underrated
58291,college boys
58291,comedy
58291,romance
119218,based on a comic
119218,vigilante
119218,violent
5619,cia
6125,Gilliam
6252,Gwyneth Paltrow
67193,Clive Owen
67193,Julia Roberts
67534,bad story
3525,Neal Israel
3525,Nudity (Topless)
4845,Chris Kattan
144606,Dark Comedy
3756,Uma Thurman
6973,Richard Gere
130978,comedy
130978,retro
130978,romance
133716,comedy
133716,retro
133716,russian
154358,competition
4822,childhood classics
4822,funny
52668,Adam Brody
52668,breakup
183,suspenseful
761,enjoyable
982,based on a play
2491,charming
2775,immigration
2775,social realism
4815,boring
8650,adapted from:play
98239,implausible
98239,us propaganda
121469,entertaining
121469,slasher
121469,underrated gem
482,heist
482,Roger Avary
482,twist ending
1529,aliens
1529,sci-fi
1529,surreal
3235,Hunter S. Thompson
5700,MST3K
6746,B-movie
6811,college
7175,cinematography
7175,contrived
7175,product placement
7175,slick
27793,B-movie
27793,low budget
69251,dark comedy
69251,independent film
69251,superhero
90471,drugs
90471,lawyers
90471,true story
53326,horror
53326,original
1860,Underrated
4042,untruthful
4312,lukewarm
4312,pretentious
6192,twisted
6804,really cheesy.
93982,cheesy clues
93982,Poe
93982,serial killer
100397,short films
105211,happy ending
111551,director-starred
111551,good FX
111551,low budget
111551,POV
3840,the monster scared the shit out me when i was a kid
55946,Iraq War
58876,Iraq War
129313,absurd
129313,dream
129313,filmmaking
698,ohsoso
3235,ohsoso
6883,ohsoso
1189,Errol Morris
2380,franchise
2381,franchise
2382,franchise
4241,best pokemon movie
4241,Video game connection
6584,Woody Allen
26729,subgenre:MakingOf (movie)
52767,7n Up (series)
3768,I'd better not say what I think about this movie
51705,satire
1963,Woody Allen
27478,Sacha Baron Cohen
129313,absurd
4867,becoming an adult
81,underrated
68650,Jessica Biel
59814,insane
59814,weird
4748,karate
848,abandoned building
848,awol
848,death of a child
848,friendship
2236,accidental death
2236,based on a book
2264,cheating
2264,Christianity
2264,Comedy 
2264,crime
5876,Graham Greene
7104,Los Angeles
8982,adventure
8982,based on a book
8982,Beautiful story.
26578,Andrei Tarkovsky
26578,cinematography
26578,drama
97328,academia
97328,age difference
97328,attempted suicide
97328,books
97328,casual sex
4104,Jim Varney
4683,50000 on Double Dragon
4683,Nintendo
4683,Power Glove
4683,Super Mario Bros. 3
33629,90s
33629,Comedy
33629,Jack Black
33629,Rollerblading
33629,Seth Green
148956,Alison Brie
5707,ethics
5707,journalism
190,food
537,Notable Nudity
1933,Oscar (Best Picture)
1937,Oscar (Best Actor)
1948,Oscar (Best Picture)
2491,food
4113,Tennessee Williams
5083,Erotic
6452,Tennessee Williams
33672,skateboarding
51705,Audrey Tautou
97168,informative
97168,nostalgic
97168,peerless
154358,affirming
154358,amusing
154358,involving
161032,David Lynch
161032,Surreal
346,
3076,Old
3171,Old
4473,
4616,
6228,Old
6453,Old
7333,Old
7624,
33826,
36537,
47793,mumblecore
272,18th century
272,biopic
1946,Oscar (Best Picture)
2119,Comedy horror
2119,sentient machine
2119,stephen king
2148,absurd
2148,haunted house
2164,Let down
2614,killer robots
5543,bee
5543,eco-horror
5543,Michael Caine
5640,campy
5640,giant monster
111663,Bloody
111663,funny
111663,nudity (topless)
164540,injustice
3766,boring
3766,no energy
3767,better than first
3767,Drama
3768,chuck norris
4109,Christopher Young score
4109,Louise Fletcher
4492,Billy Zane
5361,alaska
5361,dog
5361,Ethan Hawke
5361,friendship
9005,D.B. Sweeney
9005,Henry Thomas
9005,Peter Berg
9005,Robert Patrick
34450,impressive stuntwork
34450,Jackie Chan
34450,martial arts
34450,mobster
973,acting
168712,erotic
26184,soviet classics
87867,talking animals
4473,Gene Hackman
158972,estranged daughter
158972,existential
158972,German
64114,christian
64114,problematic
64114,religion
129229,history
129229,vikings
1395,vendetta
68522,beautiful scenery
68522,camerawork
5213,christianity
5268,unique
7624,Matt Damon
96488,Music
6181,American Civil War
6181,based on a book
90943,systemic poverty
113532,australia
84942,bad acting
84942,cars
84942,poor plot
86293,Jennifer Garner
86293,Russell Brand
5873,boarding school
5873,competition
5873,private school
132362,1993
132362,action
127323,ethical
127323,robots
127323,simulation
956,screwball comedy
987,entirely dialogue
1422,conspiracy theory
1902,entirely dialogue
2661,mars
3929,marx brothers
4091,cheerleading
8796,marx brothers
79572,children
32011,werewolves
5915,football
5915,soccer
1475,16th century
1475,culture
1475,India
1475,sex
5633,Cate Blanchett
5633,corruption
5633,female lead
8335,old
55261,Ben Stiller
134095,animation
7074,Silent
49389,Silent
71999,silent
3637,Criterion
27563,Takashi Miike
20,money
171,AIDS
171,gay
219,AIDS
219,coming of age
219,gay romance
388,gay
492,mystery
896,1960s
896,algeria
896,algerian war
896,Andre Techine
896,colonialism
1117,France
1117,French Film
1365, Jean Rochefort
1365,Charles Berling
1365,French monarchy
1415,France
1415,French
1415,French Film
1735,coming of age
2071,AIDS
2071,disease
2071,epidemic
2202,history
2399,Christmas
4951,based on a book
4951,boys
4951,desert island
5059,Laos
5224,To See
5272,France
5272,French Film
5560,French
6339,France
6339,French Film
6339,Jean Rochefort
6515,1930s
6515,Bonnie and Clyde
6515,film noir
7624,cute boys
7624,Matt Damon
8605,France
8605,French Film
8938,cross dressing men
8938,gay kiss
8938,Gay Lead Character
26645,children
26645,delinquence
26645,France
26645,french comedy
26645,French Film
27768,Fabrice Luchini
27768,France
27768,French
32659,France
32659,french comedy
32659,French Film
33124,boys' school
51167,father-son relationship
51167,grandmother
51167,Istanbul
51167,Turkey
54617,bizarre ending
54617,disappointing
54617,France
54617,french comedy
54617,French Film
60046,China
60046,historical
60046,history
63808,France
71619,Audrey Tautou
71619,France
73681,classical music
73804,Alain Delon
81383,Romain Duris
104337,1960s
105954,adventure
108078,french comedy
108078,French Film
108078,new york
108078,Romain Duris
109241,France
109241,French
109241,French Film
109241,Laurent Lafitte
109241,Omar Sy
109313,France
109313,French
109313,French Film
109313,Gad Elmaleh
109313,gay
147142,easy to watch
173619,1980s
173619,Bordeaux
173619,France
173619,french comedy
4815,friendship
26340,classic
26340,humor
26340,Rene Goscinny
32243,good acting
32243,scandinavian
112334,documentary
112334,prodigy
26308,rutger hauer
3405,Criterion
3712,transphobia
94896,black comedy
97858,mary poppins
97858,the sound of music
106883,Christmas
151311,Danny DeVito
80572,beard
80572,Casey Affleck
80572,cocaine
80572,david letterman
85354,based on a book
4722,gay
110611,criminals
110611,neo-western
110611,Revenge 
110611,stylized
110611,Thriller 
3590,gangs
3708,Drew Barrymore
3708,pyrokinesis
6616,adventureous
6616,Jennifer Morrison
3768,chuck norris
2497,based on a book
2497,tear-jerker
27555,mockumentary
3566,christianity
6334,nudity (topless - notable)
3687,René Laloux
3687,science fiction
3687,surreal
3687,time travel
3687,VHS
26736,cult classic
26736,cult film
26736,gore
26736,outrageous gore
83601,psychadelic
83601,trippy
115203,cannabis
118930,stand-up comedy
7831,Myrna Loy
7831,William Powell
3879,china
3879,FBI
3879,Intrigue
3879,lone fighter
6280,drug trafficking
6280,mexico
6280,organised crime
7142,Jessica Alba
8835,actor
8835,celebrity
8835,journalism
8835,photographer
8835,revenge
8968,caribbean
8968,master thief
8968,retirement
43908,broken hart
87522,Julia Roberts
87522,second chances
87522,Tom Hanks
87522,turning life around
87785,bank robbery
87785,betrayal
87785,raid
87785,robbery
104760,action
104760,bank robbery
104760,cars
104760,kidnapping
104760,lone fighter
108188,cia
108188,economic war
108188,economy
130578,africa
157407,government corruption
157407,revenge
322,dark comedy
4625,time travel
109846,time travel
128975,time travel
3078,anti-semitism
3078,coming of age
3078,Interracial couple
3078,segregation
4537,fugitive
4537,River Phoenix
4537,Secret Identity
99638,kengo kora
99638,multiple stories
99638,music
99638,quirky
99638,rock
100843,black and white
109687,physics
78041,no plot
7142,dance
7142,feel-good
7142,motivational
76030,terrible-acting
93740,Ewan McGregor
93740,quirky
93740,romance
3889,DVD
4052,DVD
4396,DVD
4475,Want
5621,DVD
1687,amputation
3357,Russian
4788,Russian
5889,Russian
8025,Russian
61348,parody
7414,bank robbery
6332,campy
8335,heartbreaking
3951,In Netflix queue
98239,bad acting
96150,inequality
96150,social commentary
3096,remake
1005,sports
2042,sports
2567,San Francisco
49132,protest
68522,beautiful scenery
80858,dumb
5425,aviation
4438,Bruce Lee
151557,cliche characters
151557,good idea
151557,historical
151557,LGBT character
82684,no limits
63276,bromance
63276,fights
63276,Takashi Miike
1963,black comedy
433,short-term memory loss
558,dragon
2323,drifting
2323,New York City
2323,timothy speed levitch
2323,tour guide
61692,delta green
61692,practical effects
4442,katsomattomat
26696,redhead
68552,Alice Eve
68552,Depressing
68552,Nudity
2354,Based on a cartoon
219,coming of age
1437,coming of age
1437,incest
5237,military academy
112334,Aaron Swartz
322,dark comedy
322,revenge
445,parody
445,spoof
6614,Kevin Kline
6614,Tracy Ullman
77177,china culture
77177,nature
77177,wilderness
2491,silly
5675,psycho
139157,surya
139157,worst movie
47640,Just stupid
6482,words cannot explain how horrid this is
181,Nostalgic
181,Power Rangers
3945,anime
3945,Digimons
3945,Fucking Digimon
3945,Made my childhood
3945,very good
7657,Action
8814,Nostalgic Childhood
8814,Seth Green
72601,silly
72601,Stupid
72601,Timelines
72601,tnmt
84942,exploitation
91273,Boring
98239,Chris Hemsworth
112334,Justice
36537,Indie
4954,heist
801,wanting to be a writer
1014,Disney
1337,Scary Movies To See on Halloween
2141,Best Jewish Movies
2633,Scary Movies To See on Halloween
3599,Subscription
3725,Best Jewish Movies
3928,Scary Movies To See on Halloween
4091,80's
4966,Scary Movies To See on Halloween
5799,classic
6558,John Hughes
7826,Subscription
7839,Playlist
7993,Scary Movies To See on Halloween
8626,Scary Movies To See on Halloween
8712,Playlist
32060,Scary Movies To See on Halloween
152065,all time favorites
1431,silly fun
2380,comedy
31150,Bakshi
488,1960s
488,adultery
492,mystery
492,Woody Allen
1885,Don Roos
1885,love triangles
1885,pregnancy
1963,mockumentary
3544,better than expected
4263,alcoholic
4263,alcoholism
4263,rehabilitation
4263,secretary
4710,based on novel or book
5339,Best of Rotten Tomatoes: All Time
5962,could not finish
7055,Astaire and Rogers
7348,looks interesting -- plot
8713,musical
90769,media manipulation
121171,hockey
121171,Soviet Union
121171,sports
7096,art study
7096,artist
7096,artists
54185,artist
54185,artistic
144210,food
144210,wast
72224,bad humor
176805,race
107314,revenge
107314,twist ending
85261,adventure
85261,animation
5282,lawyers
5282,military court
5282,Morgan Freeman
7070,John Wayne
7348,better than expected
7348,conspiracy
7362,good idea but simple realization
34534,brothers
34534,family
34534,friendship
34534,Mark Wahlberg
77893,martial arts
77893,sacrifice
80880,Milla Jovovich
80880,Robert De Niro
91483,buddy movie
91483,hitman
92198,conspiracy
92198,Guy Pearce
92198,suprisingly clever
113849,assassin
127152,brainwash
173255,NORM
8982,Beautiful story.
6239,adventure
6239,fantasy
1769,realistic action
3444,fight scenes
57526,computer crimes
57526,hacking
73681,classical music
73681,concert
73681,orchestra
82534,business
109596,Alzheimer's disease
109596,nursing home
109596,old age
547,so bad it's funny
81156,crude humor
86014,kid boy
96283,kid boy
96283,naked boy in pool
96283,summer
121129,funny
6014,avi
6185,avi
6265,avi
7381,avi
7381,mob
8605,Cars
8605,France
27193,cars
27193,France
1150,anti-catholic
53974,stupid
107314,remake
146730,independent film
107412,feel-good
107412,russian classic
177939,anime
5988,bicycle delivery
5988,bicycling
5988,bike messengers
5988,kevin bacon
6582,kung fu
7304,animation
131610,Intersex
131610,Transgender
179427,comedian
179427,stand up
1401,civil rights movement
1401,racism
3816,Argentina
3816,Oscar (Best Foreign Language Film)
3816,the Dirty War
5685,Latino/Latina
7012,alternate reality
7012,Courteney Cox
7012,Jim Belushi
7012,Jon Lovitz
159976,Brazil
159976,soccer
179813,history
179813,jfk
179813,lbj
179813,politics
6721,kung fu
58107,choreography
58107,dance
58107,dance movie
58107,great choreography
58107,great soundtrack
95720,actually funny
31694,Bollywood
3405,history
1019,adapted from:book
113313,found footage
113313,hidden camera
113313,internet
7492,disturbed teenager
3998,Meg Ryan
3998,Russell Crowe
32029,Bruce Willis
78041,Ashton Kutcher
78041,Katherine Heigl
134326,Chelentano
2290,Brian
2290,Seth
5820,Dad
2822,Ei muista
5710,bud spencer
43936,jonossa
45183,jonossa
2605,heist
6249,homophobia
6249,worst films ever
64249,computer animation
534,C.S. Lewis
3125,Graham Greene
3324,Danny DeVito
81,Detroit
7581,classic
1646,mars
171,gay
59143,Documentary
59143,stand-up comedy
59143,Weed
1542,Ewan McGregor
94130,based on true events
94130,bullying
94130,social commentary
94130,social issues
94130,suicide
105211,divorcee
105211,Immature Adults
72603,Animation
72603,christmas
72603,Dreamworks
72603,Family
72603,holiday
128097,cynical
128097,cynicism
128097,dark comedy
2792,Lloydd Bridges
2792,parody
2978,affair
2978,artist
2978,gay
6337,gambling
8494,poker
46574,orgasm
48416,nerds
5999,metal
5999,metal soundtrack
4911,Gilliam
26184,Russian
107412,Leonid Gayday
127052,Leonid Gayday
140237,political
8755,influences
1011,probably saw this and loved it.
1862,Aliens
1862,Conception
1862,Giving Birth
2015,Fred MacMurray
8092,Bridget Fonda
8092,does not age well
43936,Bruce Willis
51666,Nudity (Full Frontal)
2263,religion
4787,mentor
26002,criminal
26002,espionage
26002,Europe
839,comic book
3563,comic book
112497,alcoholism
164540,injustice
164540,police
110773,satire
1007,acting
1007,Disney
1007,Disney studios
1007,don knotts
3031,Leslie Nielsen
3031,parody
3031,Spoof
5456,John Candy
5456,satire
5650,Based on a TV show
5650,beer
346,musicians
956,screwball comedy
8809,stupid but funny
8809,Sydney
109372,Boring
184,artsy
184,Peter Fonda
313,animation
320,identity
505,Bruce Willis
505,offensive
558,boring
879,creature feature
1329,blood vomit
1329,dracula
1330,accident
1771,Miguel Ferrer
1771,vampire
2123,death
2148,absurd
2148,cheesy
2148,funny
2346,Bechdel Test:Pass
2451,creature feature
2451,Demons
2451,Eye in Hand
2451,fun
2451,Hell
2514,Clancy Brown
2514,halloween
2553,Ã¼bermensch
2633,Boris Karloff
2634,atmosphere
2634,Christopher Lee
2634,Hammer Film Productions
2634,mummy
2661,aliens
2900,creature feature
2967,creepy kid
2967,domestic melodrama
2967,evil children
2992,based on a book
2992,Clive Barker
3024,Barbara Steele
3024,Creature Feature
3024,eco-horror
3024,Joe Dante
3024,piranha
3056,Adrien Brody
3056,buried alive
3056,escape artist
3056,masochism
3211,a dingo ate my baby
3394,80's
3400,ADHD
3674,dogs
3674,Greece
3708,child
3709,cat people
3709,cats
3709,Horror
3709,interesting premise
3709,Perfect Use Of Johnny & Santo's 1 Hit Wonder
3833,blues
3833,EXPERIMENTS GONE AWRY
3833,hubris
3838,Angus Scrimm
3838,retcon
3838,supernatural
3840,countryside
3840,demons
3840,Lance Henriksen
3872,Asylum
3872,cannibalism
3872,classism
3933,EXPERIMENTS GONE AWRY
3933,science
4541,Voodoo
4541,zombies
4572,nostalgic
4572,Tokyo
4689,blind
4689,Catherine Spaak
4689,Dario Argento
4689,Ennio Morricone
4966,50s sci-fi
4966,acceptance
5205,cannibalism
5205,dark comedy
5323,androids
5433,children
5433,Everett McGill
5433,wheelchair
5746,nightmare inducing
5746,Robert Englund
5746,tentacle rape
5755,keeps you guessing
5755,twist ending
5755,whodunnit
5771,Bechdel Test:Pass
5771,classic
5771,miners
5771,slasher
5961,Clancy Brown
5961,female heroine
5984,aestethic
5984,artsy
5984,based on a book
5984,BDSM
5984,Blindfold
5999,bad animation
6220,creature feature
6220,Crispin Glover
6517,easily confused with other movie(s) (title)
6746,"""based on true events"""
6746,B-movie
6746,cozy
6748,creepy
7646,Haunted house
7646,Stephen King
7930,BDSM
7930,BDSM gear
7930,cannibalism
8138,adultery
8138,mutants
8138,radiation
8500,Godzilla
8894,Creature Feature
8894,eco-horror
8894,killer whale
8894,main characters
26169,assassin
26169,hit men
26169,Seijun Suzuki
26169,sexual
26265,Egypt
26523,breasts
26523,breasts=death
31114,Sigourney Weaver
32011,Milo Ventimiglia
32011,werewolves
39801,Chiaki Kuriyama
39801,demons
39801,youkai
40955,based on a book
40955,Cillian Murphy
63768,brother-brother relationship
63768,brothers
63768,runaway
63768,Seijun Suzuki
63768,visually appealing
84799,death
84799,immortality
84799,scientist experiments on self
140133,chainsaw
140133,comedy
140133,film noir
140133,film noir spoof
140133,gore
113416,A24
31664,final fight
606,Candyman Series
611,Hellraiser Series
91261,Communism
91261,Cool
91261,Iron Curtain
91261,Musical
91261,Soundtrack
6817,adventure
6817,Biography
6817,Clint Eastwood
8463,court
8463,deafness
8463,good ending
156,minimalist
1454,minimalist
132660,British
26567,Bad movie but Great Soundtrack!
4,characters
2977,lucas black
6192,depressing
86817,shallow characters
93740,vapid
3045,reunion
7844,martial arts
8795,Long
5817,armenian genocide
5817,Turkey
96,Christmas
96,found family
96,Hamlet
96,heartwarming
96,theater
1621,cooking
1621,food
3799,anime
4193,circus
4193,comedy
4193,coming of age
4193,fairy tale
4241,anime
4495,jewish
4495,Judaism
5672,anime
6371,anime
7248,epic
7248,Myth
7248,thai
7888,comedy
7888,musical
66335,anime
78626,black comedy
78626,class themes
78626,homeless person
78626,social criticism
78626,social satire
98296,unwatchable
148652,disgusting
148652,unwatchable
765,Robin Williams
8831,Government experiment
8831,Mental
45361,435
1119,addiction
1119,chemical dependency
1119,recovery
765,Robin Williams
2468,Whoopi Goldberg
4396,Jackie Chan
5610,Goldie Hawn
6143,Peter Sellers
5685,body positive
5685,family drama
5685,mother daughter relationship
4877,funny moments
4877,love vs sex
4877,one night stand
6192,Danish
6883,BBC Films
6883,biography
6883,CRUMBLING MARRIAGES
38294,beautiful scenery
38294,beautifully filmed
38294,epic
48342,conversation
58425,atmospheric
175743,comedy
175743,communism
175743,filmmaking
175743,German
175743,Germany
8830,adventure
8830,monster
44197,storytelling
43936,Bruce Willis
1755,Beckinsale
1755,London
1755,Scams
5801,cold war
533,1930s
533,Alec Baldwin
533,atomic bomb
533,bad script
533,David Koepp
929,Alfred Hitchcock
929,Europe
929,journalism
956,depressing
976,Ernest Hemingway
1460,animal:cat
1599,superhero
2037,con artists
2037,David Niven
2041,globetrotting
2041,Oliver Reed
2041,spoof
2041,spy
2041,superhero
2056,Jules Verne
2057,animal:cat
2180,Alfred Hitchcock
2185,Alfred Hitchcock
2207,Alfred Hitchcock
2364,Godzilla
2364,Godzilla Universe
2364,Kaiju
2364,no US release
2364,Toho
2365,Akihiko Hirata
2365,drugs
2365,Godzilla
2368,King Kong
2368,monster:giant gorilla
2430,King Kong wannabe
2665,aliens
2665,B-movie
2665,doesn't add anything new to the genre
2665,flying saucers
2665,nothing special
2828,Brendan Fraiser
2828,crude humor
3035,James Cagney
3086,fantasy
3086,Oliver Hardy
3086,Stan Laurel
3492,desert
3492,kidnapping
3492,only censored version is available
3492,rape (implied)
3771,Ray Harryhausen
3792,sensual
3799,Pokemon
3799,The Chosen One
3807,Ray Harryhausen
3864,Godzilla
3864,Godzilla Universe
3864,Kaiju
3864,not enough kaiju action
3864,slow
3926,Irwin Allen
3928,Bela Lugosi
3933,island
5231,Bob Hope
5468,alien
5468,King Kong wannabe
5468,Ray Harryhausen
5550,Elvis Presley
5638,Akira Takarada
5638,Godzilla
5638,Godzilla Universe
5638,Kaiju
5672,anime
5672,Pokemon
5847,James Cagney
5974,Arabian Nights
5974,Conrad Veidt
5974,genie
5974,lavish
5974,magic carpet
6412,James Stewart
6412,Max Brand
6654,dragon
6654,Godzilla Universe
6654,Gotengo
6654,Kaiju
6654,lost world
6837,Charles Boyer
7057,James Cagney
7057,Olivia de Havilland
7057,Shakespeare
7122,Alan Bates
7122,anti-war
7302,Arabian Nights
7302,Douglas Fairbanks Sr
7302,epic
7302,fantasy
7826,Danny Kaye
7832,snappy banter
7833,snappy banter
7835,snappy banter
7883,Val Lewton
7900,Frankenstein's monster
7900,Hammer Horror
8008,Cyd Charisse
8008,Gene Kelly
8451,juvenile delinquents
8451,rock and roll
8500,Godzilla
8500,Godzilla Universe
8500,Kaiju
8500,King Caesar
8677,Flash Gordon
8677,sci-fi
8677,Serial
8771,Basil Rathbone as Sherlock Holmes
8773,Basil Rathbone as Sherlock Holmes
8778,Basil Rathbone
8778,Basil Rathbone as Sherlock Holmes
8778,Nigel Bruce
25887,all-star cast
25887,vignettes
25999,punks
26124,Adam West
26124,Mars
26124,survival
26764,Captain America
27032,amnesia
27032,comedy
27032,fun
27032,Jackie Chan
27032,Jackie Chan's Best
32139,dull
33312,Marx Brothers
33801,action
33801,aliens
33801,Ebirah
33801,fun
33801,Gigan
34450,1930s
39801,yokai
40478,DeForest Kelley
51037,amnesia
51037,easily confused with other movie(s) (title)
51037,good concept
56915,audience intelligence underestimated
64114,better than expected
64114,firefighters
64167,an experience
64167,David Thewlis
64167,dinosaurs
65350,Gary Cooper
65350,monkey
69453,Edgar Rice Burroughs
69453,lost world
71302,aliens
71302,infidelity
71302,not enough monster action
71302,UFO
80748,Gary Cooper
82765,ancient China
82765,anti-war
82765,Jackie Chan
82765,Leehom Wang
86864,dubbed in English - great!
86864,Godzilla Universe
86864,great special effects
86864,Hiroshi Koizumi
90243,Hideo Gosha
90243,honor
90243,Miyuki Kuwano
90243,samurai
90243,Tetsuro Tanba
91666,Alec Guinness
92234,colorful
92234,World War II
93502,atheism
93502,Christianity
93610,alien invasion
93610,dubbed in English - great!
93610,end of the world
93610,Japan
97742,cliche
97742,finger injuries
98499,bad dub
98499,dub adds swearing
98499,Emotional Kung Fu
98499,funny
98499,Jackie Chan
101074,better than the remake
101074,Bing Crosby
101074,Disney
101076,Byung-hun Lee
101076,ninja
102025,itching powder
102025,Kaiju
102025,Korean
102025,monster
102088,artsy
102088,decreased frame rate
102088,Ip Man
102088,just enough story to connect the action scenes
102088,martial arts
109897,compilation of TV series
637,assassin
637,Funny as hell
637,seen more than once
44840,Rob Schneider
117368,animation
117368,children cartoon
65631,1999 Seattle Protest
65631,Protest
65631,WTO
195,family
195,horses
195,Julia Roberts
195,romance
38992,bookie
38992,excitement
38992,gambling
87522,college
132496,bittersweet
30,mob
30,Shanghai
417,culture
417,dialogue
775,Edgar Allan Poe
1066,ballet
1066,dancing
1649,circus
1649,robots
1649,topiary garden
2207,cornwall
2252,media
2342,music
3127,cult
3171,british new wave
3171,sex
3221,17th century
3392,feminist
3739,love triangle
4046,American Civil War
4046,Quakers
4197,mockumentary
4276,road movie
4276,yuppies
4687,british new wave
4803,carmel-by-the-sea
4803,stalking
5202,psychology
5202,science
5499,Crusades
5499,Robin Hood
6412,saloon
6644,loneliness
6798,gangsters
6798,prohibition
7615,lgbtq
7615,nevada
7705,golf
7705,sport
7705,tennis
7883,slavery
7883,voodoo
8458,motherhood
8571,sexual revolution
8650,stage
8875,alcoholism
8875,William Inge
25947,black comedy
25947,classical music
26359,communism
26359,epic
26401,martial arts
32799,boarding school
57772,simulated reality
62208,abortion
62208,adultery
62208,family
62208,in-laws
68872,italy
68872,language barrier
68872,neorealism
82857,cowboys
82857,sheep
90245,architecture
91666,class
91666,death
91666,money
97285,japanese noir
102747,restaurant
102747,roller skating
102747,silent film
130482,femme fatale
151781,cyberpunk
1926,Oscar (Best Picture)
7983,show business
118166,oddball
118166,perestroika
534,C.S. Lewis
534,love
1624,based on a book
1624,intense
2312,compelling
2312,intense
6238,Andie MacDowell
7155,based on a true story
7155,funny
7155,Helen Mirren
68932,social commentary
93740,Funny
128908,lesbian
129659,true story
320,amnesia
320,black and white
320,evil twin
2247,bad acting
2369,BORING!
2369,Madonna
3192,female lead
3192,female protagonist
3192,guerilla
3192,India
3192,indian
4770,crap
4770,Orphan 
4770,poorly written
4770,sibling relationship
5912,1920s
5912,bank robbery
7701,comedy
7701,funny
27134,aesthetic
27134,boring
27134,cinematography
27134,visually appealing
135198,comedy
135198,female protagonist
135198,German
135198,social commentary
135198,uninteresting
5137,documentary
5137,hip hop
5137,music
5137,turntablism
2522,airport
7844,Jet Li
3539,music
4711,music
6306,music
97168,music
88593,asian
512,andy robinson
1542,Ewan McGregor
1696,Ian McKellen
4350,documentary
4350,Peter Jackson
8880,andy robinson
8952,Monte
30818,Kevin Spacey
338,1990s
338,Russell Crowe
1503,dark humor
2587,black comedy
2587,comedy
2725,independent film
3747,dark comedy
3747,independent film
4159,not to be taken seriously
4619,childhood fav
4619,friendship
4619,imaginative
4619,nostalgic
144716,Bill Murray
2555,stupid
31000,acting
31000,filmmaking
31000,historian
31000,menage a trois
31000,meta-movie
116738,comedy
116738,zombie
537,Notable Nudity
5847,Nudity (Full Frontal - Brief)
31553,videogame like
242,amazon prime
547,homeless
547,hunting
547,manhunt
547,wilderness
897,1930s
956,dvd
956,Internet Archive
970,Internet Archive
1040,anarchism
1040,autism
1040,Greenwich
1040,Joseph Conrad
1363,The Bishop's Wife
2373,adventure
2520,airplane
2851,Farrah Fawcett
2851,overpopulation
3051,Beverly Hills
3051,crazy mother
3051,mother daughter relationship
3051,mother-daughter relationship
3051,mother-daughter relationships
3368,brat
3368,bravery
3368,cattle
3368,civilization
3447,Pearl S. Buck
3713,Alabama
3713,boycott
3713,bus
3713,civil rights
3713,Dwight Schultz
4190,Burt Lancaster
4190,charlatan
4190,charm
4191,abortion
4191,bachelorhood
4339,Italy
4339,prison
4804,1930s
4830,abuse
4830,corruption
4830,empowerment
4830,forced labor
4830,jail
5116,boxing
5116,choreographer
5116,fashion designer
5116,Lauren Bacall
5801,bondage
5801,choir
5801,cold war
5801,falling in love
5838,amazon prime
5965,19th century
5965,army
6041,Catholicism
6225,Barabbas
6225,Biblical
6225,biography
6225,christian
6225,dance scene
6442,Catholicism
6442,faith
6442,infidelity
6442,Second Spanish Republic
8385,consumerism
8385,Doris Day
8385,Madison Avenue
8385,marriage
8424,pre-code Hollywood
8461,Pearl S. Buck
25946,fencing
25946,France
25946,Gene Kelly
25946,Lana Turner
25946,Technicolor
26184,youtube
27193,Marseilles
27193,Paris
27193,stupid police
31617,Peñíscola
32392,Almeria
32392,Bilbao
32392,Clint Eastwood
32392,Constantino Romero
32392,Cuban whore
32469,angels
32469,anti-hero
32469,business
32469,Christmas
33893,Alex de la Iglesia
35807,alcohol
35807,AMERICANS ABROAD
35807,army
35807,geisha
35807,Japan
55854,Cristero
57772,1970s
57772,based on novel
60046,artistic license
60046,atrocity
71999,constructivism
71999,jelousy
71999,Mars
71999,rebellion
76054,animal life
76054,finning
78142,choral
78142,communists
78142,long
78142,Sicilian
78142,Sicily
81831,AContra+
82765,anti-military
88448,Miliki
88448,Spanish Civil War
88448,Theater
91842,bad decisions
91842,New Orleans
91842,Panama
92475,AIDS
92475,Al Gore
92475,Allan Greenspan
92475,altruism
92475,Ayn Rand
95949,commitment
95949,living with parents
95949,maturity
95949,Rome
96121,characters too old
96121,only married people would enjoy this
101765,curse
101765,Kenya
101765,Moscow
101765,romantic comedy
101765,travel
103171,Berlin
103171,break-up
103171,buddy movie
103171,company
103171,Frankfurt
109596,Alzheimer's disease
109971,Andalusia
118862,Antisemitism
118862,comedy
118862,Communist Romania
118862,heist
118862,histrionic
127390,Family Guy
127390,parody
129229,cliff
129229,fighting monk
129229,Scotland
130978,youtube
134847,ghost
134847,high school
134847,stereotypes
140541,electricity
140541,hotel
140541,silent
140541,special effects
140541,stop motion
147196,youtube
150993,based on comic
150993,Carlos Areces
150993,couple
150993,death
150993,desert
159976,biography
159976,Brazil
159976,brazilian soccer player
163072,youtube
163112,youtube
163386,youtube
163925,animal
163925,animation
163925,sketchy
171749,amazon prime
1860,Oscar (Best Foreign Language Film)
3816,Oscar (Best Foreign Language Film)
4046,Golden Palm
4424,Oscar (Best Foreign Language Film)
4788,Oscar (Best Foreign Language Film)
267,children
267,comedy
267,military
1431,Chris Farley
1858,Jackie Chan
1858,kung fu
2142,adventure
2142,animation
2142,comedy
4444,Bruce Lee
4614,bad acting
4971,Immigration
4971,nudity (topless)
4971,Robin Williams
5096,lol
6938,Australia
6938,big wave
6938,California
6938,competition
6938,dead
33499,wedding
36289,GÃ©rard Depardieu
38198,Africa
38198,business
38198,colonialism
45106,Hugh Grant
48414,forest
48414,hunting
48414,revenge
48414,Some good moments
54768,acting
54768,boring
54768,camp
54768,childish
54768,silly
55241,amy poehler
55241,billy bob thornton
55241,book writer
62586,awfull parody
62586,documentary filmmaking
62586,dumb movie
62586,idiotic
62586,low audience iq
67534,kung fu
67534,martial arts
67534,nice fight choreography
68959,alchemy
68959,anime
70361,bank robbery
70361,bombs
70361,car chase
70708,argentina
70708,brother
72601,alien
80083,action
80083,animation
80083,anime
80083,based on manga
80083,dragon ball z
81191,education
92234,airplane
95165,anime
95165,based on manga
95165,dragon ball
95165,fighting
95165,super powers
95182,action
95182,anime
95182,based on manga
95182,dragon ball
95182,epic
104863,happy ending
106540,drama
107702,boxing
107702,sports
107953,action
107953,anime
117364,conservation
117364,corrupt government
117364,courageous
117364,documentary
129779,anime
129779,artificial intelligence
129779,cyberpunk
137859,action
137859,anime
137859,based on manga
137859,dragon ball
137859,epic
137863,action
137863,anime
137863,based on manga
137863,dragon ball
137863,epic
139859,AI
139859,anime
139859,cyberpunk
139859,cyborg
139859,Ghost in the Shell
143896,70's
143896,anarchy
143896,animalism
143896,artic
143896,bob hunter
159403,1st bad
73488,vampires
47793,mumblecore
32139,1
1696,Berlin
8905,Christopher Columbus
8905,drama
2567,reality TV
5094,remake
7202,survival
50613,gore
50613,survival
50613,zombies
59131,kidnapping
59131,torture
59131,TRAPPED OR CONFINED
99191,forest
99191,monster
99191,short film
99191,survival
99191,twist ending
248,bad
248,Sinbad
60,based on book
4520,80s music
4520,Carol Kane
4520,Corey Feldman
4520,Corey Haim
4520,Heather Graham
1771,horror
1771,social criticism
2164,B-movie
2164,trash
4925,parody
4925,Peter Falk
5440,John Wayne
26539,Dustin Hoffman
51314,elegant
51314,emigration
138835,Robert Louis Stevenson
138835,Soviet Union
138835,treasure island
141816,comedy
141816,USSR
7944,classic
7944,drama
7944,Social Drama
31123,comedy
31123,French
31123,GÃ©rard Depardieu
31123,Jean Reno
60,based on book
78034,1970s
4,chick flick
222,chick flick
369,biography
424,college basketball
477,biography
638,baby
638,British
818,sequel
934,classic
934,wedding
1171,politicians
1363,christmas
1414,Debbie Reynolds
1414,quirky
1629,Ireland
1840,basketball
1840,family
1866,off-beat comedy
1948,British
2112,social commentary
2243,1980s
2418,father-son relationship
2453,family
2453,inspirational
2518,prostitution
2759,dark comedy
2759,quirky
2759,Richard Nixon
2759,US history
2805,mob
2870,New York
2941,classic
2941,World War II
3076,Jack Lemmon
3076,prostitution
3138,baseball
3138,sports
3308,1950s
3308,coming of age
3478,rock and roll
3893,dark comedy
4003,pregnancy
4080,baby
4080,corporate America
4676,girl scouts
4676,Shelly Long
4909,Lily Tomlin
4909,satire
5375,American West
5483,biography
6315,football
6407,Cary Grant
6449,alcoholism
7058,classic
7058,family
7085,classic
7085,Doris Day
7085,hypochondria
7085,Rock Hudson
7395,classic
7395,family
7395,true story
7479,World War II
7716,Steve Martin
7822,Africa
7822,Ava Gardner
7822,Clark Gable
7832,classic
7839,Myrna Loy
7839,romantic comedy
7839,William Powell
8695,classic
32234,Nazis
32862,1960s
32862,divorce
61071,friendship
75446,Salvador Dali
127052,Leonid Gayday
315,Sharon Stone
315,Sylvester Stallone
4207,Beirut
4207,Chuck Pfarrer
4207,SEAL
4473,Gene Hackman
5250,comedy
5684,visually appealing
6374,funny
6374,Michael Douglas
6374,spies
7450,chemistry
7450,Ireland
8268,assassin
63853,Aborigines
72330,Blake Lively
72330,Julianne Moore
72330,marriage
72330,Robin Wright Penn
91842,bad decisions
98296,gets worse as it goes
99087,Catherine Zeta-Jones
99087,Dennis Quaid
99087,Gerard Butler
99087,soccer
99087,Uma Thurman
8119,blues
8119,deal with the devil
8119,real blues
8119,The Smith and the Devil
170777,ukrainian songs
5292,Notable Nudity
5953,banned film
5953,banned in china
5953,banned movie
107408,WW2
106542,accents
2112,Nudity (Topless)
112580,anger
112580,Brooklyn
5589,Funny
5589,Passing the torch
5589,Revisit the past
5589,Second chances
5589,Summer camp
2147,cavemen
8587,celebrity
8587,Documentary
8587,Hollywood
8587,Music
8587,Rock
40597,cancer
40597,drama
56274,American
69746,alan moore
69746,anime-style
77881,Finnish
77881,relationships
77881,romance
77881,singles
92730,Finnish
2439,agonizing
3747,awful
27513,austrian
27513,disturbing
27513,independent
31123,comedy
6710,shy person
6710,ventriloquist
93598,serial killer
4438,martial arts
26347,comedy of errors
171749,not a movie
111732,Stylized
2889,Russell Crowe
3998,Russell Crowe
426,evil twin
426,impersonation
512,massacred the book
637,Crappy Remake
829,nyc
1306,Wim Wenders
2377,alien invasion
2498,tv remake
2851,evil robot
3086,children
3086,fantasy
3658,aliens
3658,aliens space science
3658,British
3802,mick jagger
3889,crappy sequel
3926,submarine
4131,androids
4471,dudley moore
5094,Crappy Remake
5938,stage play
6078,Cold War
6428,John Wayne
7141,...And this film has got nothing to with the action flick starring Rutger Hauer
7292,Eddie Murphy
7292,incoherent
7292,Robin Williams
8427,cars
8427,chevy chase
8427,dystopia
8427,meatloaf
8782,tv remake
59143,drugs
31114,Sigourney Weaver
37739,sport:golf?
3241,buddhist monks
3241,ironic
6950,West
879,based on book
879,satisfactory if you read the book
4646,cheesy
4646,Clive Owen
4646,flowers
4646,predictable
4646,prison
5506,Paul Rodriguez
88746,John C. Reilly
93193,Australia
93193,revenge
93193,small town
93193,violence
692,Mario Van Peebles
2344,Andrei Konchalovsky
3592,animation
3592,low budget
3592,sci-fi
3592,Time paradox
3592,time travel
4475,Afghanistan
4475,soviet
4475,tank
4990,animation
7477,Sylvester Stallone
8426,anime
8426,robots
4082,down and out
4082,drunkard
6334,nudity (topless - notable)
80880,nudity (topless - notable)
108715,clever
108715,funny
1605,hostage
31433,boring
31433,Dermot Mulroney
31433,no chemistry
31433,predictable
537,artist
537,Australia
537,bathing an a stream
4877,insecurity
4877,intimate
48596,"action, fighting, adventure"
60857,experimental
55261,Ben Stiller
55261,comedy
2356,boring
2356,Woody Allen
53,immigrants
1649,lions
1649,moles
2358,kosovo
2697,England
2697,islam
2697,muslim
2697,Om Puri
2697,rebellion
4773,procrastination
4773,workplace
4813,death
5619,assassination
5817,denial
6775,capitalism
6775,workers
6775,workplace
8987,Karl Rove
8987,politics
8987,Republicans
26195,One + one
6374,remake
6375,get
4055,Donald Sutherland
4055,Neve Campbell
580,itaege
2077,itaege
5267,btaege
5422,btaege
7114,etaege
25834,etaege
26539,btaege
56915,itaege
63239,itaege
74342,etaege
94985,btaege
95218,etaege
95939,btaege
96917,btaege
98585,btaege
99636,etaege
99750,btaege
101529,btaege
103107,etaege
103543,etaege
106889,etaege
640,Chazz Palminteri
640,Sharon Stone
1014,Hayley Mills
2504,Courtney Love
3103,Illiteracy
3299,Diane Keaton
3299,Lisa Kudrow
3299,Meg Ryan
3299,Walter Matthau
3391,Madonna
3478,Lou Diamond Phillips
3824,Richard Gere
3824,Winona Ryder
3835,Alicia Silverstone
3835,Cary Elwes
3835,Obsession
4471,A Drunk
4471,Dudley Moore
4471,Liza Minnelli
4477,Circus
4477,Pee-Wee Herman
4585,Christopher Lloyd
4585,Mental Patients
4585,Michael Keaton
4585,Peter Boyle
4599,Dennis Quaid
4599,Jerry Lee Lewis
4787,Being Gifted
4810,mental hospital
4810,mental illness
4810,Mental Institution
4810,psychology
5610,Friendship
5610,Geoffrey Rush
5610,Goldie Hawn
5610,Groupies
5657,Carol Kane
5657,Dennis Hopper
5657,Hippies
5657,Kiefer Sutherland
5896,Cathy Moriarty
6090,Ghosts
6090,James Caan
6090,Jeff Bridges
6090,Sally Field
6320,Bette Midler
6320,Woody Allen
7701,John Travolta
7701,Kirstie Alley
7701,Olympia Dukakis
9005,Alien Abduction
30894,EVP
30894,Grief & Loss
33499,Jane Fonda
33499,Jennifer Lopez
33499,Wanda Sykes
58806,Dennis Quaid
85399,Martin Lawrence
99106,Barbra Streisand
99106,Road Trip
99106,Seth Rogen
4051,MST3K
4051,unintentional comedy
5356,MST3K
5356,unintentional comedy
115727,Shaw Brothers
810,imdb bottom 100
810,Nostalgia Critic
2735,Eddie Murphy
2800,dreams
2800,flying squirrel
26504,espionage
26504,San Antonio
26504,video game
1422,action
156025,haphazardly
156025,missing story line
2261,Bobcat Goldthwait
2261,Curtis Armstrong
2261,Demi Moore
2261,John Cusack
2266,clarivoyance
2350,Bob Hoskins
2350,Denzel Washington
2399,David Huddleston
2399,Dudley Moore
2399,Father Christmas
2399,John Lithgow
2418,Tom Hanks
2457,Billy Crystal
2457,Gregory Hines
2615,Dennis Hopper
3436,Campbell Scott
3436,cancer
3436,chemotherapy
3436,Julia Roberts
4010,John Candy
4215,fraternity
4215,nerds
4215,sequel
4293,beach
4293,beach town
4293,Carl Reiner
4628,Francis Ford Coppola
4628,Martin Scorsese
4628,Nick Nolte
4628,Rosanna Arquette
5307,Charles Grodin
5307,Jim Belushi
5307,prison
5307,switching places
5334,hostage crisis
5334,Robin Williams
5553,Aidan Quinn
5553,Emilio Estevez
5553,Madeleine Stowe
5553,Richard Dreyfuss
6313,Bill Pullman
6313,Carrie Fisher
6313,Kirstie Alley
6313,Scott Bakula
6313,underrated
6466,Denzel Washington
6466,dictatorship
6614,adultery
6678,Aidan Quinn
6678,dystopia
6678,Faye Dunaway
6678,fundamentalism
6744,comedy
6744,Jim Carrey
7727,Goldie Hawn
8720,Joe Pesci
8720,slumlord
8880,Cher
26523,Catholic orphanage
26523,Christmas
26523,Christmas slasher
26686,Bill Cosby
26686,Sidney Poitier
38583,Charlie Sheen
118166,Anastasija Nemoljajeva
118166,Fjodor Dunajevski
118166,Soviet
70697,furry
75446,gay
75446,Salvador Dali
95939,Scotland
95939,whiskey
1948,British
2824,boxing
2883,Jason Lee
2883,Martin Short
3281,cross dressing
3281,homosexuality
3737,black and white
3737,dying breed
5095,boring
5095,Christopher Walken
5095,macbeth
5095,overwrought
5384,courtroom drama
5416,claustrophobic
5416,house arrest
5416,liz phair
5416,Robin Tunney
5416,shallow
6306,Wilco
6327,documentary
6382,PG
6400,documentary
6692,jason lee
6692,skateboarding
6775,condescending
6909,atmospheric
7124,documentary
7125,gay
7932,addiction
7932,Amtrak
8575,Audrey Tautou
8575,cute
32582,parrots
53024,documentary
57147,Colin Farrell
57147,dramatic
57147,meandering
57147,pointless
69849,racism
69849,slavery
47640,beer
3500,Billy Crystal
8908,action
423,Thriller 
423,thrilling
423,Tommy Lee Jones
115065,boy becomes a man
115065,comedy
115065,fantasy
115065,redemption
886,Adam Sandler
2166,psychological
2166,surprise ending
5873,history
5873,Unexpected Ending
114601,bittersweet
1695,Art
1695,period drama
93,1990s
93,unfunny
93,vampire
449,hip hop
449,mockumentary
449,rap
449,spoof
775,anthology
775,Edgar Allan Poe
775,omnibus
775,uneven
882,1990s
970,1950s
970,dry humor
970,odd humor
1189,crime
2239,controversial
2239,desert island
2239,misogynistic
2239,sadism
2304,art
2304,dark
2304,gay
2304,lgbt
2900,animal testing
2900,cheesy
2900,disability
2900,implausible
3007,alcoholism
3007,ambition
3007,americana
3014,1980s
3014,road trip
3014,special ed
3014,special education
3632,black and white
3632,black comedy
3680,alcoholism
3680,glam metal
3680,hair metal
3680,Los Angeles
3731,alcoholism
3731,ambiguous
3731,California
3731,conspiracy
3739,black and white
3739,con artist
3813,Bergman
3943,african american history
3943,bad acting
3943,black history
3965,1940s
4066,blaxploitation
4066,parody
4116,movie business
4263,addiction
4392,affair
4392,Asian stereotypes
4408,1980s
4408,mental illness
4408,relationships
4408,sad
4409,1990s
4409,black and white
4409,crime
4420,1950s
4420,celebrity
4434,1970s
4434,offbeat
4784,period piece
4784,story within a story
4784,story-within-a-story
4825,Argentina
4915,1980s
4915,Animals
5493,1960s
5493,parody
5493,spoof
5493,spy
5560,automation
5560,factory
5560,social satire
5560,working class
5733,1980s
5733,crime
5733,New York City
5733,NYC
6100,Relationships
6449,business
6449,Wall Street
6449,wealth
6561,anti-war
7037,colorful
7037,colourful
7037,melodrama
7414,1970s
7414,bank robbery
7944,based on a play
7979,1960s
7979,Cass Elliot
8426,anime
8796,ancient rome
26124,Mars
26124,space survival
26313,apathy
26313,buddy movie
26313,casino
26399,Chinese martial arts
26399,kung fu
26399,martial arts
26399,Song dynasty
26399,Venom Mob
27408,assassin
27549,bad special effects
27549,bad writing
27549,poor cinematography
32139,art
32139,Italy
32917,omnibus
36850,bomb attack
36850,bomb threat
36850,Hong Kong
36850,martial arts
36850,slapstick
46862,classical music
46862,orchestra
46862,plotless
63179,surreal
63179,visually appealing
82641,Chinese martial arts
82641,cripple
82641,martial arts
82641,physical disability
82641,swordfighting
88327,Chinese martial arts
88327,martial arts
88327,swordfighting
88327,wuxia
90245,architect
90245,architecture
114335,romance
114335,short
114335,surreal
115727,Chinese martial arts
115727,kung fu
115727,martial arts
134041,alcoholic
134041,alcoholism
134041,drinking
134041,plumber
134041,plumbing
136024,anime
136024,assassin
140289,Denmark
140289,genetic engineering
140289,siblings
140289,slapstick
147662,Chinese martial arts
147662,martial arts
158842,cult
158842,Los Angeles
158842,religion
161032,dark
161032,hallucinatory
161032,stylized
170355,surreal
156706,confusing
157312,hilarious
179953,c
179953,dysf
569,baseball
5506,Clint Eastwood
2769,irish
3554,african american
4021,rewatch
189,Unreal
418,Special
102760,unpredictable
128944,adventure
128944,Rick Moranis
128944,shrinking
944,perfect
4441,Bruce Lee
4441,martial arts
8830,anaconda
8830,snake
95796,anaconda
95796,monster
95796,snakes
5170,Comedy
5170,mike epps
239,hand-drawn
418,generations
418,narration
418,robin williams
444,dumb
444,lesbian
444,script
1489,movie business
1489,music
1489,musical
1646,Harland Williams
1646,mars
1646,silly
1646,space
2088,Altman
2088,cartoon
2088,music
2088,Robin Williams
3048,1930s
3048,absurd
3048,period piece
3048,trippy
3725,1960s
3725,1970s
3725,drugs
4240,time travel
4313,dialogue
4313,jewish
4313,screenplay
4373,silly
4442,80s
4442,cheesy
4442,funny
4587,1980s
4587,aliens
4929,KKK
6563,cast
6710,bizarre
6710,jewish
6710,ventriloquist
8512,1970s
8610,Carl Reiner
8610,Lily Tomlin
33312,dated
103107,music
111817,impressions
130087,Adam Sandler
130087,bizarre
130087,fantasy
130087,jewish
130087,nyc
170355,Los Angeles
182749,standup
9,Can't remember
92,Can't remember
122,Can't remember
177,Can't remember
227,Can't remember
289,Can't remember
340,Can't remember
415,Can't remember
548,Can't remember
558,Can't remember
692,Can't remember
725,Can't remember
818,Can't remember
990,Can't remember
1427,Can't remember
1816,Can't remember
2077,Can't remember
2164,Didn't finish
2794,Can't remember
2798,Can't remember
2875,Can't remember
3284,Friday night movie
3401,Can't remember
3763,Can't remember
4104,Can't remember
4132,Can't remember
4207,Can't remember
4221,Can't remember
4316,K movie
4502,Can't remember
4580,Friday night movie
4585,Can't remember
4591,Can't remember
4619,Can't remember
4676,Can't remember
4812,Can't remember
4911,Friday night movie
5357,Can't remember
5433,Can't remember
5596,Can't remember
5670,Friday night movie
6204,Can't remember
6558,Can't remember
6559,Can't remember
7009,K movie
7624,K movie
7986,Can't remember
9004,Can't remember
47124,K movie
43,historical
2436,wartime
5268,Hal Hartley
5268,Robert John Burke
5268,Sarah Polley
4434,robert sheckley
183911,ALT romantic comedy
183911,indie
183911,romantic comedy
1429,When you've seen one Jackie Chan movie
1429,you've seen them all.
8131,Will Smith
118924,interracial romance
384,entirely dialogue
2630,entirely dialogue
4051,B-movie
4051,bad dub
4051,MST3K
6696,bollywood
2255,Nudity (Topless)
2255,topless female nudity
3691,female nudity
3691,Nudity (Full Frontal - Notable)
133365,community
133365,thought provaking
133365,utopia
133365,vincent casel
3357,Russian
7789,9/11
7789,terrorism
8025,Russian
122,Eddie Murphy
236,meg ryan
1541,Meg Ryan
1541,quirky
2805,British
2805,Hugh Grant
112749,Diane Keaton
112749,ironic
112749,Michael Douglas
112749,older couple
4373,Chris Rock
4373,Comedy
4373,Louis C.K.
236,beautiful scenery
236,France
236,French countryside
60,based on a book
289,comedy
289,italy
289,romance
1056,19th century
1056,based on a book
1056,drama
1056,England
1056,incest
1547,animal
1547,animals
1547,dog
1592,animal
1592,animals
1592,comedy
1592,disney
1592,dog
1920,toy comes to life
2077,1930s
2077,adventure
2240,bully
2240,Chicago
2240,drama
2240,high school
2546,drama
2546,kidnapping
2546,reunion
2800,animated
2800,animation
2800,dreams
2836,college
2836,comedy
3112,based on a play
3112,drama
3673,action
3673,adventure
3673,animal
3673,animals
3673,cougar
3754,action
3754,adventure
3754,animation
3754,breaking the fourth wall
4035,drama
4035,romance
4035,western
4090,adventure
4090,animated
4719,animation
4990,action
4990,adventure
4990,alien
4990,animation
5538,adventure
5538,animated
5538,family
5538,female director
6070,bdsm
6689,bully
6689,comedy
6689,drama
6689,enemy
6689,high school
7057,Based on a Play
26225,drama
26225,independent film
26225,romance
51167,drama
60735,arkansas
60735,brothers
60735,drama
74089,based on a play
74089,comedy
74089,family
77177,animals
77414,based on a book
77414,drama
78034,1970s
78034,comedy
86487,based on a book
86487,business woman
99750,based on a true story
99750,contract killer
99750,crime
99750,drama
128736,drama
128736,self sacrifice
128736,short
128736,short film
140737,alternate dimension
146682,adoption
146682,documentary
146682,family
146682,female director
146682,identity
179053,action
6596,cultural differences
6596,divorce
7255,Fresh
109317,Boorish
109317,Camping
109317,Couple
109317,Poor Script
174815,casino
174815,Suburb
109687,physics
4181,music videos
4181,sex scandal
26732,clever
26732,comedy
26732,roberto benigni
66,1990s
426,doppelgangers
1973,airplane
1973,alternate dimension
1973,amnesia
2614,1980s
2903,crossdressing
2903,depression
2903,female nudity
2903,Jeff Fahey
2978,1990s
2996,Wes Craven
32011,bad acting
32011,bad editing
59738,Amber Heard
1337,erlend's DVDs
2182,Alfred Hitchcock
2290,erlend's DVDs
2290,Woody Allen
2356,erlend's DVDs
2356,Woody Allen
2956,erlend's DVDs
3167,erlend's DVDs
3167,Jack Nicholson
3618,erlend's DVDs
3618,Woody Allen
4146,erlend's DVDs
4392,erlend's DVDs
4408,erlend's DVDs
4412,blaxploitation
5156,blaxploitation
5590,blaxploitation
5838,tragedy
6100,erlend's DVDs
6100,Woody Allen
6477,vincent price
6584,erlend's DVDs
6584,Woody Allen
7333,erlend's DVDs
7983,erlend's DVDs
7983,Woody Allen
8451,erlend's DVDs
8609,erlend's DVDs
8838,Ellen Burstyn
8838,erlend's DVDs
8838,Harvey Keitel
8838,Martin Scorsese
26265,erlend's DVDs
26344,erlend's DVDs
31223,erlend's DVDs
32291,erlend's DVDs
32291,Woody Allen
50274,erlend's DVDs
68536,erlend's DVDs
80880,Milla Jovovich
80880,rented
97470,nf
116169,China
116169,John Woo
8814,treasure hunt
105254,drugs
111375,blonde
174815,casino
5694,70mm
267,comedy
782,Baseball
782,Stalking
5059,Incredible life story
5802,Peter Sellers
2792,Aviation
4350,documentary
5621,Action
5621,Comedy
5621,DVD
55071,documentary
92,what is with Robert's bangs in this movie?! GRR
2961,divorce
2961,drama
4141,Freddie Prinze Jr.
50792,horrible ending
50792,Jennifer Garner
50792,Sam Jaeger
78264,Could have been better
91690,bittersweet
91690,concept
91690,crude
1633,drama
96726,Greta Gerwig
433,short-term memory loss
44197,organized crime
44197,Vin Diesel
419,funny
801,funny
801,smart
1474,memorable
1806,funny
1848,funny
3179,human story
4534,Australian
6166,funny
30898,Kevin Costner
30898,too much music
33672,based on a true story
33672,coming of age
108601,Australian
108601,Brotherhood
108601,family
157130,romance
328,Billy Zane
328,crypt keeper
1014,classic
5099,classic
5099,feel-good
5099,Shirley Temple
6252,feel-good
6252,Gwyneth Paltrow
6252,Mark Ruffalo
6252,Mike Myers
6624,comedy
6624,espionage
6624,spy
7345,Comedy
7345,espionage
90576,chick flick
90576,comedy
110130,comedy
120827,Arthur Conan Doyle
120827,Mystery
120827,sherlock holmes
120827,thriller
32289,geek
32289,physics
56915,based on a book
3204,frightening idea
3204,Nazis
100194,stand-up
121372,stand up
161024,stand-up
161024,stand-up comedy
183197,stand-up comedy
3211,a dingo ate my baby
3211,Australia
101612,mess
60538,drugs
4323,John Wayne
57637,brutal
96964,moral ambiguity
96964,unpredictable
45183,action packed
45183,Asian culture
45183,awesome
5041,Ralph Bakshi
4267,different perspectives
27478,Sacha Baron Cohen
92264,Katherine Heigl
44399,Robert Downey Jr
69606,comedy
27373,Billy Crystal
1858,Jackie Chan
1858,kung fu
2879,Jackie Chan
2879,kung fu
3553,favourite
2314,Nudity (Full Frontal)
634,Whoopi Goldberg
138835,animation
7169,cute
6196,jet lee
6196,unbelievable
105254,SebastiÃ¡n Silva
1797,Imax
117545,asterix
5773,surreal
5773,surreal comedy
6572,desert town
6572,quirky
3372,World War II
214,awful
214,bloody
214,gory
214,hard to watch
4276,few jokes
4256,molly parker
4256,prostitution
55205,dialogue driven
4828,sophie marceau
108078,Cédric Klapisch
987,Sex
2879,Jackie Chan
2879,kung fu
3281,documentary
3281,gender identity
6721,Jet Li
6721,wuxia
360,Seen 2014
544,seen 2010
1353,seen 2012
1457,seen 2012
2349,Seen 2020
2521,Seen 2009
2847,Seen 2017
2847,seen more than once
2870,Seen 2020
3125,Seen 2014
3998,Seen 2022
4117,Seen 2009
4323,Seen 2020
4355,Seen 2009
5397,Seen 2013
5635,Seen 2008
6006,Seen 2014
6228,seen 2014
6699,seen 2010
7107,seen 2016
7107,seen more than once
8121,seen 2011
8383,Seen 2009
8838,Seen 2008
30898,Seen 2008
32291,Seen 2014
32291,seen on airplane
32770,seen 2010
50274,seen 2012
50802,Seen 2014
62718,seen 2012
72330,seen 2016
88911,seen 2011
96945,seen 2015
101531,seen 2014
31617,epic
31617,moores
45074,computer animation
1585,funny
1585,nudity (topless)
1585,weird
74668,action
74668,French
74668,martial arts
7349,sensitive
5941,Comedy
5941,Music
5041,dark
237,Debra Winger
2282,Christina Ricci
2504,Christina Ricci
3830,beach
3922,beach
4081,beach
4394,beach
5075,Canadian
7884,Canadian
114925,Atom Egoyan
114925,canada
114925,Canadian
26729,Heart of Darkness
26729,madness
69516,independent film
69516,soundtrack
69516,visual
114818,nudity (topless)
114818,story
114818,twists
4899,Comedy 
4899,dream
3763,Good in the 80s
4788,long
3626,classical symmetry
26195,Marxism
26195,May 1968
26195,Nonnarative
3658,lovecraftian
5684,cinéma vérité
86668,south africa
5483,biography
386,Reese Witherspoon
2892,Christopher Walken
2892,Gretchen Mol
2892,Willem Dafoe
2892,William Gibson
61692,aliens
43904,cat and
193565,anime
193565,comedy
193565,gintama
193565,remaster
8827,Cancelled
8827,controversial
54354,China reality
82053,bribe
82053,Campaign contributions
82053,casino
82053,casino owner
806,father-son relationship
2358,father daughter relationship
700,high school
6769,canadian
6769,gay
6769,mary walsh
6769,montreal
6769,quirky
60857,experimental
2358,anti-hero
2358,anti-war
2358,baby
6886,Africa
6886,Angelina Jolie
6886,civil war
6886,Clive Owen
6886,east europe
68650,death
68650,Jessica Biel
68650,life philosophy
68650,loneliness
80162,less than 300 ratings
92192,aliens
92192,boring
92192,documentary style
117545,action
117545,animated
117545,comedy
130444,coming of age
130444,great britain
130444,high school
166203,coming of age
166203,emotionless
166203,great britain
166203,high school
166203,London
179511,action
179511,emotionless
179511,escape
179511,Great Britain
179511,London
3894,drama
2889,Russell Crowe
1541,comedy
1541,Kelly Preston
3046,lesbian
1487,Music 
1487,texas
2473,racism
2860,dumb
2860,police
3127,Australia
7219,driving
8363,so bad it's good
8363,Sofía Vergara
61255,Music 
61255,redemption
168632,stand-up comedy
4603,sexual references
6551,follow it closely
4031,Cormac McCarthy
4722,gay
470,Betamax
174,independent film
174,jury
174,jury duty
174,tacos
2344,prison escape
3040,setting:summer camp
3040,summer camp
3950,awol
3950,Colin Farrell
3950,military
3950,Vietnam War
5755,keeps you guessing
5755,slasher
7987,campy
7987,cult film
5745,Alan Alda
1453,comedy
3622,childish
3622,comedy
4167,humorous
4167,Nudity (Topless)
4167,suspense
4167,violence
4603,comedy
4603,funny
4603,Paulina Porizkova
5799,Jill Haworth
5802,comedy
5802,Peter Sellers
5802,teenagers
5802,Tippy Walker
6182,comedy
6182,Doris Day
79590,AGE DISPARITY ROMANCE
79590,Catherine Zeta-Jones
86922,Comedy
5224,barrington area library
1355,best friend
1355,investigation
1355,night watchman
1355,student
1355,suspense
2401,authentic
2401,blackmail
2401,classic
8183,Michael Caine
86028,off-beat comedy
86028,slow paced
86028,subtle humor
88593,action packed
88593,assassin
88593,assassination
88593,brutal
88746,embarassing scenes
88746,jacob wysocki
89580,gangs
89580,glasgow
89580,Scotland
89580,stabbing
106839,Africa
106839,based on a true story
127184,club scene
133780,4:3 aspect ratio
133780,Art house
133780,Black & white
133780,dramedy
133780,Indie
2681,scifi cult
2681,surreal
2681,William Shatner
518,literary adaptation
976,literary adaptation
1337,literary adaptation
3235,biopic
3235,Hunter S. Thompson
5680,biopic
8714,biopic
8714,Cole Porter
87413,trash movie
2073,Judd Nelson
2073,Kevin Costner
2073,road trip adventure
2445,Mira Sorvino
2445,romance
2445,Val Kilmer
3035,Henry Fonda
3035,Jack Lemmon
3035,James Cagney
3619,50's & 60's music
3619,Fran Drescher
3619,juvenile pranks
3619,Michelle Pfeiffer
3619,Robert Wuhl
4305,Jennifer Lopez
4305,Jim Caviezel
4305,loss
4305,romance
6559,Kids movie
4917,dvd
4917,mine
92198,blu-ray
98585,blu-ray
98585,mine
100326,blu-ray
100326,mine
105351,blu-ray
105351,mine
140237,blu-ray
140237,mine
86290,computer animation
86290,profound
86290,realistic
2282,fame
2775,blunt
6342,Gay
6342,LGBTQ+
54734,losers
54734,stereotypes
56915,Monster
62718,Friendship
62718,teen
80584,adoption
80584,Family Relations
80584,gay
80584,LGBTQ+
80858,Rivalry
85295,Friendship
85295,High School
95307,rock and roll
133281,rock
133281,song cover
144620,based on a book
5915,football
62718,teen
809,90s
809,action
809,atlanta
809,fugative
809,Hacker
5170,bounty hunter
5170,Comedy
5170,ice cube
101612,Acceptance
101612,admissions officer
101612,college
101612,Comedy
6628,CHINESE DOWNHILL!!!
68597,Alain Delon
68597,construction of Ubahn
68597,Wien
40,hulu
4171,NOT Eugene O'Neill - S. Africa
31086,Yakuza Papers I
59014,funny
810,feel good
429,absurdist humor
429,comedy
429,mythology
4441,Bruce Lee
4441,martial arts
5468,giant monster
5468,Ray Harryhausen
5826,father-son relationship
5826,John Wayne
5826,western
7310,FBI
7310,mafia
7310,revenge
7310,undercover cop
26765,Jackie Chan
26765,martial arts
31664,Jackie Chan
81681,historically inaccurate
81681,Jesse James
81681,outlaws
81681,prospectors
81681,western
135216,variety show
2623,hilarious
2623,Stoner Movie
2623,wacky
2110,black and white
2110,Steve Martin
1770,Nudity (Topless - Notable)
7320,Dance
26681,John Woo
60389,warpigs
118888,Dave Chappelle
2965,christian
6696,bollywood
85334,B-Movie
85334,Hilariously Awkward
85334,Nonsequitors
85334,Theme Song
5398,boxing
25825,lynching
189,Mia Farrow
3478,based on a true story
3586,Debut
3586,rockumentary
281,Paul Newman
281,Underrated
803,dating
2070,Oscar (Best Actor)
2070,Oscar (Best Screenplay)
4052,geeks
88356,Columbia pictures
104076,Columbia pictures
94405,jason statham
4158,Worst movie ever!
107410,could be an anime
107410,female protagonist
107410,sci-fi
107410,Soviet
4313,Christina Ricci
59667,x-vu
73804,Clovis Cornillac
97665,Edouard Baer
99636,multilingual
2676,schweigen der lÃ¤mmer trifft gorillas im nebel
68932,Robert Downey Jr.
145080,horror
145080,mystery
2979,Jerry O' Connell
544,Bruce Willis
765,Robin Williams
4164,Samuel L.Jackson
26745,Danny DeVito
2473,positive thinking
609,dogs
3799,1990s
3799,irrelevant to series
8534,adventure
8534,archaeologist
8534,real animals
125974,childhood
125974,disney
133832,amazon
42602,bab cinema
44633,bab cinema
48214,bab cinema
48262,bab cinema
48741,bab cinema
58309,bab cinema
30898,mid-life love
47646,can't get past the first 20 min
47646,neo-blaxploitation
3973,confusion
3973,no explanation
1887,final movie
4350,mockumentary
64249,Christmas
148238,Bill Murray
159779,Shakespeare
5096,cartoonish
5081,Nicole Kidman
5415,Sandra Bullock
8943,Annette Bening
8943,Shaun Evans
27,a bit boring
8158,undercover cop
7541,gender swap
6603,wurstsalat
128842,action
128842,dragon
128842,period drama
2807,Jean-Claude Van Damme
4466,Steven Seagal
58783,Francis Ford Coppola
58783,Tim Roth
2390,ewan mcgregor
2390,michael caine
2676,anthony hopkins
2996,meryl streep
227,90s cheese
227,Best skydiving films
55294,Drugs
7983,brilliant
1180,irsh
4056,Jack Nicholson
4056,thriller
94325,charming
71302,cult film
164540,police
32743,curse
32743,japanese horror
1054,16mm
1054,ensemble cast
1054,racism
4850,spectacle
5472,musical
7031,Bank robbery
115151,true story
146028,russian
146028,soviet classics
147328,soviet classics
147330,soviet classics
4782,Love Affair
4782,New York City
136305,ann coulter
3710,Detroit
6584,dubbed
1593,jennifer aniston
993,biography
1582,Adventure
1582,Brother Relationship
1582,Jonathan Taylor Thomas
1582,overcoming obstacles
1582,runaway teen
91323,Accepting Others
91323,character development
91323,Finding Sexual Identity
91323,Funny
107338,humor
107338,odd characters
89388,businesswoman
89388,Christina Hendricks
89388,family relationships
89388,Pierce Brosnan
89388,Sarah Jessica Parker
107410,future
126142,costumed
126142,fairy tale
126142,kingdom
126142,love
126142,magic
130978,comedy
131023,documentary
131023,health
131237,advanture
131237,comedy
131237,dialogs
133712,love story
133712,russian
133712,transformation
133712,USSR
133716,comedy
134109,comedy
134109,musical
134109,russian
134184,comedy
134184,musical
134184,russian
141816,adventures
141816,adventurism
141816,comedy
141830,adventures
141830,comedy
141830,Russian
141844,adventure
141844,based on a book
141844,Ostap Bender
141844,russian
147196,comedy
147196,romance
147282,comedy
147282,dialogues
147282,russian
151769,animation
151769,countryside
151769,russian
151769,talking animals
158402,action
158402,aviation
158402,disaster
158402,Russian
159811,adventure
159811,musical
159811,romantic
163072,animation
163112,animation
163112,based on children's book
163112,russian
163386,animation
163386,based on children's book
163386,birthday
166183,adventures
166183,animation
166183,based on a book
166183,USSR
170597,musical
170597,plasticine
172585,animation
172585,based on a book
172585,russian
172587,adventures
172587,animation
172587,countryside
172587,russian
172587,talking animals
172589,animation
172589,countryside
172589,russian
172589,talking animals
172637,musical
172637,Russian
172637,USSR
172793,animation
172793,comedy
172793,morality
172793,Russian
172793,USSR
175387,adventures
175387,musical
175431,animation
175431,kind
175431,Russian
175431,talking animals
176621,funny
176621,Russian
176621,USSR
3331,learning and teaching
3331,Notable Nudity
3331,Nudity (Topless - Notable)
3331,older woman younger man relationship
116724,Senior High School
86922,Belgian
86922,French
128736,short
4595,Atomic Bomb
4595,Dwight Schultz
4595,fran
4595,history
513,George Lucas
513,radio
993,Matthew Broderick
993,Patricia Arquette
993,science
4159,Christian Slater
4159,Kevin Costner
4159,Kurt Russell
4879,Minnie Driver
5809,Antonio Banderas
7216,Humphrey Bogart
50800,haunted house
50800,raven
93819,A24
93819,lovecraftian
151653,Existentialism 
47721,childhood
47721,lighthearted
47721,Paris
68,bisexual
68,love triangle
77,biopic
77,enigmatic
77,music
77,performer
77,The Velvet Underground
85,19th century
187,Bechdel Test:Pass
384,action
384,crime
384,intelligent
384,thriller
417,charming
1596,Mike Leigh
1596,realism
1596,rites of passage
1656,beautiful
1733,character study
1733,interweaving stories
1902,generation X
1902,indie
1906,dialogue driven
2165,dysfunctional relationships
2271,absurdity
2271,biography
2271,depravity
2271,redemption
2344,prison escape
3402,gentle
3402,humorous
3402,lovely
3402,quiet
3459,hallucinatory
3459,Ken Russell
3516,classic
3516,witchcraft
3539,Sex Pistols
3701,aliens
3701,sociology
3701,thought-provoking
3747,addiction
3794,indie
3794,quirky
4003,John Hughes
4035,frontier town
4077,psychological
4077,suspenseful
4132,80's cheese
4175,one man show.
4273,Charlotte Rampling
4273,contemplative
4273,gentle
4273,Haunting
5325,documentary
5325,history
5752,charming
6062,behind the scenes
6062,hilarious
6062,movie business
6122,stand-up comedy
6327,documentary
6327,movie business
6510,ensemble cast
6510,existential crises
6510,lighthearted
6510,understated
6596,cultural differences
6596,family relationships
6596,siblings
7305,crime
7305,detective
7305,great performances
7615,good film
7879,Margaret Cho
7879,stand-up comedy
26394,ballet
26394,coming of age
50802,family relationships
55061,Daft Punk
61167,Existential Crisis
61167,magical realism
93723,absurd deadpan humour
93723,affectionate
96411,behind the scenes
101531,excellent film
105254,funny
118888,Dave Chappelle
118930,Stand-up comedy
128914,Stand-up comedy
6699,netflix
93598,Soundtrack: Jed Kurzel
650,j netflix
937,almost favorite
69849,j netflix
6006,Ashton Kutcher
7375,Luke Mably
5472,4k
148424,Amazon Original
151311,Amazon Original
179709,Amazon Original
281,courage
281,doberman
281,dog
174403,2017
174403,America
174403,cold war
174403,Communism
174403,controversial
1771,stephen king
42556,multiple roles
145080,horror
145080,mystery
4591,vikings
109846,time travel
2439,agonizing
2439,true
6267,too slow
5646,Milos Forman
87,animals
87,family friendly
3539,Sex Pistols
6974,quirky
7306,Damian Alcazar
7306,Luis Estrada
3169,watch again
4079,don't remember
6448,don't remember
136305,worst movie ever
136305,worstmovieever
2271,drugs
31694,"Too far from the real thing. And the ""Darcy"" is nauseating."
68932,Jamie Foxx
27,Bechdel Test:Pass
27,Brendan Fraser
27,Christina Ricci
2073,melancholy
3145,Inspiring
3145,marxist
3145,paradigm shift
3145,political
3823,family
3823,London
3823,working class
4237,agriculture
4772,cosa nostra
4772,cuisine
4772,food industry
4772,mafia
4772,New York City
5205,backwoods horror
5205,hillbilly horror
5275,depression
5275,hobos
5275,militants
6062,Documentary
6062,Low budget
6427,class war
6427,Deus Ex Machina Ending
7333,banned film
117849,ecological
117849,interplanetary
132335,friendship
132335,jealousy
132335,mental health
165489,Animation
165489,Biography
165489,Milkman
165489,Social history
165489,Wimbledon
4732,stupid :)
139915,script
145745,mystery
145745,tv-movie
2941,Musical
7888,Broadway
7888,musical
177,Clive Barker
177,devil
177,occult
2263,apocalypse
4198,80's
4198,outer space
54734,amanda bynes
54734,college
54734,out of place
2615,80s nostalgia
3040,summer camp
3417,adventure
3417,dictatorship
3417,humor
3417,mute character
3571,real time
3763,bad acting
3763,Bechdel Test:Fail
3763,car chase
4526,alien
4526,alien in disguise
4526,father daughter relationship
4526,fish out of water
4597,action
4597,car chase
4597,murder
4597,skateboard
4953,dinosaurs
4953,lost civilization
4953,poor plot
4953,pulp
4953,sci-fi
5181,alien
5181,aliens
5181,conspiracy
5181,space
5181,ufo
5278,competition
5278,fraternity
5278,geek
5278,lying
5278,objectification
5325,documentary
5843,teenagers
6153,rape culture
6153,sexist
6153,sexist jokes
6153,superpowers
6153,telekinesis
6812,buddy movie
6812,cops
6899,atlantis
6899,father - child relationship
6899,father daughter relationship
7846,giant worm
26681,drugs
26681,friendship
26681,Hong Kong
26681,insanity
32440,bad acting
32440,boring
32440,France
32440,poor plot
32440,spy
33672,based on a true story
33672,Los Angeles
69453,adapted from:book
76030,evil child
99636,language barrier
99636,language class
135777,blindness
135777,bollywood
135777,disabled person
135777,handicapped person
171751,father-son relationship
171751,gangsters
171751,hospital
171751,impostor
171751,India
710,Damon Wayans
710,Dan Aykroyd
710,Daniel Stern
632,Spanish Civil War
43917,dogs
114126,90s
114126,art
114126,documentary
157340,actually funny
157340,predictable
4866,Trebuchet
2829,Andie MacDowell
3269,Can't remember
3269,Mel Gibson
78264,pregnancy
3502,dramady
2586,blonde
2586,thong
3064,blonde
3064,thong
4985,blonde
4985,chick fight
3951,R
7440,G
33838,PG13
3284,Esoteric
4523,Magical realism
917,based on a book
98296,gets worse as it goes
102378,advertising
102378,corporations
102378,love
128975,avoid at all cost
43,17th century
117,disturbing
369,biopics
461,Chicago
461,lesbian
617,Almodovar
892,cross-dressing women
892,Shakespeare
1365,18th century
1684,Virginia Woolf
2390,Jane Horrocks
2590,road movie
2625,librarians
3163,backstage
3163,Mike Leigh
3163,opera
3502,mawkish
3756,Henry James
3795,Canada
3795,ensemble cast
3795,multiple storylines
4024,Edith Wharton
4424,Italy
5321,18th century
5321,cross-dressing women
5321,Fiona Shaw
5614,gay
5614,Italy
6217,ensemble cast
6217,multiple storylines
6217,nonlinear
6217,patricia clarkson
8943,backstage
143458,plot twist
6702,loser
66744,Toni Servillo
8335,heartbreaking
148424,different
1011,racing
2017,Christmas
2392,Christmas
5156,exploitation
111732,epic
100,corruption
639,nude black women
1323,religious propaganda
3447,avarice
5220,Eddie Murphy
5428,drugs
5609,Lucy Liu
25834,old salt
25834,rich brat
2996,inspirational
1655,cheap scares
56869,Dark humor
56869,surreal
548,Charlie Sheen
808,Alaska
4441,Bruce Lee
5629,Bible
7993,art
7993,beatnick culture
7993,cult
7993,low budget
77893,bad ending
77893,cinematography
77893,martial arts
87028,design
87028,fashion school
87028,lesbian subtext
93242,conspiracy
93242,horrible climax
96448,bad script
96448,horrible
6699,British
6699,british comedy
52767,1970s
606,Candyman Series
1322,Amityville Horror Series
1323,Amityville Horror Series
1324,Amityville Horror Series
1325,Amityville Horror Series
1326,Amityville Horror Series
1328,Amityville Horror Series
3837,Phantasm Series
3838,Phantasm Series
3839,Phantasm Series
31431,Boogeyman Series
4732,fun
4732,Jake Gyllenhaal
8121,TOO SEE
49263,free speech
3720,cinematography
148709,oscar isaac
148709,thriller
32743,Onryo
4821,owned
5075,owned
61255,owned
99721,summer
165635,illogical
165635,Logan Paul
165635,Stupid ending
5746,tentacle rape
5947,bad mother
5947,Daughter / father relationship
5947,family drama
5947,girl
130052,birthday
130052,clown
140237,environmental protection
140237,infidelity
149612,ideological pamphlet
86721,drama
165671,concussion
165671,enforcer
165671,goon
165671,hockey
165671,nhl
60141,british
63239,musical
4774,ensemble cast
4774,gator fans
4774,Hilarious!! :D
71550,crushing reply
71550,film noir
1920,toy comes to life
2241,nudity (topless)
2241,older woman seduces younger guy
169912,cigarette
169912,denis leary
169912,stand-up comedy
85334,The snake
61,vigilante
81,gangsters
1769,realistic action
2492,fake documentary
4866,Gfei own it
140,Stockard Channing
6332,Adam Lamberg
6332,Hilary Duff
26394,ballet
156,brooklyn
156,jim jarmusch
156,Lou Reed
835,coming of age
835,high school
835,lesbian
1655,Affleck was the BOMB in Phantoms!
2491,food
5550,brothers
5550,Civil War
7390,Drea de Matteo
7390,lesbian
7390,punk
7390,rock and roll
25833,Greta Garbo
46231,the rolling stones
58839,comedy
58839,George Clooney
58839,historical
3649,gigolo
3649,prostitution
3649,Richard Gere
5328,waste of time
43556,Naval story interests me
43912,good story
43912,great cast
46865,funny
70641,comedy
70641,Craig Robinson
70641,female nudity
4157,bad acting
4157,low budget
4157,racial stereotypes
4157,weak ending
4157,weak plot
43677,bad acting
43677,black civil rights
43677,cliche
43677,historical
53024,documentary
91869,american dream
91869,Elmo
91869,muppets
91869,Music
130518,animation style
130518,dialogue
130518,humor
6429,horseback riding
6429,robbery
6429,unique
33838,indie
164540,netflix
1695,period drama
20,worthwhile
26861,surreal
26861,unique
3756,netflix
4879,netflix
25905,OOP
45382,netflix
46572,netflix
60522,netflix
80727,netflix
103107,Netflix Streaming
34129,Just for kids. M. Lawrence wasn`t even funny in this one.
3031,Spoof
6196,gratuitous
7354,robert deniro
3115,building bridges
3115,cross dressing
3115,culture clash
3115,discovery
4808,disconcerting
4808,psychopathy
4808,tension
3269,fiction
7844,comedy of errors
7844,Hong Kong
7844,Jet Li
103107,music industry
178613,bill clinton
178613,funny
178613,hilarious
1085,cinematography
1085,Classic 
1085,cuba
1085,inspirational
3405,Kenneth More
4000,adventure
4000,Anthony Hopkins
4000,based on true events
62799,football
62799,Inspirational
62799,syracuse university
2323,artsy
61,Beverly D'Angelo
61,Ed Harris
61,Kiefer Su
217,Alicia Silverstone
217,babysitter
217,J. T. Walsh
217,J.T. Walsh
217,Jeremy London
278,adultery
278,Antonio Banderas
278,Mia Farrow
278,miami
278,Sarah Jessica Parker
564,Dennis Hopper
564,Erika Eleniak
564,Tom Berenger
564,William McNamara
1003,ethical
1008,alamo
1008,Basil Ruysdael
1008,Buddy Ebsen
1008,Congress
1021,baseball
1116,hotel
1116,Virginie Emane
1116,Virginie Ledoyen
1336,car wreck
1336,cult film
1336,jeff fahey
1675,art
1675,art forgery
1675,Ian Richardson
1686,cable
1686,China
1686,communism
1686,Richard Gere
1733,Julie Christie
1733,Lara Flynn Boyle
1733,Nick Nolte
2256,Demi Moore
2256,low budget
2256,parasite
2347,Daryl Hannah
2347,Eric Roberts
2347,Mafia
2392,Christmas
2392,easily confused with other movie(s) (title)
2419,Alfre Woodard
2419,Diana Scarwid
2419,Farrah Fawcett
2419,James Russo
2419,Nudity (Topless)
2453,family
2453,inspirational
2570,1969
2570,Anna Paquin
2570,Diane Lane
2570,hippies
2574,bad day
2574,Goldie Hawn
2574,Steve Martin
2794,Europe
2878,Linda Blair
3004,ed asner
3004,hal holbrook
3004,marriage
3004,proposal
3004,renee zellweger
3230,Journalist
3511,David Arquette
3511,losers
3511,stupid
3511,wrestling
3525,marriage
3525,vulgar
3525,wedding
3846,Geraldine Fitzgerald
3846,Jennifer Jason Leigh
3846,Joe Pesci
3846,Rodney Dangerfield
3870,1901
3870,based on a book
3870,Beulah Bondi
3870,Fay Bainter
3900,affair
3900,depressing
3900,Dostoyevsky
3900,drunk
3900,Monica Keena
3939,Crystal Bernard
3939,Jennifer Rhodes
3939,Juliette Cummins
3939,Kimberly McArthur
3939,massacre
4031,1940's
4031,Bruce Dern
4031,Henry Thomas
4031,Matt Damon
4483,amusement park
4483,Chevy Chase
4483,country club
4483,Dan Aykroyd
4483,fuzzy dice
4610,bad acting
4610,ballet
4610,dated
4610,fire
4610,Harvey Keitel
4611,deformity
4611,Elizabeth McGovern
4611,Ellenn Barkin
4686,Andrew McCarthy
4686,sequel
4917,Douglas MacArthur
4917,FDR
4991,bully
4991,father/daughter relationship
4991,Jim Belushi
4991,Kelly Lynch
4991,predictable
5127,Kevin Costner
5127,supernatural
5155,dated
5155,prison
5155,prison break
5197,80s
5197,Armand Assante
5197,coming of age
5197,Krista Errickson
5197,Kristy McNichol
5307,Anne De Salvo
5324,Angelina Jolie
5324,boring
5324,Stephen Herek
5456,fart jokes
5456,indians
5456,John Candy
5524,competition
5601,Animal movie
5601,deer
5601,hardship
5601,poverty
5629,Bible
5644,baseball
5768,air traffic controller
5768,ballet
5768,cheesy
5768,Chevy Chase
5768,Dabney Coleman
5874,black comedy
5874,black culture
5874,black movie
5874,Christmas
5874,ice cube
6228,falsely accused
6228,hiding place
6228,professor
6295,cheesy
6295,Hispanic culture
6295,no plot
6295,predictable
6295,two timer
6335,accents
6335,foreign film
7058,family
7125,gay
7125,new age
7125,poverty
7216,bank robbery
7216,black servant
7294,election
7541,stupid plot
8025,1946
8025,Mikhail Filipchuk
8025,Russia
8827,Bill Cosby
8827,Family
8831,disappointing
8831,rape
8918,black comedy
26726,brat
26726,John Hughes
26726,mom's boyfriend
26726,rich people
26778,corporate
26778,Ilene Graff
26778,Jackee Harry
26778,Jonathan Brandis
26778,Rodney Dangerfield
30818,1950's
30818,biography
30818,Bobby Darin
31223,racing
31223,Snoop Dogg
31223,talking animals
31223,Whoopi Goldberg
31260,boys; priest; orphans; omaha; nebraska
31692,family bonds
31692,garden
31692,italy
31692,workaholic
32060,black and white
32060,silent
32060,who done it
39400,ghosts
39400,justice
39400,leprosy
44840,baseball
44840,nerds
48741,beatles
48741,government
48741,john lennon
51498,gore
51498,over the top gore
51498,Robert Englund
52279,black comedy; home improvement; dumb; children's
52283,Biblical
55294,cult
55294,drive-in theatre
55294,magnolia pictures
55294,morphine
55729,buried treasure
55729,california
55729,costco
55729,mental illness
83177,animated
83177,Based on a cartoon
87867,Animals
87867,zoo
100611,aliens
103543,coming of age
109687,collider
116738,Michael McKiddy
116738,parody
116738,Ross Kidder
121129,parody
127194,gay
136666,best friends
136666,cold feet
136666,Mexico
136666,smoking weed
136859,India
136859,not really about time travel
143458,Cady Yang
143458,David Wang
155812,Anna Kendrick
155812,Bryan Cranston
155812,Miles Teller
160730,addiction
160730,Amber Heard
161830,accident
161830,Alexandra Turshen
161830,breaking and entering
161830,Helen Rogers
161830,Lauren Molina
163981,Malcolm McDowell
163981,Meg Foster
163981,Sheri Moon Zombie
170289,Natasha Henstridge
170289,sequel
175475,animated
175475,Steven Wright
175475,stupid
70703,history
70703,john glen
70703,marlon brando
94405,Jason Statham
60141,british
60141,comedy
60141,school
69118,crime
69118,mystery
69118,New Orleans
52375,bland bio of clifford irving
3454,High School
8946,Natal
133802,A24
133802,V18
151317,V19
176805,ML
113350,family
113350,romance
113350,time travel
113350,undo
6461,too western
2436,tjejfilm
4032,puttrig
2381,whacked
61986,good dialogue
61986,viggo mortensen/christina ricci
7326,Paul Bettany
7326,Willem Dafoe
8869,Katie Holmes
8908,Joaquin Phoenix
60737,Cillian Murphy
60737,Lucy Liu
79259,Robert Sheehan
79259,Rupert Grint
81383,Romain Duris
81949,Anna Paquin
81949,Elijah Wood
90353,Alan Tudyk
90353,Kyle Gallner
90353,Maria Bello
90353,Michael Sheen
8131,easily confused with another title
8131,NOT WILL SMITH
504,Futuristmovies.com
3802,Futuristmovies.com
116724,Puppy Love
116724,Senior High School
2136,social criticism
4898,dentist
4898,Steve Martin
4898,twist
5735,dispickable
5735,fake documentary
5735,voyeuristic exploitation
7009,based on a true story
7009,medical research
7009,medicine
27134,Action
50354,Don Camillo Series
50354,Fernandel
73804,Asterix_liveaction
73804,Comic Book adaption
73804,Goscinny
97665,Asterix_liveaction
97665,Comic Book adaption
97665,Goscinny
97665,live action
117646,Dragonheart series
121129,Caitlyn Jenner
128842,Dragonheart series
170289,gratuitous nudity
170289,Robin Dunne
174737,Don Camillo Series
174737,Fernandel
7786,musical
7786,overtone singing
34811,Mads Mikkelsen
34811,Nicolas Winding Refn
1337,body snatching
1337,england
2327,Anthology
2606,dark comedy
3802,time travel
5543,bee
5543,eco-horror
5979,giant crab
5979,scientist
87287,movie business
6060,better than I expected
6060,cute
1005,dumb
5941,music
1887,Chris Farley
632,war movie
5993,Holocaust
3454,High School
3454,romance
3454,teen movie
3474,James Belushi
3474,Time Travel
3895,Keanu Reeves
3895,serial killer
4141,models
4141,neighbors
4141,secret agent
4462,bodyswitch
4959,affair
4959,marie antoinette
4959,power
136859,India
136859,love story
4695,top 100
7372,Bibliothek
62836,space
6528,absurd
6528,Gene Wilder
2535,disaster
650,based on a book
937,Audrey Hepburn
1398,Chris O'Donnell
1401,James Woods
1401,racism
1624,based on a book
4784,based on a book
7753,based on a book
26567,Robin Williams
1926,Oscar (Best Picture)
1928,Oscar (Best Picture)
1398,Sandra Bullock
2802,Mel Gibson
3109,Mel Gibson
3841,Mel Gibson
4317,Sandra Bullock
5415,Sandra Bullock
9004,Artificial Intelligence
9004,computers
26365,sequel
26985,Computer Virus
183911,romantic comedy
110773,adventure
5440,John Ford
5440,John Wayne
5440,native americans
7047,action
7047,melodrama
35015,adventure
35015,coming-of-age
35015,family film
9,CLV
20,CLV
43,CLV
93,CLV
118,CLV
122,CLV
128,DVD-Video
181,DVD-RAM
210,CLV
227,CLV
251,CLV
257,CLV
258,CLV
259,CLV
270,CLV
279,CLV
315,CLV
330,CLV
335,CLV
352,CLV
352,DVD-Video
378,CLV
387,CLV
391,CLV
416,CLV
422,CLV
424,CLV
425,DVD-Video
451,CLV
458,70mm
458,Anamorphic Blow-Up
458,CLV
459,CLV
478,CLV
479,CLV
482,CLV
504,CLV
511,CLV
518,CLV
534,CLV
544,CLV
548,BD-R
548,CLV
564,CLV
606,CLV
633,CLV
635,CLV
640,CLV
688,CLV
692,BD-R
692,CLV
697,DVD-Video
704,CLV
726,CLV
773,BD-R
803,BD-R
818,CLV
828,DVD-RAM
842,CLV
875,CLV
879,CLV
917,BD-R
917,Betamax
941,BD-R
944,BD-R
982,BD-R
1003,CLV
1021,CLV
1050,CLV
1066,BD-R
1066,CLV
1082,BD-R
1082,Betamax
1114,CLV
1156,BD-R
1312,DVD-RAM
1323,ArriVision
1323,Betamax
1332,Betamax
1335,Betamax
1352,CLV
1363,CLV
1382,CLV
1432,CLV
1458,CLV
1473,BD-R
1498,DVD-Video
1503,CLV
1533,BD-R
1581,CLV
1601,CLV
1612,CLV
1626,CLV
1631,CLV
1633,BD-R
1633,CLV
1650,CLV
1662,CLV
1767,CLV
1770,BD-R
1770,DVD-R
1770,DVD-RAM
1816,DVD-Video
1837,CLV
1857,CLV
1926,BD-R
1926,CLV
1928,BD-R
2015,BD-R
2015,BD-Video
2017,BD-R
2040,BD-Video
2040,DVD-RAM
2051,DVD-RAM
2055,BD-R
2057,BD-R
2070,BD-R
2091,BD-R
2091,BD-Video
2091,DVD-RAM
2098,BD-Video
2098,Betamax
2110,Betamax
2136,BD-R
2149,Betamax
2226,BD-R
2226,DVD-Video
2241,Betamax
2252,CLV
2255,Betamax
2256,Betamax
2256,Stereoscopic 3-D
2260,Betamax
2267,CLV
2290,DVD-Video
2349,Betamax
2349,Laserdisc CLV
2368,BD-R
2370,70mm
2370,Anamorphic Blow-Up
2370,Betamax
2372,Betamax
2374,Betamax
2380,Betamax
2381,Betamax
2382,Betamax
2408,70mm
2408,Spherical Blow-Up
2415,Betamax
2415,CLV
2417,Betamax
2433,CLV
2453,Betamax
2457,CLV
2458,Betamax
2465,Betamax
2468,Betamax
2472,70mm
2472,Anamorphic Blow-Up
2473,Betamax
2475,Betamax
2477,Betamax
2522,CLV
2523,BD-R
2523,Sensurround
2535,70mm
2535,BD-R
2537,BD-R
2655,Betamax
2655,DVD-RAM
2682,DVD-Video
2737,Betamax
2738,Betamax
2740,Betamax
2741,Betamax
2743,Betamax
2743,CLV
2749,Betamax
2751,Betamax
2752,Betamax
2752,CLV
2786,Betamax
2802,CLV
2815,Betamax
2847,BD-R
2852,BD-R
2856,DVD-RAM
2874,CLV
2875,CLV
2878,Betamax
2896,70mm
2898,BD-R
2898,CLV
2899,BD-R
2902,Betamax
2928,70mm
2992,VHS
3014,Betamax
3021,Betamax
3028,70mm
3028,BD-R
3029,Betamax
3041,Betamax
3042,Betamax
3073,BD-R
3073,Betamax
3102,Betamax
3106,CLV
3109,70mm
3109,CLV
3135,BD-R
3135,Betamax
3138,CLV
3141,70mm
3142,DVD-Video
3143,Betamax
3165,CLV
3169,DVD-Video
3206,CLV
3280,BD-R
3294,Betamax
3313,CLV
3329,Laserdisc CLV
3345,BD-R
3370,CLV
3390,Betamax
3391,70mm
3391,Betamax
3393,Betamax
3395,BD-R
3395,Betamax
3402,Betamax
3403,70mm
3403,Anamorphic Blow-Up
3404,BD-R
3414,CLV
3423,Betamax
3423,DVD-Video
3426,DVD-Video
3428,70mm
3428,BD-R
3428,CLV
3431,Betamax
3433,Betamax
3442,Betamax
3459,Betamax
3459,DVD-Video
3496,Betamax
3496,CLV
3497,Laserdisc CLV
3500,CLV
3501,BD-R
3502,CLV
3506,Betamax
3506,CLV
3516,BD-R
3516,CLV
3557,CLV
3572,Laserdisc CLV
3584,Betamax
3584,CLV
3590,Betamax
3614,CLV
3622,BD-R
3622,CLV
3641,BD-R
3641,CLV
3649,Betamax
3653,BD-R
3667,Betamax
3678,BD-R
3689,Betamax
3690,Betamax
3694,VHS
3710,Betamax
3710,CLV
3714,CLV
3765,BD-R
3766,Betamax
3767,Betamax
3792,BD-R
3802,BD-R
3802,CLV
3806,70mm
3806,Laserdisc CLV
3806,Super Panavision 70
3810,DVD-Video
3841,70mm
3841,CLV
3859,DVD-Video
3922,BD-R
3926,BD-R
3926,DVD-RAM
3926,VHS
3929,BD-R
3933,BD-R
3963,70mm
3963,Anamorphic Blow-Up
3963,BD-R
3965,BD-R
3965,DVD-Video
4003,Betamax
4046,BD-R
4078,Betamax
4079,Betamax
4079,DVD-Video
4081,Betamax
4083,Betamax
4089,Betamax
4093,Betamax
4109,Betamax
4111,Betamax
4115,Betamax
4116,Betamax
4117,Betamax
4117,CLV
4123,Betamax
4123,CLV
4127,Betamax
4129,Betamax
4129,CLV
4130,Betamax
4131,Betamax
4131,DVD-RAM
4138,Betamax
4139,Betamax
4146,DVD-Video
4180,Betamax
4181,BD-R
4197,BD-R
4198,Betamax
4215,Betamax
4221,CLV
4256,DVD-Video
4285,CLV
4290,70mm
4290,CLV
4290,Spherical Blow-Up
4316,BD-R
4317,CLV
4353,Betamax
4355,Betamax
4394,BD-R
4396,Betamax
4402,BD-R
4424,Betamax
4440,BD-Video
4440,Betamax
4442,BD-R
4445,DVD-Video
4445,IMAX 3-D
4445,Stereoscopic 3-D
4458,BD-Video
4459,BD-Video
4462,Betamax
4466,CLV
4476,CLV
4477,Betamax
4482,Betamax
4490,Betamax
4495,BD-R
4496,Betamax
4516,Betamax
4517,Betamax
4522,Betamax
4522,CLV
4523,Betamax
4527,Betamax
4527,CLV
4534,BD-R
4534,CLV
4572,70mm
4578,Betamax
4583,Betamax
4583,CLV
4589,Betamax
4593,CLV
4602,CLV
4608,CLV
4622,Betamax
4635,Betamax
4675,CLV
4690,70mm
4690,Betamax
4690,CLV
4695,Betamax
4714,Betamax
4784,DVD-RAM
4796,Laserdisc CLV
4796,Technirama
4800,BD-R
4812,70mm
4812,Betamax
4827,Betamax
4831,70mm
4831,Anamorphic Blow-Up
4836,BD-R
4836,CLV
4860,Betamax
4911,CLV
4916,BD-R
4925,BD-R
4929,Betamax
4942,DVD-R
4942,DVD-RAM
4952,DVD-Video
4985,BD-R
4985,Betamax
4985,VHS
5053,CLV
5063,Betamax
5063,VistaVision
5077,CLV
5099,BD-R
5099,CLV
5113,BD-R
5136,DVD-Video
5156,VHS
5189,BD-Video
5202,BD-R
5205,BD-R
5226,Betamax
5231,BD-R
5237,Betamax
5241,BD-R
5246,Betamax
5248,Betamax
5311,Betamax
5334,CLV
5356,DVD-RAM
5375,BD-R
5384,BD-R
5398,BD-R
5404,BD-R
5427,DVD-RAM
5428,Betamax
5433,Betamax
5435,BD-R
5435,Betamax
5455,VHS
5471,Betamax
5472,BD-R
5490,BD-R
5497,BD-R
5497,DVD-R
5497,DVD-RAM
5499,BD-R
5499,VHS
5590,BD-R
5601,BD-R
5615,BD-R
5637,CLV
5644,BD-R
5646,70mm
5646,Anamorphic Blow-Up
5646,CLV
5651,BD-R
5651,DVD-RAM
5657,CLV
5689,CLV
5694,70mm
5694,Betamax
5694,Spherical Blow-Up
5696,Betamax
5706,BD-R
5706,Betamax
5723,Betamax
5723,CLV
5741,BD-R
5742,Betamax
5745,Betamax
5745,CLV
5746,BD-R
5826,DVD-R
5836,BD-R
5836,VistaVision
5843,CLV
5863,Betamax
5919,Betamax
5925,Betamax
5968,CLV
5979,DVD-R
6020,BD-R
6020,Betamax
6020,CLV
6025,CLV
6036,Betamax
6044,Betamax
6090,Betamax
6100,Betamax
6116,DVD-R
6143,BD-R
6232,70mm
6232,Anamorphic Blow-Up
6232,BD-R
6245,70mm
6310,CLV
6348,Betamax
6349,BD-R
6358,BD-R
6358,CLV
6386,BD-R
6407,BD-R
6407,Betamax
6417,CLV
6429,BD-R
6448,BD-R
6449,BD-R
6452,BD-R
6452,Betamax
6477,BD-R
6480,BD-R
6480,Betamax
6510,Laserdisc CLV
6527,BD-R
6527,CLV
6527,DVD-RAM
6528,BD-R
6560,CLV
6573,DVD-RAM
6573,Laserdisc CLV
6582,Betamax
6656,BD-R
6656,DVD-RAM
6732,70mm
6734,CLV
6786,BD-R
6786,Betamax
6786,CLV
6794,CLV
6798,VHS
6809,Betamax
6809,VHS
6812,70mm
6814,70mm
6814,Spherical Blow-Up
6817,BD-R
6836,BD-R
6836,DVD-RAM
6836,DVD-Video
6837,BD-R
6860,CLV
6911,70mm
6911,BD-R
6911,Spherical Blow-Up
6973,CLV
6974,DVD-Video
7015,CLV
7040,DVD-Video
7047,70mm
7047,Anamorphic Blow-Up
7049,BD-R
7052,BD-R
7058,BD-R
7074,DVD-Video
7078,BD-R
7085,BD-R
7114,BD-R
7124,DVD-R
7127,CLV
7131,BD-R
7190,DVD-Video
7192,CLV
7205,70mm
7205,Anamorphic Blow-Up
7205,BD-R
7211,BD-R
7245,BD-R
7245,DVD-Video
7292,Betamax
7312,BD-R
7336,Betamax
7394,70mm
7411,Betamax
7411,VHS
7707,CLV
7714,70mm
7716,Betamax
7727,BD-R
7727,Betamax
7730,CLV
7772,BD-R
7772,DVD-R
7781,VHS
7789,DVD-Video
7826,BD-R
7839,BD-R
7882,BD-R
7983,Betamax
8015,BD-R
8044,DVD-RAM
8119,Betamax
8136,BD-R
8136,DVD-Video
8137,BD-R
8137,DVD-Video
8138,DVD-Video
8190,BD-R
8236,BD-R
8293,CLV
8331,BD-R
8331,CLV
8336,BD-R
8378,CLV
8410,BD-R
8410,DVD-Video
8424,BD-R
8450,BD-R
8450,Betamax
8451,BD-R
8458,BD-R
8461,BD-R
8462,BD-R
8465,BD-R
8487,BD-R
8502,BD-R
8502,CLV
8518,BD-R
8518,DVD-RAM
8617,BD-R
8650,BD-R
8677,DVD-Video
8695,BD-R
8714,BD-R
8727,CLV
8727,VHS
8782,DVD-RAM
8804,BD-R
8840,BD-R
8921,BD-R
8921,VistaVision
8998,70mm
8998,BD-R
8998,Blow-Up
9008,DVD-Video
25782,BD-R
25841,BD-R
25841,DVD-R
25887,BD-R
25905,CLV
25906,BD-R
25937,BD-R
25937,CLV
25947,BD-R
25962,BD-R
26038,VistaVision
26095,BD-R
26095,Betamax
26147,BD-R
26147,DVD-R
26198,BD-R
26265,CLV
26562,70mm
26562,CLV
26562,Spherical Blow-Up
26567,Betamax
26676,CLV
26694,VHS
26695,CLV
26750,CLV
26782,CLV
26791,70mm
26791,Anamorphic Blow-Up
26791,CLV
26861,BD-R
26861,DVD-RAM
26870,CLV
27003,BD-R
31030,BD-R
31030,CLV
31038,Betamax
31260,BD-R
31297,DVD-RAM
31367,CLV
31553,CLV
31851,BD-R
32060,DVD-R
32116,Betamax
32302,DVD-R
32314,DVD-R
32442,CLV
32515,Betamax
32862,BD-R
33090,DVD-R
33090,DVD-RAM
33237,BD-R
34018,BD-R
34359,BD-R
37211,BD-R
39801,DVD-RAM
40478,BD-R
40478,DVD-RAM
42556,BD-R
42556,DVD-RAM
42943,Betamax
44889,DVD-R
44889,DVD-RAM
46367,CLV
46664,BD-R
47124,IMAX DMR 3-D
47124,Stereoscopic 3-D
47566,BD-R
47566,DVD-RAM
47721,55 movies every kid should see--Entertainment Weekly
47721,BD-R
47736,BD-R
49389,BD-R
53453,BD-Video
54121,BD-R
55854,BD-R
56379,DVD-RAM
56837,DVD-R
61289,BD-R
62208,BD-R
62383,Laserdisc CLV
63239,CLV
65133,DVD-Video
68536,BD-Video
68536,DVD-Video
70697,DVD-RAM
70697,In-Three Dimensionalization
70697,Stereoscopic 3-D
71147,BD-R
71970,BD-R
72692,BD-Video
72692,DVD-Video
73822,BD-R
75947,Betamax
79073,DVD-RAM
84246,BD-R
86286,Betamax
86286,VHS
86628,BD-R
86628,BD-Video
87287,DVD-Video
88356,Stereoscopic 3-D
89939,BD-R
90245,BD-R
91386,IMAX DMR 3-D
91869,BD-R
92760,DVD-Video
96084,BD-R
98160,BD-R
98296,BD-R
99721,Stereoscopic 3-D
99846,BD-R
100579,BD-R
100611,BD-Video
100611,Stereoscopic 3-D
102747,CLV
105720,BD-R
109846,BD-Video
109846,DVD-Video
110718,BD-Video
116529,IMAX Digital only
116529,IMAX DMR 3-D
117922,BD-R
120827,CLV
121338,BD-R
121342,BD-R
131656,BD-Video
136850,BD-R
140561,BD-R
151745,BD-R
156025,BD-R
165343,BD-R
6408,drunken animals
6408,funny
2368,monster
3564,sitcom
4523,david-vs-goliath
4523,small town
1793,absurd
1793,black comedy
1793,dark comedy
2733,boring
27306,annoying
73822,slice of life
160440,lifetime movie
324,homosexuality
324,Russell Crowe
49,lesbian
7041,foul language
7362,blasphemous
7362,crude
7704,foul language
103449,lesbian
134861,south africa
170939,adventure
175475,animation
183911,blasphemous
2789,666
2789,Antichrist
69469,animation
69469,cat
69469,horrible acting
453,Michael J. Fox
2425,Brendan Gleeson
4240,Jean Reno
4240,remake
4240,remake of a french film
6027,River Phoenix
27450,Juliette Lewis
27450,Vincent Cassel
2975,Taye Diggs
2975,Terrence Howard
141836,russian
159811,russian
172637,russian
173351,russian
7038,Calista Flockhart
7038,Cameron Diaz
7038,Glenn Close
7038,Holly Hunter
25947,Edgar Kennedy
25947,Linda Darnell
49,lesbian
49,nudity
378,charming
378,politics
378,whimsical
987,Nudity
1928,Oscar Winner: Best Picture
2042,hockey
3414,Oscar Nominee: Best Picture
3414,Oscar Nominee: Best Picture 1955
4117,Oscar Nominee: Best Picture
5264,duplicate
5646,palace intrigue
7357,Oscar Nominee: Best Picture
7357,Oscar Nominee: Best Picture 1957
8921,Oscar Nominee: Best Picture
8921,Oscar Nominee: Best Picture 1955
25962,Oscar Nominee: Best Picture
25962,Oscar Nominee: Best Picture 1950
26147,Oscar Nominee: Best Picture
26147,Oscar Nominee: Best Picture 1965
26394,Oscar Nominee: Best Picture
26394,Oscar Nominee: Best Picture 1977
42943,revolutionary war
110655,Brazil
110655,jungle
97904,Aaron Paul
97904,Mary Elizabeth Winstead
97904,Megan Mullally
97904,Nick Offerman
98585,Alfred Hitchcock
98585,Alma Reville
154065,based on a tv show
154065,comedy
154065,great
154065,great British actors
154065,spies
2027,Lloyd Bridges
2027,Sexual Humor
2027,spoof
3846,Rodney Dangerfield
100326,death
100326,old age
100326,stylized
106542,emotional
106542,life after death
106542,love
632,Spanish Civil War
133802,cinematography
60857,cinematography
60857,confusing
60857,disorienting
99574,Corporate Greed
3837,aliens
3837,cult film
3837,dead
4771,baseball
4771,Chicago
2295,Sus
4066,good bad
7986,good bad
75947,dayum
6169,acting
6169,dialogue
6169,script
6169,story
6251,cute
6251,entertaining
6251,fun
7041,acting
7041,actors
7041,actresses
7041,dialogue
7179,acting
7179,based on a book
7179,classic literature
7179,dialogue
7704,action
70697,animals
85316,clever
85316,cute
85316,funny
1352,Directorial Debut
2481,Favorite Scenes
5480,talking animals
5670,sad world of stand up comedy
128695,revenge fantasy
128695,standard plot
26347,alcohol
26347,bathhouse
26347,classic
26347,flight
94867,blood
94867,family
94867,ghosts
94867,house
94867,ice cream
133712,boss
548,comedy
343,to see: kites for kiddos
842,to see: horror/comedy
1920,kites for kiddos
2540,crime
2540,Mark Wahlberg
2769,crime
2769,Mark Wahlberg
2898,to see: horror
3313,to see: horror/comedy
5094,sci fi
5094,sports
5311,to see: b-grade horror
5787,Mark Wahlberg
5787,remake
6631,to see: b-grade horror
7026,80s
7026,comedy
7127,to see: crime
7340,80s
7882,to see: zombie
8241,to see: quirky
55116,to see: war funny
60303,to see: horror
138204,cameos
7657,japan
1824,Hank Azaria
1824,John Lithgow
1824,Ryan Phillippe
1824,weed
27373,baseball
32302,Watch with Dad
274,blended family
274,Disney
274,father-son relationships
486,brother brother relationship
486,child actor
486,employer employee relationship
486,father daughter relationship
486,Michael J. Fox
536,adoption
536,corruption
536,legal battle
536,Silas Marner
609,sequel
1474,culture clash
1474,fatherhood
1474,paternity
2457,Billy Crystal
4675,bank robbery
4675,comedy of errors
4704,Africa
4704,animal capture
84246,assumed identity
84246,Christmas
128944,family comedy
122,David Alan Grier
122,Eartha Kitt
352,1970s
352,Alfre Woodard
639,Spike Lee
881,boarding school
881,bullying
881,crush
881,guardian
881,outcast
1021,angels
1021,baseball
2036,precocious child
2036,wish fulfillment
2860,corrupt cops
2860,Dave Chappelle
2860,diamonds
3898,Antoine Fuqua
3898,espionage
3898,hackers
3898,heist
3898,high tech
4053,African-American
4053,Eddie Griffin
4053,identity theft
4053,Orlando Jones
4053,switching places
99106,Barbara Striesand
99106,mother son relationship
424,basketball
4355,hockey
48262,depression
48262,interviews
48262,San Francisco
58870,aliens
58870,friendship
58870,superhero
131023,health
131023,sugar
3177,silly
5941,music
110330,brotherhood
110330,drugs
110330,growingup
4116,gay slur
7074,Indigenous stereotypes 
43558,fatphobic
85399,Fatphobic
453,Gabrielle Anwar
453,Michael J. Fox
1447,nude black women
1598,Andy Garcia
1598,Michael Keaton
1671,Chris Penn
1671,RenÃ©e Zellweger
1671,Tim Roth
4267,different perspectives
4267,Matt Dillon
4267,Michael Douglas
4267,Paul Reiser
4146,special
129659,sports
879,creature feature
8578,zombie
8578,zombies
484,dog
6794,dog
3182,zlist1
7171,zlist1
2482,rock and roll
4788,Russian
110387,politics
3942,Nudity (Topless - Notable)
3942,slasher
99721,Texas Chainsaw Massacre
82152,Beauty and the Beast
6592,decaying marriage
6592,marriage
6592,mental
100737,cartel
100737,detective
100737,Dwayne johnson
100737,organized crime
100737,undercover
518,Alan Parker
2561,Clint Eastwood
6005,Stand Up
58783,cinematography
58783,dialogue
1487,true story
2372,80s synth music
2372,absurd
2372,Chevy Chase
2372,comedy
9004,computers
54908,french comedy
129657,free running
129657,no story
129657,parkour
140481,Family Guy
140481,parody
140481,Star Wars
102,one of the worst ever
102,stupid
5324,Angelina Jolie
149612,Western
135937,Ezio Greggio
135937,Parody
135937,Spoof
6696,bollywood
79333,kind
79333,Soviet Union
102602,Georgiy Daneliya
102602,Vahtang Kikabidze
107408,inspirational
107408,music
107408,Soviet Union
107408,war pilots
257,plot twist
257,Revenge 
257,Thriller 
1626,environmentalism
1746,college
1746,silly
6022,gangs
6022,prison
6166,kid vs bad guy
6166,kidnapping
6166,kids movie
6166,rascal
6196,Jet Li
117,AWESOME
117,COOL
117,MURDER
2281,boston
2281,cocaine
2281,drinking
2281,gangsters
2281,guns
2751,boston
2751,courtroom comedy
2751,cursing
2751,david alan grier
3143,enemy mine
3143,islands
3143,remade
3238,ashley judd nude
3238,british intelligence
3238,san francisco
4171,Sundance award winner
4171,Sundance Grand Jury Prize
4171,Sundance Grand Jury Prize: Documentary
4777,Florida Film Festival Winner
4777,Florida Film Festival Winner Best Narrative Feature Special Jury Award 2001
5178,Sundance award winner
5256,70s
5256,catholic
5256,chicago
5256,god
5256,irish
5422,Florida Film Festival Winner
5422,Florida Film Festival Winner Best International Feature Film Audience Award 2002
5609,vancouver
6057,wanna-be gangters
6554,Australia
6554,bands
6554,drugs & music
6554,guitar
6554,music
6583,australia
6583,delroy lindo
6583,fighting
8809,Australia
8809,darwin award winner
8809,miranda otto
8933,Toronto Film Festival Winner
27879,Sundance award winner
27879,Sundance Grand Jury Prize
27879,Sundance Grand Jury Prize: Documentary
31038,Sundance award winner
31038,Sundance Grand Jury Prize
31038,Sundance Grand Jury Prize: Dramatic
45382,beach
46572,david mamet
46572,mamet
1769,guns
6624,action
6624,CIA
27434,squandered opportunity
3404,History
3286,2000s
3286,Christmas
3286,winter
4900,cult film
4900,ski resort
116963,80s
116963,party
116963,skiing
116963,sport
1583,Brett Northcutt
3953,Brett Northcutt
4304,Brett Northcutt
47978,disturbing
109968,Dark comedy
7646,Haunted house
7646,Stephen King
3454,romance
7541,romantic comedy
8911,music
8911,teen movie
32298,comedy
32298,romance
78264,pregnancy
78264,romantic comedy
31702,bahman Ghobadi
31702,Kurdistan
71341,horror
71341,low-budget
108949,twist ending
6551,anarchism
6551,anarchy
1860,father-son relationship
1860,time period
1116,unsimulated sex
1326,incest
1326,sibling relationship
4256,unsimulated sex
27513,unsimulated sex
43,Nudity (Topless)
68,Nudity (Full Frontal - Notable)
71,Nudity (Topless)
78,Nudity (Topless)
79,Nudity (Topless)
129,Nudity (Topless - Notable)
148,Nudity (Topless - Notable)
179,Nudity (Topless - Brief)
234,Nudity (Full Frontal - Notable)
259,Nudity (Topless - Brief)
315,Nudity (Rear)
354,Nudity (Topless - Brief)
444,Nudity (Full Frontal - Brief)
451,Nudity (Topless - Notable)
467,Nudity (Topless - Notable)
482,Nudity (Topless - Notable)
518,Nudity (Topless - Notable)
606,Nudity (Topless - Brief)
640,Nudity (Full Frontal - Brief)
650,Nudity (Topless - Brief)
731,Nudity (Topless - Notable)
842,Nudity (Topless)
1043,Nudity (Rear)
1053,Nudity (Topless - Notable)
1428,Nudity (Topless - Notable)
1498,Nudity (Topless - Notable)
1502,Nudity (Full Frontal)
1841,Nudity (Full Frontal)
2112,Nudity (Topless)
2280,Nudity (Rear)
2280,Nudity (Topless - Brief)
2331,Nudity (Full Frontal)
2381,Nudity (Topless)
2390,Nudity (Topless - Brief)
2518,Nudity (Topless)
2590,Nudity (Topless)
2668,Nudity (Topless)
2674,Nudity (Full Frontal - Notable)
2829,Nudity (Rear)
2988,Nudity (Full Frontal - Brief)
2988,Nudity (Rear)
2988,Nudity (Topless - Notable)
3064,Nudity (Topless - Notable)
3102,Nudity (Topless - Brief)
3125,Nudity (Topless - Notable)
3145,Nudity (Full Frontal)
3163,Nudity (Full Frontal - Brief)
3163,Nudity (Topless)
3326,Nudity (Topless)
3765,Nudity (Full Frontal - Notable)
4167,Nudity (Topless)
4355,Nudity (Rear)
4522,Nudity (Topless)
5023,Nudity (Topless - Notable)
5081,Nudity (Rear)
5226,Nudity (Full Frontal - Notable)
5637,Nudity (Topless)
5689,Nudity (Full Frontal)
5749,Nudity (Full Frontal - Notable)
5841,Nudity (Topless)
5847,Nudity (Full Frontal - Brief)
6036,Nudity (Topless - Notable)
6039,Nudity (Full Frontal)
6111,Nudity (Full Frontal - Notable)
7109,Nudity (Full Frontal - Notable)
7354,Nudity (Topless)
27022,Nudity (Topless - Notable)
27627,Nudity (Topless)
33188,Nudity (Full Frontal - Notable)
46231,Nudity (Topless)
46572,Nudity (Rear)
47978,Nudity (Topless)
50147,Nudity (Topless - Brief)
51666,Nudity (Full Frontal - Brief)
52375,Nudity (Topless - Brief)
59915,Nudity (Topless)
5202,1980
27704,japanese
149902,inconsistent
1465,Eric's Dvds
4224,Eric's Dvds
6022,Eric's Dvds
6185,Eric's Dvds
6948,Eric's Dvds
7449,Eric's Dvds
32298,Eric's Dvds
49110,Eric Idle
49110,Greg Beeman
49110,Jeffrey Jones
49110,Jon Lovitz
49110,Kathy Ireland
2473,positive thinking
86922,Comedy
86922,french
102602,Georgiy Daneliya
1816,Heather Graham
3987,Gwyneth Paltrow
4146,good acting
7031,Kim Basinger
78116,Amanda Peet
78116,lively
128695,gritty
128695,visually appealing
141844,Ostap Bender
93208,Disney
93208,Mark Twain
95624,british
95624,gang violence
95624,hooligans
9004,child protagonist
92674,Abigail Breslin is FANTASTIC!
92674,good music
92674,great story
4440,bad sound
1502,Of Course It's Rigid! The Dude's In Full Rigor!
4719,The 5-Second Rule Never Applies Near Animals Or In Zoos
6656,'Why Is Everyone Running Around With Puppets Up Their A**?!'
8720,Loved The Mouse Wake-Up
8919,Hmmm I Wonder How Many Counselors Do Their Jobs Like That!
26696,Cynthia(Deborah Rennard) Was The Only Performer To Watch In This Drek! More Like L I O N A S S!
43556,An Orifice & A Gentle Hand Refried For '06
44511,'Lemme Get This Straight. You Have No Idea Who You Are But You Wanna Be Famous?'
55391,A Bad Copy Of Departed Which Was A Re-Hash Of Infernal Affairs
54116,Fate
1003,Gene Hackman
1654,little girl
2590,little girl
4666,fbb
4666,Raye Hollitt
5081,Nicole Kidman
4719,trapped in a human body
4625,1980
5375,1800s
5375,American West
5375,Angela Lansbury
210,biopic
210,western
172881,anime
172881,The Matrix
172887,anime
172887,The Matrix
700,bullying
700,cheesy
700,chris owen
700,classic feel
1812,bereavement
1812,cheesy
1860,father-son relationship
5237,child acting
5237,entertaining
5237,FIGHTING THE SYSTEM
8955,crime
8955,Devon Alan
8955,Jamie Bell
8955,lacking emotion
33826,Catholic school
33826,child neglect
82684,meaningless
82684,no limits
82684,trash
4164,Samuel L. Jackson
5137,own
6775,own
7124,own
8375,documentary
8375,own
8375,politics
8753,own
8753,politics
1082,California
1082,cockpit
1082,election
1116,French
2742,bisexuality
2742,cross-dressing
2742,dark comedy
3125,based on a book
4273,French
5614,bisexuality
5614,car accident
5614,infidelity
5843,based on a book
5843,hostage
5843,phone sex
6706,based on a play
6706,based on a true story
6706,Beethoven
6706,bullying
6706,conductor
8933,Canadian
8933,dialogue
26308,Dutch
26308,factory
26308,infidelity
26308,pubic hair
86014,based on a book
86014,diary
86014,middle school
96945,based on a book
96945,dark comedy
96945,directorial debut
96945,French
106144,British
106144,child labor
106144,crime
106144,friendship
106144,horse racing
148166,based on a book
148166,cinema
148166,director
148166,filmmaking
615,hardship
615,Nino Mandredi
615,satire
2956,affair
4521,River Phoenix
4527,river phoenix
94323,Michael Ealy
49389,less than 300 ratings
49389,Silent
1887,history
1928,Oscar (Best Picture)
66,Crap
1920,seen at the cinema
3710,Can't remember
6022,Can't remember
8908,watched 2006
424,basketball
656,basketball
656,sport
656,trainer
1631,Donald Sutherland
4521,california
4521,fbi
4521,Sidney Poitier
4521,sleeper agent
3516,witchcraft
4591,Dungeons & Dragons
5879,hanukkah
5879,jewish
6939,cheating
6939,melodrama
6939,polygamy
6939,suicide
6948,poverty
34811,car theft
78103,Rwandan Genocide
26750,progressive
179,female director
257,writer Peter Stone
516,female director
1335,B Movie
1363,female director
1650,female director
1746,female director
1769,director poc
2468,female director
3183,female director
3571,hyperlink cinema
3797,female director
4131,female director
4384,director POC
5155,prisoner
5156,prisoner
5189,Bad Movie Nite
5704,80s video
5704,B Movie
6835,B Movie
8378,female director
26527,director lgbt
26861,B Movie
55020,anthology
98175,female director
129659,female director
170777,short
66744,great acting
3302,overcome tragedy
43904,Jill the Babysitter
27255,No progress
2892,love
3806,native americans
3806,treasure hunt
5919,Klaus Kinski
5919,robots
26236,civil war
26236,civil war in Russia
26236,classic
26236,eastern
26236,western
102602,Aviation
118290,posta
118290,postapocalyptic
118290,robot
126426,sci-fi
126426,Stanislaw Lem
141830,soviet classics
145994,soviet classics
146028,soviet classics
146028,Vasiliy Livanov
147250,soviet classics
147250,Vasiliy Livanov
147300,soviet classics
147300,Vasiliy Livanov
147326,soviet classics
147328,soviet classics
147328,Vasiliy Livanov
147330,soviet classics
147330,Vasiliy Livanov
158402,aviation
146028,russian
147300,russian
147326,russian
147326,sherlock holmes
90343,fav
143255,drugs
143255,dystopia
4236,cultural customs and traditions
4236,documentary
4236,homosexuality
4236,social commentary
6195,WRITER'S LIFE
2149,cheesy
2868,cheesy
2868,vampire
4021,gay
3554,Alfre Woodard
5486,Billy Connolly
5486,Christian Slater
5486,RuPaul
74683,Geoff Bell
83796,Alaa Safi
83796,Moussa Maaskri
91337,Clint Howard
91337,Rance Howard
96518,Helen Mirren
96518,Mark Strong
96518,Robert Pugh
122260,Greg Bennett
122260,Iain Glen
122260,Lesley Sharp
122260,Roger Frost
122260,Ron Cook
57499,samurai
57499,Sengoku Jidai
57499,Takeda Shingen
115727,martial arts
3955,low humor
3955,nudity (topless)
60737,so bad it's good
8,19th century
8,abandoned house
9,1990s
9,action hero
38,identical twin
38,matchmaking
38,orphan
38,relationship sabotage
40,south africa
53,independent film
54,Disney
54,kids and family
54,soccer
54,sport
54,woman director
55,alcohol
55,artist
55,band
68,estate agent
68,love triangle
71,based on novel or book
71,bomb
71,car chase
71,car crash
75,bully
78,hit-and-run
78,independent film
79,blackmail
79,court case
79,courtroom
83,african american
83,family relationships
83,racial segregation
83,rural setting
92,19th century
93,1990s
99,hollywood
99,narration
99,prostitution
103,experiment
103,forensic
103,gunman
103,memory
103,murder
106,falling in love
106,prophecy
106,rich man
106,single
106,voodoo
117,based on a true story
118,best friend
118,brooklyn bridge
118,independent film
118,love
119,estate
119,lawyer
119,santa barbara california
119,sibling relationship
119,twin brother
126,based on children's book
126,dragon
126,fantasy world
137,homosexuality
137,independent film
137,mockumentary
140,career
146,china
146,panda
146,poacher
148,1940s
148,based on novel or book
148,england
155,burma
155,doctor
155,rangoon
179,attempted suicide
179,bare chested male
179,bipolar disorder
184,dracula
184,new york
189,christmas
191,based on novel or book
191,burning of witches
191,extramarital affair
191,period drama
205,woman director
206,fashion
209,alternative universe
209,black white relations
209,dystopia
212,boy scouts leader
212,cave
212,children
212,mistaken identity
212,waterfall
227,airplane
228,automobile
228,desert
228,expectant father
228,heist
234,bdsm
238,boy and dog
238,wilderness
240,suspense
241,based on novel or book
241,car accident
241,dog
241,dog movie
241,flashback
243,advertisement
243,animal character name as title
243,bar
243,boy
243,businessman
250,Disney
250,overweight
250,summer camp
254,biography
254,france
254,history
254,president
254,revolution
255,gangster
255,new york
255,prank telephone call
258,Disney
258,kids
258,medieval times
259,hoodlum
269,chola
269,cholo
269,east los angeles
270,accident
270,accident victim
270,cruise
271,adoption
271,baby
271,based on novel or book
271,child abuse
274,Disney
275,christmas
275,cross dresser
275,holiday
279,death of wife
279,family
279,family relationships
279,immigrant
283,black youths
283,brutality
283,hip-hop
283,new jersey
285,detective
285,drugs
285,experiment
285,hallucination
285,killer
294,cuban refugees
294,immigration
294,independent film
294,political prisoner
294,woman director
295,arsonist
295,burning house
295,jealousy
295,teenage crush
301,arranged marriage
301,cultural difference
301,hawaii
304,based on short story
304,birthday
304,deathbed
304,funeral
304,grandparent grandchild relationship
311,serial murder
311,special education
311,suspicion
311,therapist
324,australia
324,based on play or musical
330,anthology
330,bare chested male
330,beaten to death
330,beheading
335,armored car
336,african american
336,jungle
336,vietnam
341,actor
341,audition
341,culture clash
341,dating
341,daughter
343,camp
343,club
343,friends
343,summer
354,baseball
354,historical figure
359,independent film
359,jail
359,love
359,puerto rican
359,theft
360,adversary
385,dublin
385,friendship
385,gay
385,ireland
385,middle age
386,celebrity
386,escape
386,homecoming
386,hospital
391,family relationships
391,fear
391,gospel singer
391,relationship
408,bull riding
408,cowboy
408,independent film
408,rodeo
415,cops
415,gangster
415,police stakeout
415,staatsanwältin
418,medieval times
421,country life
430,1950s
430,1960s
430,3d glasses
430,absent father
430,absent mother
437,infra red
437,jumper cable
437,photo album epilogue
437,rude waiter
438,cowboy
444,cowgirl
445,private detective
445,spoof
449,hip-hop
451,confrontation
451,film noir
453,concierge
453,deception
458,apache
461,homosexuality
461,independent film
467,best friend
467,independent film
479,boxing match
479,chicago
479,drug dealer
479,escape
484,lassie
487,jack
487,lightning
499,alimony
499,bowling alley
499,friendship
499,professor
499,unfaithfulness
511,american football
511,sport
512,alien
513,director
513,radio
513,radio station
516,advertising expert
516,commercial
516,kaserne
516,soldier
518,competition
528,baseball
528,father figure
528,mentally ill
528,pitcher
528,sport
544,boat
568,independent film
568,indian lead
568,woman director
569,baseball
573,woman director
583,autobiographical
583,cancer
583,fake documentary
583,motorcycle
583,vespa
600,independent film
600,suspense
609,Disney
612,independent film
612,mistaken identity
615,foreigners
615,hardship
617,madrid
619,animal actor
619,baseball
619,chimpanzee
619,critically bashed
619,monkey
626,african american
626,battle of the sexes
626,chauvinist
626,cynicism
626,dating
631,dog
632,anarchist
633,answering machine
633,masturbation
633,telephone
633,telephone sex
634,cop
634,dinosaur
635,arkansas
635,biracial
635,childbirth
638,baby
639,acting teacher
639,actress
649,road movie
656,basketball
656,chauffeur
667,chop socky
667,kumite
667,martial arts
667,mixed martial arts
679,ireland
679,strained relationship
688,Disney
691,mistaken identity
691,role reversal
691,train wreck
695,child murder
695,female detective
695,investigation
695,murder
695,murder investigation
697,corruption
697,love
697,murder
703,amnesia
703,boarding school
703,flashback
703,secret
704,bare knuckle boxing
710,basketball
710,boston
715,exile
715,horse
715,italian
715,new love
715,provence
725,boxer
725,promoter
725,sport
726,death
726,detective
726,golf club
726,lawyer
731,alcohol
759,woman director
773,africa
773,animal slaughter
773,avant-garde
773,cattle
779,addiction
779,apartment
779,best friend
779,break-up
779,childhood friends
795,actor
795,aspiring actress
795,illegal immigrant
795,independent film
795,los angeles california
806,african american
806,antique dealer
806,betrayal
806,broken glass
808,airplane crash
824,bavaria
824,independent film
824,nuremberg
824,prisoner
828,boys
828,crime
828,italy
828,love
829,apartment
829,apostrophe in title
833,high school
833,los angeles
833,school
840,basement
840,children
840,divorce
842,born again christian
842,brothel
867,carpool
867,robbery
869,election
869,jazz music
869,kansas city
869,politician
870,boat
870,fishing
870,rogue
870,sea
876,martial arts
885,aunt
885,circus
885,imaginary friend
885,magic
886,bullet wound
886,cop
886,drug lord
886,drugs
893,germany
941,zorro
944,airplane
961,aristocracy
961,brooklyn new york city
961,earl
961,england
961,grandparent grandchild relationship
984,beer
984,drinking
984,love
987,abusive father
988,singer
988,songwriter
988,woman director
990,dying and death
990,mistake in person
990,russian mafia
1003,based on novel
1004,cop
1004,homicide detective
1004,past
1005,college
1043,beach
1043,grief
1050,performance art
1050,shakespeare
1053,bank
1053,love
1053,murder
1053,robbery
1054,bus
1105,barn
1105,blood
1105,children
1105,corn
1105,night
1112,armored truck
1112,ashtray
1112,dysfunctional family
1112,independent film
1112,robbery
1114,1930s
1114,bedroom
1114,corpse
1117,down syndrome
1121,alcohol
1121,beer
1121,drunk
1121,friends
1121,future
1126,childhood memory
1140,biography
1151,16th century literature on screen
1151,19th century literature on screen
1151,absurdism
1151,accordion
1151,arthouse horror
1167,con man
1167,god
1167,letter
1167,money
1180,independent film
1312,crucifix
1312,cutter
1312,daydream
1312,incest
1318,cornwall
1318,dance
1318,independent film
1318,sport
1318,surfing
1322,ghost
1322,mirror
1322,sequel
1324,amityville horror
1324,dollhouse
1324,ghost
1325,amityville horror
1325,evil
1325,mirror
1325,photographer
1326,abusive father
1326,child abuse
1331,afterlife
1331,apartment
1331,automobile accident
1332,airplane landing
1332,animal sacrifice
1332,asian american
1332,badge
1335,beach
1335,monster
1335,sand
1349,carnival
1349,gypsy
1349,vampire
1351,diamond
1351,fight
1351,gun
1351,heist
1352,bar
1352,gun
1352,hostage
1353,columbia university
1353,professor
1363,angel
1395,car accident
1397,woman director
1412,british prison
1412,candlelight vigil
1412,ireland
1413,independent film
1413,romance
1414,mother son relationship
1414,neurotic
1415,bath tub
1423,cop
1423,thriller
1426,dog
1426,dolphin
1426,marine biologist
1428,baby
1428,child wish
1428,schizophrenia
1428,therapist
1432,hostage-taking
1432,jewel thief
1432,liberation of hostage
1432,negotiation
1440,bad cop
1440,press
1445,base
1445,based on tv series
1445,exotic island
1445,terror
1445,terrorist
1456,bagpipes
1456,basketball
1456,binoculars
1456,boat
1456,boyfriend girlfriend relationship
1460,amateur detective
1460,Disney
1465,racial segregation
1473,bank robbery
1473,bank robbery attempt
1473,bare chested male
1473,best man
1474,Disney
1477,african american
1477,ex-boyfriend
1477,independent film
1477,sex
1487,biography
1489,acting
1489,anthropomorphism
1490,burglar
1490,guilt
1490,irreverence
1490,millionaire
1490,nephew
1493,independent film
1493,woman director
1495,california
1495,car
1495,child
1495,child hero
1502,necrophilia
1502,woman director
1503,head
1507,island
1507,japanese
1507,prison
1507,singapore
1516,australia
1516,camera
1516,joseph stalin
1519,new zealand
1533,accidental death
1533,anti-communism
1533,baby
1533,belgium
1549,mexico
1549,shaman
1549,woman director
1550,actor
1550,independent film
1550,lawyer
1551,chimpanzee
1551,eccentric
1551,gorilla
1551,socialite
1551,woman director
1564,eccentric
1564,sibling-in-law sibling-in-law relationship
1564,terminal illness
1565,amnesia
1565,boat
1565,honeymoon
1565,husband
1565,remake
1571,cat
1571,paris
1574,cab driver
1574,extramarital affair
1574,poetry
1574,supermodel
1581,cruise ship
1581,widower
1581,woman director
1583,fairy godmother
1583,kids
1585,woman director
1593,career woman
1593,fire
1598,captive
1598,confrontation
1598,convict
1600,alcoholic
1600,attempted murder
1600,bacon
1600,bar
1600,claim in title
1601,1930s
1601,blood
1601,dutch
1601,gangster
1602,based on tv series
1602,kids and family
1606,fate
1606,planetary configuration
1606,sword
1606,sword fight
1612,gay
1612,independent film
1612,italian stereotype
1612,odd couple
1613,los angeles
1613,rent boy
1621,family relationships
1621,sister
1624,family
1624,tragedy
1629,election campaign
1629,irish-american
1629,make a match
1631,1970s
1633,bank robbery
1642,gay interest
1642,gay man
1642,independent film
1642,woman director
1647,beautiful woman
1647,drug addict
1647,drugs
1647,fbi
1650,19th century
1652,concert film
1652,interview
1652,neil young
1652,rock band
1652,rock music
1654,fairy
1654,fairy tale
1655,1990s
1659,gang
1659,new mexico
1659,prison
1659,smuggling
1659,theft
1662,brutality
1662,buddy
1662,detective
1662,murder
1667,hostage drama
1667,independent film
1667,journalist
1667,museum
1670,adoption
1670,anti war
1670,balkan
1671,murder
1671,prostitute
1679,invention
1679,inventor
1679,scandal
1684,flower
1695,1600s
1695,17th century
1703,amish
1703,cheating
1703,devoutness
1703,new york
1703,parish hall
1718,burglary
1718,insurance investigator
1718,jewel
1718,murder plot
1731,alarm
1731,animated opening credits
1731,antique
1739,1990s
1746,anal itching
1746,bare chested male
1752,armored car
1752,crook
1752,evacuation
1752,hoodlum
1755,business
1755,chase
1759,ambassador
1759,assassination
1759,brazilian
1759,freedom
1759,plot
1769,assault rifle
1770,abusive mother
1793,american abroad
1794,actor
1794,love
1794,obsession
1797,climbing
1798,borderline personality disorder
1798,domineering mother
1798,fall
1798,farm
1798,horse
1807,baskeball
1807,kansas
1807,love triangle
1807,single father
1816,actor
1824,california
1825,black
1829,independent film
1837,road trip
1837,wedding date
1839,giant
1839,romania
1839,tall man
1841,daughter
1841,lawyer
1841,secret
1841,to shoot dead
1855,anthropology
1855,based on novel or book
1855,circumcision
1857,aspiration
1857,conspiracy
1857,fashion
1857,job
1863,baseball
1863,baseball bat
1863,career
1863,sport
1863,trainer
1867,africa
1867,tarzan
1870,small town
1870,texas
1887,bear
1887,bipolar disorder
1893,becoming an adult
1893,berlin
1893,bicycle accident
1893,child
1893,clarinet
1902,cafe
1902,dancing
1906,independent film
1906,jealousy
1906,substitute teacher
1910,dublin
1910,gangster
1910,hoodlum
1910,hostage
1910,irish
1920,14 year old
1922,drugs
1922,new jersey
1922,sex
1922,teenager
1922,woman director
1990,casual sex
1990,monk
1990,murder
1990,nun
1990,priest
2007,children
2007,dancing
2007,festival
2007,jealousy
2007,paris
2016,Disney
2016,spoof
2017,Disney
2017,kids and family
2032,Disney
2035,american football coach
2035,coach
2035,Disney
2036,Disney
2040,computer
2040,Disney
2040,walt disney
2044,Disney
2050,counterfeiting ring
2055,Disney
2056,based on novel or book
2056,condor
2056,Disney
2056,jules verne
2091,Disney
2098,Disney
2103,Disney
2152,american football
2152,Disney
2152,dog
2152,sport
2154,age difference
2154,black people
2154,female protagonist
2166,childhood friends
2166,death penalty
2169,autopsy room
2169,college
2169,drugs
2169,fraternity house
2169,pot
2175,american
2175,love
2175,pin
2175,ruby
2175,stranger
2190,addict
2190,black singer
2190,crowd
2190,doo wop
2190,legal battle
2196,1990s
2196,acid
2196,action hero
2226,boxer
2226,love triangle
2226,prize fighter
2241,college student
2244,woman director
2255,cult comedy
2255,medical
2260,bank
2260,chase
2260,convict
2260,debut
2267,physical abuse
2267,suspense
2280,bar
2280,desert
2286,diamond
2286,dr. fu manchu
2286,nuclear war
2286,soviet union
2286,usa
2292,love
2292,unfaithful girlfriend
2295,ocean liner
2295,stowaway
2306,guru
2306,salesclerk
2306,television
2306,television producer
2327,anthology
2327,based on tv series
2327,black cat
2331,brooklyn bridge
2331,divorce
2331,female protagonist
2339,christmas
2339,Disney
2339,holiday
2339,woman director
2354,aftercreditsstinger
2354,anger
2354,angry baby
2354,baby
2356,actor
2368,giant ape
2370,abduction
2374,auto industry
2374,automobile industry
2374,business
2374,car factory
2380,competition
2380,governor
2382,handcuffs
2382,investigation
2382,miami beach
2385,adultery
2385,attack helicopter
2385,baby
2385,birth
2385,birthday party
2392,christmas party
2400,barn
2400,christmas
2400,farm
2400,holiday
2408,cocoon
2408,expectant father
2417,infidelity
2417,journalist
2417,wife husband relationship
2418,advertising
2418,advertising executive
2418,airplane
2425,alibi
2425,art heist
2425,art theft
2425,assassination
2436,ambassador
2436,benito mussolini
2436,hotel
2439,abusive father
2445,blind
2445,massage therapist
2446,based on novel or book
2446,dream
2458,corruption
2458,criminal defence lawyer
2458,ex-cop
2458,private detective
2465,1980s
2465,abuse
2465,abusive father
2465,accidental killing
2468,agent
2468,chat
2472,prison
2472,train robbery
2475,blackmail
2475,infidelity
2475,los angeles
2475,murder
2481,american football coach
2481,debt
2481,funeral
2481,glasgow
2482,1970s
2482,birthday
2482,comeback
2482,condom
2491,chef
2492,biography
2492,hidden camera
2492,mockumentary
2493,anti semitism
2493,berlin
2493,biography
2493,jew
2493,musical
2498,alien
2498,based on tv series
2504,independent film
2504,lower east side
2506,autism
2515,corn
2515,harvest
2515,possession
2515,priest
2515,sequel
2516,blood
2516,blood splatter
2516,boy
2516,chicago
2516,city
2518,morgue
2518,new york city
2518,pimp
2521,1970s
2521,acoustic guitar
2521,actress
2522,airliner
2534,ambulance
2534,avalanche
2534,disaster movie
2534,ice skating
2534,New World Pictures
2537,capsized ship
2540,chinatown
2540,gang war
2544,conflict
2544,france
2544,love
2544,obsession
2544,passion
2546,boy
2546,kidnapping
2555,1990s
2555,amusement park
2555,attempted escape
2555,baby
2561,ambition
2561,death penalty
2566,based on tv series
2566,cartoon
2566,character name in title
2566,crush
2566,dance
2568,based on tv series
2568,drug traffic
2568,undercover
2573,dancer
2573,love
2573,musical
2573,tango
2574,misfortune
2574,new york
2577,compromise
2577,liar
2577,london england
2597,dog
2597,neighbor
2597,restaurant
2597,ring
2615,dinosaur
2615,science
2615,time travel
2620,father
2620,illinois
2620,independent film
2620,ireland
2623,high school
2623,prom
2625,bookshop
2625,chinese mafia
2625,library
2629,love letter
2629,misunderstanding
2630,composer
2630,english
2630,gift
2655,based on novel or book
2655,monster
2659,b movie
2659,movie business
2659,narration
2668,1970s literature on screen
2669,1950s
2669,infantry
2669,korean war
2676,gorilla
2676,instinct
2676,murder
2681,dream
2681,gathering
2695,australia
2695,australian
2695,brother
2695,parole board
2695,prisoner
2698,future
2698,post-apocalyptic
2708,french countryside
2708,friendship
2708,lonely hearts ad
2708,southern france
2708,widow
2725,independent film
2733,incan
2733,psychic power
2733,psychokinesis
2738,reunion
2738,sibling relationship
2741,louisiana
2741,murder
2741,neo-noir
2741,revenge
2743,chauffeur
2743,paranoia
2749,alcohol abuse
2749,blackout
2752,cia
2752,fake death
2786,artificial lightning
2786,castle
2786,corpse
2786,creepy
2798,baby-snatching
2798,child hero
2798,foster parents
2798,kidnapping
2801,19th century
2802,best friend
2802,california
2807,computer program
2807,destiny
2815,dictator
2815,execution
2815,government
2815,parent child relationship
2816,air force
2816,atomic bomb
2816,israel
2816,pilot
2817,airplane
2817,drugs and addiction
2817,dying and death
2817,pilot
2817,poison
2828,based on cartoon
2829,muse
2829,screenwriter
2856,based on novel or book
2856,murder
2856,neighbor
2856,prank telephone call
2865,woman director
2874,musical
2875,agriculture
2878,abandoned house
2878,abandoned manor
2878,b movie
2885,bohemian
2885,dysfunctional family
2885,older man younger woman relationship
2885,photographer
2885,protégé
2891,beauty pageant
2891,con man
2891,confidence man
2891,escaped convict
2896,cattle
2896,cattleman
2896,colonel
2896,confederate
2898,alter ego
2902,attic
2902,based on ed gein
2902,basement
2962,arsenal london
2962,dating
2962,jogging
2962,london england
2962,relationship problems
2965,bible
2965,biblical code
2965,revelation (book)
2965,suspense
2974,animal as title
2974,animal attack
2974,attack
2974,autopsy
2974,bat
2982,animate tree
2982,art gallery
2982,artist
2982,automobile
2982,baby
2984,motor sport
2984,motorcycle
2988,california
2988,courtroom
2992,alliterative title
2992,altar
2996,1980s
2996,1990s
3003,1940s
3003,accountant
3003,anarchist
3003,austrian
3021,carnival
3021,funhouse
3021,mask
3021,violence
3041,alien
3041,sequel
3041,summer camp
3042,ghost
3042,loss of virginity
3042,porno star
3042,sequel
3043,sport
3045,england
3055,series of murders
3055,suspense
3056,buried alive
3057,hollywood
3064,direct to video
3064,erotic movie
3073,big sur
3073,deer
3096,butler
3106,1940s
3106,forbidden love
3106,interracial marriage
3106,love
3117,1860s
3120,bribery
3120,business man
3120,falling in love
3120,greed
3132,boarding school
3132,orphan
3132,silent film
3135,basketball
3135,family relationships
3135,high school
3138,friendship
3161,loss of loved one
3161,relationship
3161,tragic love
3161,unrequited love
3161,woman director
3162,horse track
3165,escape
3165,hero
3165,prison
3169,biography
3169,spy
3177,boy gang
3177,cholo
3177,escape
3177,escape from prison
3182,auschwitz
3182,coffee
3182,denial
3182,execution
3183,woman director
3206,adventure
3206,american football player
3206,film noir
3225,love
3225,love of one's life
3225,lovesickness
3225,man-woman relation
3225,new love
3240,hairdresser
3240,hairstylist
3276,drug cartel
3280,baby
3280,social worker
3283,independent film
3284,fantasy
3284,loss of loved one
3284,mental illness
3294,Australian
3294,b movie
3294,bad acting
3295,cannes film festival
3295,catholic
3299,amnesia
3302,bosnian war
3302,england
3302,independent film
3302,refugee
3308,1960s
3308,beach resort
3308,gambler
3313,1970s
3313,1980s
3315,bachelor
3315,musical
3315,theatrical producer
3324,accident
3324,death
3324,dysfunctional
3325,best friend
3325,co-parenting
3325,custody battle
3325,flush
3326,alien
3326,alien life-form
3326,erection
3326,noises
3327,controversial
3327,ecw
3327,sport
3329,1960s
3329,first love
3329,locket
3329,love triangle
3345,Disney
3345,friendship
3357,kgb
3370,farmer
3370,fbi
3370,hunt
3370,ku klux klan
3372,bridge
3372,explosion
3387,disappearance
3387,disguise
3387,fool
3387,leave
3387,nymphomanin
3389,rescue operation
3395,murder
3395,on the run
3395,texas
3403,titanic
3404,titanic
3414,chinese civil war
3414,cross cultural relationship
3423,musical
3426,architect
3426,crack addict
3426,forbidden love
3428,boxer
3431,detective
3434,child custody
3434,fashion designer
3434,fashion show
3434,model
3442,bikini
3442,drug addict
3442,gang
3442,illegal drugs
3453,car race
3453,diner
3453,private school
3474,18 wheeler
3474,accomplice
3474,altering history
3496,based on novel or book
3496,child prodigy
3496,indian lead
3497,daughter
3497,police academy
3497,police operation
3497,police protection
3500,has been
3500,show business
3501,divorce
3501,eligible bachelor
3501,horse boarder
3501,horse ranch
3506,american football
3506,sport
3511,sport
3553,college
3553,experiment
3554,1980s
3554,1990s
3557,blindness and impaired vision
3557,falling in love
3563,based on comic
3563,crow
3564,best friend
3564,dinosaur
3571,actress
3571,drugs
3572,antidote
3572,apocalypse
3573,dinosaur
3574,colonel
3574,dinosaur
3574,doctor
3574,female police officer
3574,female police officer deceased
3580,blackmail
3580,florence
3580,independent film
3584,eroticism
3584,extramarital affair
3586,musical
3586,rock music
3597,dating
3597,diner
3597,independent film
3597,masturbation
3614,elvis presley
3614,fear of commitment
3614,gambling debts
3614,hawaii
3618,bank
3618,bank robber
3618,bank robbery
3628,world war ii
3641,high society
3641,pearl necklace
3641,railroad station
3643,japanese
3643,pacific island
3648,1950s
3648,1950s horror
3648,abominable snowman
3648,american abroad
3648,animal trap
3653,surfboard
3658,abandoned house
3662,Full Moon Features
3663,Full Moon Features
3663,puppet
3663,sequel
3664,demon
3664,Full Moon Features
3664,puppet
3664,sequel
3667,independent film
3667,prostitute
3667,street shootout
3669,satellite dish
3669,spoof
3669,televison
3689,duringcreditsstinger
3689,ku klux klan
3689,lust
3689,misadventure
3690,misadventure
3694,cult film
3694,gore
3695,camp
3695,satire
3695,sequel
3695,spoof
3710,action hero
3712,soap opera
3712,television broadcast
3712,tv show
3714,baltimore
3714,based on novel or book
3714,grief
3714,jamaica
3716,drugs
3716,police
3743,friendship
3743,girlfriend
3743,lovers
3743,model student
3743,motherly love
3746,atheist
3746,butterfly
3746,coming of age
3746,communist
3746,fascism
3764,technology
3774,african american
3774,baseball bat
3774,beach party
3774,best friend
3774,black american
3787,bath house
3787,beijing
3787,business man
3792,brother
3794,gay
3794,independent film
3794,mentally handicapped man
3795,independent film
3797,woman director
3810,suspense
3834,cowboy
3834,love
3834,wild west show
3838,mausoleum
3839,cemetery
3839,mausoleum
3839,sentinals
3839,tall man
3862,brother
3862,customer
3862,engagement
3862,girlfriend
3888,1960s
3888,abortion
3888,abortion clinic
3888,african american slur
3888,american indian
3889,antiquary
3889,franchise
3894,christmas lights
3894,dog
3894,friends
3899,american
3899,brighton
3899,broken finger
3899,contract killer
3901,musical
3909,woman director
3912,independent film
3912,woman director
3920,angel
3920,berlin
3920,friends
3920,rescue
3922,b movie
3922,beach movie
3922,holiday
3929,accident
3940,slasher
3940,woman director
3941,college
3941,escaped mental patient
3941,hiding
3941,psychic power
3942,haunted house
3942,ouija
3942,ouija board
3955,cheat on husband
3955,eating contest
3955,radio
3957,rape
3957,school
3957,violence
3958,politics
3958,senator
3962,1980s
3962,alcoholism
3962,amusement park
3962,axe
3962,bacon
3963,based on play or musical
3971,heiress
3971,New World Pictures
3971,spoof
3974,american abroad
3974,amulet
3974,based on novel
3974,based on novel or book
3987,chance
3987,destiny
3987,encounter
3990,2000s
3990,american abroad
3990,amusement park
3990,aviation
4003,newlywed
4012,comedian
4012,housewife
4012,nightclub
4012,one word title
4012,reference to charles manson
4021,aids
4021,artist
4032,scalper
4032,toupee
4035,1860s
4040,babysitter
4040,children home alone
4040,mom on holiday
4066,black humor
4074,german democratic republic
4074,resistance
4078,exploding airplane
4078,little league
4078,nuclear weapons
4079,anarchic comedy
4079,anthology
4081,beach movie
4081,spoof
4081,woman director
4083,attempted murder
4083,author
4083,bomb
4083,california
4089,east los angeles
4089,immigration
4089,south-of-the-border
4093,based on novel or book
4093,burglary
4093,cigarette smoking
4093,coffee
4109,New World Pictures
4110,agent
4110,cold war
4111,american flag
4111,anti war
4113,based on play or musical
4115,delaware
4115,disguise
4115,high school
4123,beautiful woman
4123,escape
4123,sahara
4125,spy
4125,unwatchable
4127,adult as a child
4127,body-swap
4127,child as an adult
4129,heaven
4130,fairy godmother
4130,maid
4130,party
4130,weird couple
4132,department store
4132,mannequin
4132,new love
4138,demon
4139,car thief
4139,rookie cop
4143,mobbing
4143,revenge
4154,based on tv series
4154,classmates
4154,Disney
4154,elementary school
4154,friends
4156,duringcreditsstinger
4158,aftercreditsstinger
4158,horniness agent
4158,organ donation
4158,parallel world
4159,betrayal
4175,alternative medicine
4175,based on true story
4175,character name in title
4175,Criterion
4181,blackmail
4197,actor playing himself
4197,clown
4200,fighter
4200,hong kong
4202,blackmail
4204,high school
4204,locker room
4204,mexico
4204,prostitute
4204,teenager
4224,corruption
4224,police
4224,scandal
4233,20th television
4233,animal rights
4233,annulment
4233,bachelor
4233,bdsm
4240,alternate history
4242,drugs
4242,psychological abuse
4254,crocodile
4254,los angeles
4254,stolen painting
4254,traffic jam
4268,anniversary
4268,architect
4268,cellist
4268,friends
4284,riverboat
4285,cook
4285,diner
4289,empowerment
4289,feminism
4289,italy
4289,ladykiller
4300,janitor
4304,business start-up
4304,friendship
4304,internet
4307,independent film
4316,figure skating
4316,ice skating
4317,affection
4317,new love
4323,cavalry
4323,confederate
4323,standoff
4353,laos
4353,loss of loved one
4368,animal
4368,animal protection
4371,abortion
4371,adult lives at home
4371,african american
4371,automobile
4371,beating
4394,beach movie
4394,musical
4397,alter ego
4397,car
4397,deception
4397,highway
4402,airplane
4402,android
4412,bigot
4412,blaxploitation
4412,chase
4412,gorilla
4424,based on novel or book
4434,fictional game show
4445,time travel
4459,alaska
4459,bear
4459,imax
4459,nature
4462,body-swap
4462,grandfather
4462,New World Pictures
4463,1960s
4463,easter
4463,graduation
4463,small town
4463,vietnam
4476,mistake in person
4476,teacher
4476,twins
4482,drugs
4482,fashion show
4482,magazine
4482,writer
4488,barrio
4488,colleague
4490,independent film
4495,matchmaking
4495,pickles
4496,abandoned by mother
4502,1980s
4502,3d glasses
4504,fbi
4504,fbi agent
4505,abortion
4505,adoption
4505,announcement of pregnancy
4505,baby
4505,birth
4511,banshee
4511,bareback riding
4516,sport
4517,1960s
4517,boy
4517,ghost
4517,halloween
4522,judge
4522,neo-noir
4526,1980s
4534,australia
4578,afterlife
4578,daughter
4578,heaven
4578,loss of loved one
4581,heart attack
4581,parent child relationship
4583,independent film
4593,criminal
4593,heist
4593,life sentence
4594,borneo
4594,deserter
4594,guerrilla warfare
4594,infantry
4602,corruption
4602,friends
4602,hoodlum
4602,nightclub owner
4603,beautiful woman
4617,blood donation
4617,compulsive gambling
4617,gambling
4622,college student
4622,delivery boy
4622,infidelity
4622,marital problem
4630,abduction
4634,prank
4634,prankster
4634,psychopath
4635,billiard hall
4635,pool billiards
4653,musketeer
4663,daughter
4663,father
4663,girlfriend
4663,teenager
4666,adulterer
4672,actor
4672,london england
4672,slapstick
4675,bank robbery
4675,comedy of errors
4676,teen angst
4676,wilderness
4695,based on novel or book
4695,chase
4695,drug smuggling
4714,bare knuckle boxing
4714,fight
4715,archaeologist
4715,curse
4715,egypt
4715,evil
4715,spirit
4723,ambulance
4723,ballet
4723,car wash
4723,casino
4736,baseball
4736,beach
4740,childlessness
4740,independent film
4740,pregnancy
4748,crime
4749,buddies
4749,contests and competitions
4749,danger
4749,escapade
4750,buddies
4750,corporate crime
4750,crime
4766,colombia
4773,word processing
4780,independent film
4800,allan quatermain
4810,disturbed teenager
4818,sport
4822,Disney
4827,evil
4827,fear
4827,nightmare
4827,scream
4828,adultery
4828,celebration
4828,dancing
4828,date
4831,camp
4831,disco
4836,love affair
4860,sport
4862,daughter
4862,escape
4862,islam
4864,imax
4864,shipwreck
4864,titanic
4864,underwater
4879,bank robbery
4879,best friend
4879,blackmail
4883,marseille
4898,dentist
4898,drugs
4929,department store
4942,alien
4942,alien creature
4942,amnesia
4946,death
4946,drugs
4946,fight
4946,police
4952,british army
4952,rocket crash
4952,space
4952,stage show
4959,marie antoinette
4959,revenge
4964,afghan
4964,bus
4964,construction
4964,construction site
4965,airport
4965,assistant
4965,authority
4965,independent film
4965,power
4977,afghanistan
4977,based on a true story
4977,death
4977,disappearance
4977,famine
4988,coming of age
4988,friendship
4988,guide
5023,paraplegic
5023,rehabilitation centre
5063,1880s
5075,independent film
5077,affair
5077,remake
5077,revenge
5080,backpack
5080,cheating wife
5080,drug abuse
5081,bank clerk
5081,mail order bride
5096,1990s
5096,20th century fox
5112,ashes
5112,based on novel or book
5112,death
5112,flashback
5112,friends
5113,escapee convict
5113,gold bar
5113,movie business
5127,car crash
5131,alzheimer's disease
5131,dog
5131,doppelgänger
5131,neighbor
5131,rage and hate
5136,Magnolia Pictures
5155,chains
5156,exploitation
5178,lost
5178,murder
5189,american indian
5189,amphibian
5189,amphibious creature
5212,ninja
5213,divorced parents
5221,balkan war
5221,genocide
5221,missing person
5221,war
5221,war crimes
5226,affection
5226,ambition
5231,castaway
5238,gathering
5239,music band
5239,punk rock
5240,boat chase
5240,cold war
5240,escape
5240,florida
5240,independent film
5241,bank robber
5246,duringcreditsstinger
5246,elephant
5246,girlfriend
5264,airplane
5264,time
5264,wristwatch
5272,fraud
5272,swindler
5284,independent film
5311,country house
5311,Disney
5321,independent film
5321,woman director
5322,independent film
5328,woman director
5337,parent child relationship
5337,soap opera
5337,writer
5338,bar
5338,independent film
5338,texas
5347,1950s
5347,arm cast
5347,balisong
5347,bare chested male
5347,baseball bat
5356,alien
5356,animatronic
5357,Disney
5365,french revolution
5384,1950s
5398,drunkenness
5398,second chance
5404,1950s
5404,1960s
5404,based on memoir or autobiography
5409,drug lord
5409,police corruption
5409,undercover cop
5417,evil spirit
5417,inuit
5417,jealousy
5417,revenge
5423,casino
5423,cult film
5423,extortion
5424,airplane
5424,airport
5424,auditorium
5424,bad dream
5427,cavemen
5427,dinosaur
5427,prehistoric adventure
5427,prehistoric man
5428,clowning
5428,mistaken identity
5428,twins
5435,apache
5435,journey
5435,lodging house
5442,private detective
5443,basketball
5443,basketball player
5443,character name in title
5443,cross dressing
5443,disguise
5447,independent film
5458,basketball
5458,bet
5458,bullying
5458,lightning
5458,orphanage
5460,based on tv series
5460,female protagonist
5471,aerobics
5471,courtroom
5471,fitness
5471,gym
5480,bird
5480,falcon
5480,family
5483,1950s
5483,1960s
5485,female pedophile
5485,independent film
5485,sex offender
5490,bus
5497,derek flint
5512,iran
5512,minimalism
5512,socio-political drama
5513,actor name in title
5513,actor playing himself
5513,african american
5513,aging
5513,autobiographical
5521,drug traffic
5521,resistance
5521,school life
5521,teacher
5521,violence
5523,2080s
5523,african american
5523,african american hero
5529,divorce
5529,falling in love
5529,pretty woman
5529,wealth
5529,winery
5531,sport
5532,feminism
5532,man-woman relation
5532,orgasm
5532,woman director
5537,dance
5537,woman director
5539,kids and family
5548,dog
5548,extramarital affair
5548,family
5548,homeless person
5548,swimming pool
5550,civil war
5556,cop
5563,drug addiction
5563,estranged son
5563,homicide detective
5563,murder
5563,police investigation
5573,fool
5573,house
5573,independent film
5573,money
5573,robbery
5580,skiing
5581,construction worker
5581,debt
5581,gangster
5581,long island
5581,storm
5582,monopoly
5584,actor playing multiple roles
5584,animal actor
5584,arm wrestling
5584,bank
5584,bank robbery
5590,blaxploitation
5590,pimp
5591,monkey
5591,pet shop
5591,sibling relationship
5596,alien
5596,greedy developer
5596,martian
5597,1990s
5597,abandoned building
5597,action hero
5597,alien
5615,anti semitism
5615,jewish
5615,poland
5635,prostitution
5637,1960s
5637,australia
5644,baseball
5651,fish
5651,german
5651,navy
5663,corpse
5663,depth charge
5663,diving
5663,explosion
5663,ghost
5672,2000s
5672,anime
5678,chemical
5688,woman director
5689,danger of life
5689,dangerous
5689,mafia boss
5694,broadway
5696,blue collar
5696,marital problem
5699,brutality
5699,hero
5699,justice
5699,one man army
5699,ranch
5700,1980s
5700,attempted suicide
5700,aztec indian
5700,belt
5704,alien
5704,alien attack
5704,cabin
5706,wrestling
5710,aggression
5710,mafia boss
5723,bear
5723,camping
5723,cultural conflict
5735,autopsy
5741,deceived husband
5741,extramarital affair
5741,france
5742,judge
5742,judiciary
5742,law
5745,divorce
5745,vacation
5749,1930s
5749,1980s
5749,abandoned house
5749,accident
5787,suspense
5818,catholicism
5818,celibacy
5818,drug crime
5818,drug traffic
5829,sport
5836,ball
5836,boat wedding
5838,19th century
5841,coming of age
5841,deserted island
5841,island
5847,based on novel or book
5863,brewery
5880,2000s
5880,airport
5880,austria
5880,avalanche
5880,bare butt
5883,alternate dimension
5883,apartment
5884,baseball bat
5884,biker
5884,blow torch
5884,chainsaw
5889,19th century
5889,betrayal
5889,lost love
5889,russia
5901,independent film
5922,attila
5922,huns
5922,milan
5922,roman empire
5925,cult film
5925,mutation
5925,psychotronic
5929,celebration
5929,daughter
5929,first time
5929,holiday
5929,parent child relationship
5953,japanese occupation
5953,world war ii
5968,assault
5968,charles willeford
5968,false teeth
5969,cousin
5969,essay
5969,holiday
5969,loss of loved one
5969,research
5979,b movie
5979,decapitation
5993,controversy
5993,infidelity
6005,redneck
6009,brazilian
6009,underworld
6012,bachelor
6020,dinner
6020,flower
6025,african american
6025,dark comedy
6025,hip-hop
6025,jeep
6030,captain
6030,charter boat
6036,1980s
6036,anonymous letter
6039,adultery
6039,advertising executive
6039,based on movie
6042,clerk
6042,interview
6042,nazi
6049,based on novel or book
6055,brother
6055,drugs
6055,harlem
6057,biker
6057,gang
6057,loss of loved one
6060,dancing master
6060,guru
6086,mike hammer
6095,china
6095,contest
6095,martial arts
6111,desert
6111,escape
6111,love
6111,New World Pictures
6124,escaped convict
6124,kidnapping
6124,neglect
6124,police
6124,politician
6145,attempted robbery
6145,snake
6182,family man
6182,housewife
6185,cops
6202,israel
6203,teacher
6203,wealth
6204,hero
6232,animal attack
6241,beach
6241,divorce
6241,flirt
6241,girlfriend
6246,baseball
6246,sport
6249,bikini
6249,cruise ship
6249,gay
6265,black people
6265,election campaign
6265,presidential election
6265,usa
6267,dance
6267,tango
6279,alarm
6279,caper
6279,card game
6279,casino
6285,activist
6285,african american
6285,armed robbery
6285,atonement
6298,los angeles
6298,"los angeles, california"
6298,street gang
6302,b movie
6302,chicago illinois
6302,deaf-mute
6302,evacuation
6302,giant grasshopper
6310,parent child relationship
6314,agent
6314,arms dealer
6315,american football
6330,drug addiction
6330,drugs
6330,intrigue
6330,party
6330,press
6335,independent film
6335,suspense
6339,gangster
6342,1970s
6342,1980s
6342,activism
6348,breakdance
6348,sequel
6349,dancing
6349,hip-hop
6349,rap music
6374,cia
6376,island
6376,underdog
6376,villager
6376,wife husband relationship
6382,beijing
6382,father son relationship
6382,music competition
6382,violin
6386,half breed
6386,native american
6386,repayment
6386,revenge
6400,courtroom
6400,florida
6400,murder
6402,independent film
6407,embassy
6408,africa
6408,animal
6415,1940s
6415,1980s
6415,actor
6415,actor playing himself
6415,actress
6417,assassination
6417,bar
6417,bathtub
6417,blood
6424,business man
6424,honesty
6448,airplane crash
6448,alcoholic
6452,heat
6453,shark fishers
6454,court
6454,court case
6454,daughter
6454,jurors
6461,farm
6465,actor playing dual role
6465,angel
6465,ballerina
6465,ballet dancer
6465,bare breasts
6477,1870s
6493,based on novel or book
6493,casino
6517,baseball
6517,historical figure
6527,french revolution
6527,sword duel
6528,french revolution
6528,twins
6553,love
6553,neo-noir
6553,taxidermy
6558,daughter
6558,homeless person
6560,german
6560,helicopter
6560,sadomasochism
6563,concert
6563,independent film
6563,journalist
6563,musical
6571,bar
6571,friends
6571,peseta
6571,ship
6571,shipyard
6572,bank robber
6572,employee
6573,island
6573,italy
6582,agent
6582,new identity
6592,based on short story
6592,dentist
6598,independent film
6598,sport
6598,surfer
6598,surfing
6603,broadway actor
6603,dual personality
6603,madness
6603,shakespeare's othello
6604,crow
6604,hawk
6604,mythology
6604,rome
6604,satire
6616,skateboarding
6625,con man
6625,parent child relationship
6625,summer camp
6628,party
6628,ski
6628,skiing
6628,sport
6631,dog
6631,killer
6631,mutated
6656,b movie
6667,atf
6667,branch davidian
6667,cult
6667,fbi
6667,standoff
6670,comic book
6670,comic book collector
6670,comic book shop
6670,rivalry
6687,bare butt
6687,bird
6691,balkan
6691,western
6696,chance
6702,child prodigy
6702,loser
6715,Fangoria
6720,breaking the fourth wall
6720,dance
6720,funny hero
6720,gunfight
6720,organized crime
6723,battle
6723,china
6723,colonialism
6734,555 phone number
6734,accident
6734,ambulance
6751,country house
6751,independent film
6752,church choir
6760,actual animal killed
6760,afghanistan
6760,asia
6760,baby
6760,beach
6794,holdings
6794,puppy
6798,1920s
6809,new orleans
6811,20th century fox
6811,band
6816,bully
6816,bullying
6817,1950s
6821,1960s
6821,mine
6821,new year's eve
6821,pot smoking
6821,sequel
6827,androgyny
6832,amnesia
6832,childhood memory
6835,alien
6835,alien attack
6835,blood
6835,creature
6836,army
6837,artist
6850,cheating
6850,preacher
6850,small town
6850,supernatural powers
6860,historical figure
6860,mafia boss
6860,mobster
6868,drugs
6868,investigation
6911,biography
6939,anti semitism
6949,alien
6949,bizarre
6949,conspiracy
6949,cowboy
6998,autism
6998,card
7015,falling in love
7015,jealousy
7015,mama's boy
7026,high school
7030,1960s
7030,abuse
7031,bank robbery
7031,master thief
7031,motherly love
7037,cheating
7040,1980s
7040,abandoned warehouse
7040,airport
7040,anti hero
7049,airplane
7049,band singer
7052,16th century
7052,catholicism
7052,england
7052,execution
7058,broker
7083,country music
7083,fame
7083,historical figure
7103,mayhem
7103,mental breakdown
7103,parasite
7108,car chase
7108,hostage
7108,kidnapping
7109,europe
7109,nudity
7114,butterfly
7114,Criterion
7127,on the run
7131,business man
7131,former flame
7150,actor
7150,anxiety
7150,bully
7150,conjoined
7150,cook
7165,ballet
7165,ballet dancer
7165,independent film
7171,childhood trauma
7171,dysfunctional family
7171,female killer
7184,mississippi
7184,railroad
7184,revenge
7202,ambition
7202,arrest
7211,romantic comedy
7245,island
7245,lighthouse
7251,drugs
7251,independent film
7251,runaway
7257,based on novel or book
7257,beach house
7257,blackmail
7257,cell phone
7257,deception
7259,breakdance
7259,dance
7259,dance performance
7259,hip-hop
7259,musical
7261,blaxploitation
7264,Magnolia Pictures
7292,armor
7304,bee
7304,cat
7304,creation
7312,adoption
7312,alcoholic father
7312,based on book
7312,boy scout
7315,biography
7315,sport
7326,14th century
7326,english
7326,medieval
7345,cia
7345,cia agent
7345,london england
7354,city
7354,cop
7354,fistfight
7357,new england
7357,scandal
7357,small town
7372,australia
7372,capture
7390,addict
7411,beer
7411,junk food
7411,monster
7457,best selling author
7477,alcoholism
7477,detox
7477,hospital
7620,based on play or musical
7620,independent film
7620,live performance
7620,monologue
7657,abduction
7657,back from the dead
7657,chanbara
7702,catholic
7707,woman director
7716,bank robbery
7716,bar
7716,based on book
7727,politics
7730,1960s
7730,bomb shelter
7730,cold war
7772,deception
7781,dysfunctional family
7781,kansas
7782,dog tag
7782,fistfight
7782,jungle
7782,marine
7782,marksman
7826,daydreaming
7879,adult humor
7879,comedian
7879,stand-up comedy
7882,abandoned mine
7882,absolution
7884,blues
7884,canadian border
7884,coffin
7986,alaska
7988,dangerous
7988,killer robot
7988,space war
7988,state of emergency
8043,child kidnapping
8043,clown
8043,horror host
8043,neo-nazi
8043,oakland athletics
8044,based on a true story
8118,delta force
8118,drug cartel
8136,back from the dead
8136,independent film
8137,advertising
8137,aging
8137,cosmetics
8138,leech
8158,addiction
8190,american in the uk
8190,d-day
8190,mental illness
8190,naval officer
8236,1950s
8236,adopted son
8236,adultery
8241,criminal mastermind
8241,hostage
8241,ransom
8241,rebellious teenager
8290,crime
8293,woman director
8336,adult as a child
8336,deception
8336,marriage engagement
8336,military academy
8363,airplane
8363,black people
8363,champagne
8375,adaptation
8378,doctor
8378,hospital
8378,surgery
8380,based on a true story
8380,convict
8380,criminal
8380,highway
8380,kidnapping
8383,mayor
8383,motel
8383,sketch artist
8383,small town girl
8387,commandant
8387,mafia
8387,moscow
8387,police academy
8387,video game
8391,1960s
8391,california
8391,coming of age
8391,flash forward
8391,friendship
8402,1950s
8402,based on memoir or autobiography
8402,california
8402,teenage love
8410,assassin
8410,assassination plan
8424,divorce
8425,New World Pictures
8447,alien
8447,extraterrestrial technology
8447,flying saucer
8450,africa
8450,debt
8454,disabled
8454,disappearance
8454,mentally disabled
8454,pregnancy and birth
8454,pregnant minor
8458,adopted son
8462,adultery
8462,airplane
8462,airport
8462,ambition
8465,district attorney
8465,film noir
8465,racetrack
8481,cannibalism
8481,fort
8481,french and indian war
8481,massacre
8481,native american
8487,critic
8487,play
8487,professor
8487,romantic comedy
8495,guitar
8495,jail guard
8495,prison warden
8495,strike
8502,grandparent grandchild relationship
8502,interracial relationship
8535,biography
8535,hollywood
8535,musical
8535,theater
8577,che guevara
8577,cuban revolution
8577,fidel castro
8617,1930s
8617,fashion model
8632,bbw
8632,f rated
8632,factory worker
8632,female nudity
8632,femininity
8695,playboy
8713,flying car
8720,riches
8720,slum
8727,career woman
8743,fighter ace
8743,time travel
8743,twin brother
8743,world war i
8753,woman director
8755,20th century
8782,based on tv series
8782,golden gate bridge
8804,1940s
8804,abortion
8804,based on non fiction book
8804,based on true events
8830,amazon
8832,cavalry
8832,sword and sandal
8832,wuxia
8832,wuxia fiction
8840,catholic guilt
8840,italian american
8869,college
8869,daughter
8875,alcoholics anonymous
8908,ledge
8911,aspiring singer
8919,art
8919,best friend
8919,infidelity
8919,jealousy
8934,adult animation
8934,african american
8934,kids in peril
8934,pirate
8934,stand-up comedy
8946,holiday
8964,maria callas
8964,opera
8964,performance
8979,anti establishment
8979,indoctrination
8979,kidnapping
8998,1920s
8998,1930s
9008,accomplice
9008,animal experimentation
25782,adultery
25782,affair with a maid
25782,based on play
25841,producer
25841,roommate
25887,anthology
25887,lawyer
25906,aging
25906,embezzlement
25962,africa
26059,abacus
26059,adultery
26059,alcohol
26059,bar
26198,children
26265,acid
26322,car robbery
26322,car thief
26322,grand theft auto
26322,helicopter
26322,mustang
26344,detective
26344,drug addiction
26344,france
26344,heroin
26365,android
26365,clone
26365,doppelgänger
26401,martial arts
26401,sword and sorcery
26409,body part
26429,coffin
26429,disco
26429,dracula
26429,love story
26429,low budget
26527,dark comedy
26527,drugs
26527,family
26562,emigrant
26564,biography
26564,jazz
26564,musical
26567,accident
26567,airplane
26622,brother
26622,independent film
26676,angel
26686,daughter
26686,loss of loved one
26695,1960s
26695,based on a true story
26695,crime
26696,drug dealer
26726,boarding school
26741,chase
26741,credit card
26741,dance club
26741,dating
26741,department store
26750,australian
26750,chase
26764,1930s
26764,1940s
26764,1960s
26765,based on manga
26765,boat
26765,hostage
26777,orphanage
26777,policeman
26792,bully
26792,computer
26792,daydreaming
26812,dinner party
26812,made for cable tv
26828,abbreviation in title
26828,armed
26828,ballet
26828,bodyguard
26871,caribbean islands
26871,daughter
26871,family holiday
26871,holiday
26871,vacation
26901,anthropologist
26901,bounty hunter
26901,cheyenne
26901,forest
26901,montana
26940,late night
26940,talk show
26940,tv movie
26940,woman director
27003,independent film
27003,monster
27003,weapon
27022,drug dealer
27124,friendship
27306,independent film
27328,gangster
27328,yakuza
27373,baseball
27373,historical figure
27426,fighting
27426,hong kong
27426,martial arts
27426,reporter
27426,robbery
27434,family
27434,haunted house
27434,loss of loved one
27434,psychopath
27450,19th century
27473,competition
27473,fbi
27473,psychopath
27473,serial killer
27473,university
27539,coffin
27539,competition
27539,falling in love
27539,grave digger
27539,politician
27549,blood
27549,children
27555,band
27555,beer
27555,cancer
27555,canuxploitation
27595,anarchic comedy
27595,jesus christ
27595,musical
27595,vampire
27644,eroticism
27685,adversary
27685,cheering crowd
27685,cheerleader
27685,cheerleading
27685,competition
27692,biography
27692,mexican revolution
27692,mexico
27692,pancho villa
27695,hacker
27695,hoodlum
27695,mexico
27695,russian mafia
27695,voyeurism
27704,island
27704,loss of loved one
27704,sequel
27704,teenager
27769,addiction
27769,cheating
27769,children
27769,cocaine
27769,drugs
27802,chinese mafia
27802,gangster
27802,murder
27802,police
27829,car
27829,car salesman
27829,customer
27829,interview
27829,sale
27830,sport
27882,beach
27882,california
27882,extreme sports
27882,hawaii
27882,lifestyle
30883,actor talks to audience
30883,adoptive father
30883,affection
31030,immigrant
31030,love
31049,cheating husband
31049,corpse in freezer
31049,dark comedy
31049,frozen body
31049,hunting trip
31086,betrayal
31114,suicide
31114,suicide mission
31260,accident
31297,musical
31367,chase
31367,convict
31367,crash
31367,daydream
31422,car journey
31422,children
31422,macho
31422,pretty woman
31422,road trip
31431,break-up
31431,childhood trauma
31445,bad luck
31445,bank
31553,arcade
31553,based on video game
31702,bicycle
31702,boy
31702,children in wartime
31851,convention
31925,battle
31925,cad
31925,sword fight
32022,iraq war
32022,woman director
32116,belief in god
32298,black people
32302,Magnolia Pictures
32442,alcoholic
32442,bowling
32442,cousin
32515,1800s
32515,1850s
32620,1920s
32620,based on play or musical
32620,operetta
32620,paris
32632,cult film
32659,china
32799,coming out
32799,female friendship
32799,female homosexuality
32799,girls' boarding school
32862,conflict
32862,family
32917,italian
32917,marriage
33132,criminal
33132,drug smuggle
33148,action
33148,caper
33188,1950s
33188,first love
33188,high school
33188,rebel
33201,adultery
33201,dog
33201,murder
33201,radio
33237,earthquake
33237,epic
33310,woman director
33421,friendship
33421,pistol
33421,secret society
33421,self esteem
33677,cello
33677,drums
33677,guitar
33677,heavy metal
33838,breakdance
33838,clowning
33838,dance
33966,african american
33966,artist
33966,bar
33966,bar fight
34129,argument
34129,athlete
34129,bad temper
34129,basketball
34330,anarchist
34330,madrid
34330,squatter
34330,street artist
34330,street theater
35015,adolescence
37211,marx brothers
38164,all girls school
38164,based on novel or book
38164,duke
38164,france
40478,ajo arizona
40578,19th century
40578,attacked with a sword
40578,attempted rape
40578,betrayal
40578,betrayal by one's husband
41769,asperger's syndrome
42285,1990s
42285,accident
42285,adultery
42285,affair
42285,african american
42556,arizona
42556,chinese man
42559,edo period
42559,samurai
42559,sword fight
42602,woman director
42638,1970s
42638,based on true story
42638,black comedy
42638,blonde
42943,18th century
42943,based on a true story
42943,british army
43289,independent film
43549,charles manson
43549,crime
43549,helter skelter
43558,african american
43558,alcohol
43904,babysitter
43904,call
43912,baby-snatching
43912,black people
44197,court case
44197,family clan
44238,leprechaun
44238,slasher
44241,blood
44241,casino
44241,leprechaun
44241,sequel
44243,leprechaun
44243,princess
44243,space
44511,amnesia
44511,memory
44511,memory loss
44719,brazilian
44719,woman director
44851,berlin
44851,berlin wall
44851,casino
44851,culture clash
44851,daughter
44931,dream interpretation
44931,mental illness
44931,trauma
44943,firemen
44943,september 11 2001
44943,terror
44943,war on terror
45074,africa
45361,curse
45361,family
45361,independent film
45648,sport
45658,english channel
45658,family relationships
46231,1960s
46574,adultery
46574,depression
46574,drugs
46574,guru
46862,musical
47124,ant
47124,ant-hill
47516,family
47516,riches to rags
47516,sibling relationship
47516,wealth
47516,woman director
47538,crime fighter
47538,harley davidson
47538,police
47538,police academy
47538,police everyday life
47566,1940s
47566,adultery
47566,alcoholic
47646,close-up
47646,fisticuffs
47646,mortician
47736,oxford
47978,independent film
48214,agent orange
48214,homeless person
48596,change
49132,dixie chicks
49132,george w. bush
50147,childhood memory
50147,childhood trauma
50147,christmas eve
50147,christmas horror
50158,breakdance
50158,daughter
50158,loss of loved one
50158,love at first sight
50354,communist
50354,conflict
50354,flood
50610,baseball
50610,sport
50613,Fangoria
50613,illness
50800,child murder
50800,death threat
51082,atlanta
51082,drug dealer
51082,garage
51082,lawyer
51082,single father
51314,atlantic ocean
51314,attachment to nature
51498,accidental cannibalism
51498,acid
51666,haunted house
51666,insanity
51933,sport
52279,adidas
52299,anthropology
52299,metal
52299,music style
52299,musician
52299,philosophy
52724,addiction
52724,armed guard
52724,bet
52724,betting
52784,shark
53143,cia
53143,fugitive
53143,magnolia pictures
53453,abduction
53453,aliens
53574,independent film
53578,adultery
53578,belleville
53578,couple
54116,psychic power
54116,salesman
54121,mail
54121,peace
54354,child labour
54354,globalization
54908,marseille
54934,arctic
54934,autoritian education
54934,jealousy
55020,brain scan
55020,independent film
55020,multiple storylines
55020,parachutist
55061,android
55061,small town
55061,surreal
55061,wilderness
55071,incompetence
55112,brothel madam
55112,drawing
55112,independent film
55112,lotay
55112,movie theatre
55116,balkan war
55116,civil war
55116,hidden camera
55292,baseball
55391,crime family
55391,mafia
55391,mobster
55391,undercover
55854,central america
56022,dystopia
56379,banking
56379,corporation
56379,credit card
56915,1940s
57522,gospel
58309,camp
58309,chorus
58309,displacement
58309,displacement camp
58876,iraq war veteran
58876,post traumatic stress  disorder
59667,homosexuality
59667,indian lead
59667,indian lgbt
59667,integration
59915,drugs
59915,fate
59915,garage
60389,attack
60389,circumcision
60389,grenade
60389,independent film
60885,compound
60885,crime
60885,escape
60885,mexico
60885,militia
61011,bartender
61011,cover-up
61011,gay
61011,murder
61011,senate
61257,debt
61257,economics
61257,financial crisis
61289,19th century
61289,armor
61289,arrow in back
61319,homeless teenager
61319,immigrant
61319,independent film
61319,london england
61319,runaway
61818,back from the dead
61818,based on comic
61818,black magic
61818,boring
62299,based on video game
62383,revenge
62383,science fiction
62799,american football
62799,biography
62836,babylon
63239,cinderella
63239,musical
64249,based on novel or book
64249,cartoon
65133,alternative comedy
65350,china
65350,mercenary
65651,dragon
65651,fire
66320,climate
66320,climate change
66320,destroy
66320,global warming
66335,samurai
66427,parallel world
66427,parody
66744,diva
66744,independent film
66744,italy
66943,hostage
66943,hostage drama
66943,ransom
68444,accountant
68444,airplane
68444,akron ohio
68480,fistfight
68480,investigation
68480,kommissar geiger
68480,petrol
68480,prosecution
68597,mercedes
68597,palmenhaus schönbrunn vienna
69118,bayou
69118,confederate soldier
69131,criminal
69131,hitman
69131,thriller
69227,based on commercial
69227,cannon
69227,character name in title
69227,crown jewels
69227,ernest p. worrell character
69469,cartoon
69469,dog
69495,based on novel or book
69495,gay
69524,fan film
69860,nazi germany
69860,world war ii
69953,eroticism
69953,porn industry
69953,pornography
69953,sex
69988,independent film
69988,magnolia pictures
69988,woman director
70301,aerial camera shot
70301,attempted kidnapping
70301,babysitter
70301,bare feet
70492,contract
70492,pony express
70492,stagecoach
70492,telegraph
70545,callgirl
70545,competition
70545,confidence
70545,gain
70545,illegal prostitution
70565,duringcreditsstinger
70703,biography
71147,accident
71147,adultery
71147,affair exposed
71268,aunt
71268,duringcreditsstinger
71341,occult
71867,alcoholism
71970,pirate
71970,princess
71970,ship
72178,korea
72178,soldier
72178,village
72624,garage
72624,gas station
72624,independent film
72624,ireland
72624,solitude
72692,1999
72874,energiestrahlenwaffe
73042,2000s
73160,axe
73160,b movie
73160,bare breasts
73160,bare butt
73160,bathtub
73488,army
73515,date
73515,high school
73515,independent film
73515,prom
73741,gaijin
73741,kunoichi
73741,martial arts
73741,ninja
73858,angel
73858,bully
73858,holiday
73858,neighbor
74226,biography
74226,garden
74226,painting
74226,quince
74226,tree
74342,captain
74342,doctor
74342,hospital
74647,blog
74647,mother role
74647,woman director
74696,china
74696,home
75389,buried alive
75389,cavalry
75389,crucifix
75389,dakota
75389,funeral
75803,duringcreditsstinger
75803,interracial marriage
75803,wedding
75816,aftercreditsstinger
75816,infidelity
75816,stewardess
75816,women
75947,culture clash
76060,accent
76060,actress playing herself
76060,apostrophe in title
76060,arrogance
76143,alps
76143,bratislava
76143,chicken farm
76143,dialect
76743,double agent
76743,faint
76743,inventor
76743,laser
76743,secret agent
77266,apartheid
77266,based on novel or book
77266,race politics
77688,woman director
77841,girls' boarding school
77841,pirate
77841,treasure hunt
78116,apartment
78116,cancer
78116,independent film
78620,cult film
78620,escaped slave
78620,native american
78620,scalp
78620,slavery
78959,apartheid
78959,bomb
78959,england
78959,independent film
79073,gang
79073,rock band
79259,independent film
79259,woman director
79333,car
79333,stealing car
79333,trolley
81087,bollywood
81087,woman director
81520,beating
81520,blood
81520,blood splatter
81520,brutality
81520,carrot
81831,mother
81831,parent child relationship
82093,death
82093,duringcreditsstinger
82093,gangster
82857,woman director
83969,argentina
84512,escort girl
84512,gold digger
84512,illicit affair
84512,romance
84523,1830s
84523,ambush
84523,based on novel
84523,betrayal
84523,black comedy
84799,experiment
84799,soul
85399,african american
85399,african american protagonist
85399,apostrophe in title
86028,food poisoning
86286,cartoon
86286,milliionaire
86286,monster
87197,bandit
87197,bandit gang
87197,china
87197,satire
87197,western
87287,1890s
87287,1900s
87287,1910s
87444,annoying little sister
87444,best friends in love
87444,bisexual woman
87444,book signing
87444,going into labor
87867,anthropomorphism
87867,babe scientist
88356,3d
88356,acura
88697,woman director
88911,older man younger woman relationship
89208,architect
89208,ax
89208,based on novel or book
89208,blood
89208,blueprint
89386,duringcreditsstinger
89386,grunge
89939,based on novel or book
89939,woman director
90245,antonio gaudi character
90343,dance
90353,collage
91337,independent film
91337,romantic comedy
91386,3d
91386,aftercreditsstinger
91666,based on play
91671,2010s
91671,africa
91671,airplane
91671,airport
91671,alvin and the chipmunks characters
91688,church service
91688,pastor
91784,bar
91784,ensemble cast
91784,independent film
91784,los angeles
91784,night life
91860,amsterdam
91860,egypt
91860,italy
91860,paris
91947,blood
91947,gangster
91947,police
91947,revenant
91947,vigilante
92046,car race
92046,drugs
92046,hallucinogen
92046,joint
92046,le mans
92264,bail jumper
92264,based on novel or book
92264,bounty hunter
92264,framed
92348,anime
92348,anthropomorphic animal
92348,anthropomorphic cat
92348,based on book
92348,based on fairy tale
92665,best friend
92674,daughter
92674,drug addiction
92760,brain transplant
92760,cat
92760,experiment
92760,grave robbing
93193,aboriginal
93320,black and white
93320,dark comedy
93598,barbarism
94011,boxing match
94011,diamond
94011,handcuffed
94011,particle accelerator
94011,private investigator
94122,comic book
94122,cosplay
94122,fan convention
94262,alien
94262,alien creature
94262,alien invasion
94262,ambush
94323,advice
94405,broken trachea
94494,woman director
94919,assault
94919,daughter
94919,doctor
94919,donor
94919,lungs
94985,mexico
94985,prison
94985,prison escape
94985,vacation
95218,ballet
95218,dancer
95218,duringcreditsstinger
95218,woman director
95624,based on movie
95624,bullying
95796,anaconda
95796,animal horror
95839,ghost
95839,holiday
96084,1960s
96121,marriage counselling
96121,renewing wedding vows
96150,bankruptcy
96283,based on children's book
96411,tv show
96430,Disney
96608,mickey mouse
96726,best friend
96964,children
96964,crime
96964,kidnapping
96975,based on movie
96975,coming of age
96975,parent child relationship
96975,teen movie
96975,teenager
97194,filmmaking
97194,making of
97194,movie business
97285,1960s
97285,archery
97285,armed assault
97285,assassination
97470,duringcreditsstinger
97742,ex military
98160,adopted son
98160,bare breasts
98160,boy scout
98160,brother brother relationship
98175,love
98175,vampire
98175,woman director
98296,chases and races
98623,chinese mafia
98623,cleaning service
98623,counterfeit money
98623,farce
98799,actor forgetting line
98799,air raid
98799,airplane
98799,alcoholic
98799,alcoholic man
98836,1930s
98836,franklin delano roosevelt
98836,hyde park
99122,supernatural
99122,vampirism
99721,aftercreditsstinger
99721,chainsaw
99846,author
99846,british secret service
99846,espionage
99853,agent
99853,alien
99853,lesbian
99853,woman director
99992,Magnolia Pictures
100277,silent film
100277,tragic love
100304,road movie
100304,thriller
100579,combat
100579,extreme violence
100579,Magnolia Pictures
100611,alien
100906,suspense
101529,based on comic
101529,fantasy
101529,magical object
101884,diver
101884,diver instructor
101884,shark
101884,suspense
102590,costume
102590,geek
102742,factory worker
102742,fly-on-the-wall
102742,industry
102742,modern china
102742,railroad
102747,extramarital affair
102823,biography
102823,diary film
103210,alchemist
103210,alchemy
103210,anime
103210,politics
103210,war
103819,carefree
103819,coffee shop
103819,slacker
103865,dead dog
103865,rampage
103865,revenge
104076,3 dimensional
104076,3d
104837,drug lord
104837,drug smuggling
104837,martial arts
106883,christmas tree
106883,french canadian
106883,salesman
106927,assassin
106927,cyborg
106927,female protagonist
106927,geisha
106927,resurrection
107462,drug lord
107462,gaijin
107462,martial arts
107462,ninja
107630,aftercreditsstinger
107630,drugs
107630,university
107630,young
107702,elderly
107702,elderly man
107951,bank heist
107951,bank robbery
107951,jerusalem
107951,old man
108601,sport
108601,surfing
108949,art
108949,book
108949,brother
108949,brotherhood
109282,female wrestling
109282,wrestling
109295,criminal
109295,motel
109576,action
109723,crime boss
109723,motel
109846,adoption
109897,belief
109897,bible
109897,biography
109897,crucifixion
109941,anthropomorphic animal
110350,competition
110350,esports
110350,video game
110718,fling
110718,friendship
110718,gigolo
110718,jewish
111817,biography
111817,jimi hendrix
111817,life story
112326,fight
112326,hero
112326,s.h.i.e.l.d.
112326,terrorist
112454,woman director
112512,first person view
112512,rebirth
112512,slice of life
112512,suicide
112512,supernatural
113186,accident
113186,australia
113280,kids and family
113280,loss of loved one
113350,suicide
113416,A24
113532,australia
113532,holiday
113532,vacation
114066,docudrama
114126,graffiti
114126,skateboarding
114335,independent film
114818,actor playing himself
114818,aspiring actor
115065,army
116044,christmas
116044,connecticut
116044,holiday
116169,martial arts
116169,sword fight
116169,wuxia
116505,zombie
116529,3d
116529,based on a true story
116529,joseph stalin
116718,musical
116724,first love
116724,high school
116817,grieving father
116817,parent child relationship
116941,based on tv series
116941,family's daily life
116941,future
116941,musical
116963,rivalry
116985,apartment
116985,disinherited
116985,evicted
117107,gun
117107,justice
117511,based on tv series
117511,briton abroad
117511,los angeles
117531,f rated
117531,one word title
117531,water
117531,woman director
117572,best friend
117572,soulmates
117630,buddy cop
117630,cop
117630,diamonds
117630,twin brother
117646,dragonheart
117646,friendship
117646,governance
117646,heart
118198,israel
118290,android
118290,cyborg
118326,boston
118326,gang
118326,italian
118512,cheering crowd
118512,cheerleader
118512,cheerleading
118512,competition
118572,drug mule
118572,drugs
118784,brazil
118784,bridgeport music
118894,animation
118894,crime solving
118894,magic
118894,mystery
118930,stand-up comedy
119153,stand-up comedy
119828,bounty hunter
119828,spaghetti western
119964,apostrophe in title
119964,christmas
119964,christmas in title
119964,christmas movie
119964,christmas present
120761,ostern
120761,yukon
120813,comedian
121007,animals in space
121007,dog
121007,puppies
121007,space
121035,1890s
121035,1910s
121035,1920s
121035,axe
121035,based on true story
121099,aftercreditsstinger
121171,biography
121171,ice hockey
121338,british farce
121338,business rivalry
121338,carry on
121338,london england
121342,boat
121342,cruise liner
121342,cruise ship
121342,drunk
121469,duringcreditsstinger
121469,reality tv
122092,independent film
122246,tooth fairy
122433,bee
122433,beehive
122627,alien world
122627,Full Moon Features
122627,space western
122932,widower
123200,stand-up comedy
123310,research
123310,storm
123310,tornado
123545,beach
123545,island
123545,ship
123545,stranded
123553,based on video game
123553,time travel
124404,gorilla
124851,based on novel or book
124851,based on young adult novel
124851,dystopia
124851,failed tv pilot
124851,love
124853,civilization
124853,creating
124853,creativity
124853,existence
124853,independent film
125221,allosaurus
125221,cattle
125221,dinosaur
125221,mexico
125221,prehistoric creature
126088,holiday
127132,woman director
127164,black woman
127164,blues music
127164,child prodigy
127180,african cinema
127180,british cinema
127180,cinema
128087,double barreled shotgun
128087,jail cell
128087,spaghetti western
128089,live audience
128089,live performance
128089,spoof
128089,stand-up comedy
128097,stand-up comedy
128099,stand-up comedy
128366,stand-up comedy
128842,dragon
128852,gun
128852,stand-up comedy
128852,women
128900,woman director
128908,comedy
128914,stand-up comedy
128944,celebration
128968,alien
128968,character name in title
128968,cousin cousin relationship
128968,direct to video
128968,disney animated sequel
128975,acid trip
128975,alternate timeline
129250,automobile racing
129250,spoof
129333,blood
129397,avengers
129397,based on comic
129397,marvel
129397,marvel cinematic universe
129657,bike messenger
129659,california
130976,biography
130976,ice hockey
130976,sport
131023,experiment
131098,christmas
131098,christmas gift
131098,elf
131098,musical
131098,north pole
131104,cat burglar
131104,train
131130,animal
131130,anthropomorphic animal
131130,anthropomorphic toy
131130,anthropomorphism
131130,ballerina
131237,comedy
131237,thirty something
131480,detective
131480,poker game
131578,australia
131578,bank robber
131578,motorcycle
131739,based on comic
131739,court of owls
131739,dc comics
131739,dollmaker
131826,aftercreditsstinger
131826,duringcreditsstinger
131826,female comedian
131826,stand-up comedy
131934,malibu
131934,sexuality
132333,biography
132333,golf
132333,sport
132454,lesbian
132454,musical
132462,medieval
132462,revenge
132462,saxons
132462,sword
132462,war
132488,romantic comedy
132618,anime style
132618,based on anime
132618,girls with guns
132618,noir
132618,violence
132888,celebrity roast
132888,comedian
132888,insult
132888,roast
132888,stand-up comedy
133115,sport
133365,birthday
133879,france
133879,french revolution
134109,musical
134252,lie
134252,love
134861,stand-up comedy
135216,drunk
135216,holiday
135216,jedi
135216,musical
135777,comedy
135787,asian man
135787,behind the scenes
135787,east asian lead
135787,martial arts
135803,ambush
135803,bloodbath
135803,kung fu
135803,ninja
135803,weapons history
135815,martial arts
135937,fbi
135937,pizza
136012,kumite
136012,martial arts
136012,mixed martial arts
136012,tournament
136024,assassin
136024,mercenary
136297,based on video game
136297,martial artist
136305,amusement park
136305,florida
136443,cabaret
136443,live comedy
136443,stand-up comedy
136471,stand-up comedy
136503,accordion
136503,animal
136503,animal character names in title
136503,animate skeleton
136503,anthropomorphic animal
136511,live audience
136511,stand-up comedy
136511,ventriloquist
136654,21 year old
136654,9 year old
136778,golf
136786,affair
136786,erotic thriller
136786,murder
136816,kidnapping
136816,louisiana
136850,based on novel or book
136850,gangster
136850,gay man
136850,london england
136859,time travel
136958,corpse
136958,fireplace
136958,killer
136958,masked killer
136958,mortuary
137517,carnival
137517,chimp
137517,chimpanzee
137517,circus
138546,battle of the sexes
138546,bet
138546,divorce
138546,gender
138546,life competition
138798,white trash
138966,cycling
139511,nihon
139640,adventure
139640,animal
139640,noah's ark
139717,criminal
139915,english professor
140038,bus driver
140038,falling in love
140038,love
140038,pretty woman
140038,rome
140265,adult humor
140301,call girl
140481,crude humor
140481,darkside
140561,jail
140850,baltimore
140852,japanese cyberpunk
140852,pinocchio
140852,violence
140852,vomiting
141131,bare chested male
141131,bear
141400,martial arts
141513,woman director
141836,musical
141994,christian film
141994,christmas
142020,mistake in person
142056,based on comic
142056,hulk
142056,hydra
142056,iron man
142056,marvel
142366,angel
142366,collector
142366,wings
142831,remake
142961,birthday party
142961,buried memories
142961,dark past
142961,dialect
142961,graz
143001,street art
143001,underworld
143031,box
143031,boxer
143031,boy
143031,competition
143255,drugs
143255,time travel
143472,2010s
143559,murder
143559,reality tv
143559,serial killer
143559,slasher
144210,environmental issue
144210,food
144222,best friend
144222,relationship
144222,tragic romance
144262,woman director
144352,western
144478,based on a true story
144478,biography
144522,underworld
144606,1930s
144606,1940s
144606,1950s
144606,1960s
144716,afghanistan
144716,ex-boyfriend
145283,basketball
145283,biography
145283,dallas mavericks
145283,Magnolia Pictures
145283,sport
145491,american abroad
145491,sydney
145491,teenager
145491,twins
145491,witness protection
145724,time travel
145951,martial arts
145951,mixed martial arts
146024,musical
146244,bollywood
146244,musical
146662,draghi
146730,accomplice
147002,1950s
147002,anthology
147002,anthology film
147002,bath
147002,beach
147300,russia
147657,kung fu
147657,martial arts
147657,masked killer
147657,murder mystery
147657,revenge
147936,budapest
147936,business man
147936,metamorphosis
147936,music
148592,teenager
148592,wales
148652,19th century
148652,abraham lincoln character
148978,anime
148978,demon
148978,satan
148982,dog
148982,german shepherd
148982,hell
148982,tv movie
149144,based on manga
149146,based on manga
149330,alien
149330,christmas
149566,larp
149566,role playing
149590,camera
149590,death of son
149590,eyewitness
149590,farmhouse
149590,graveyard
150401,corrupt sheriff
150401,drug cartel
150401,kidnapping
150401,rescue
150554,evil bug
150554,Herbie
150554,tv movie
150604,apollo 11
150604,cia
150604,con
150604,conspiracy
150604,Kubrick
151311,6 months later
151479,based on comic
151479,dc comics
151479,super power
151501,angel
151559,frankenstein
151745,bridge
151745,denmark
151745,draw bridge
151745,giant monster
152037,based on play or musical
152037,dancing
152037,live audience
152037,live performance
152037,live television
152085,desert
152085,hunt
152105,1940s
152105,based on tv series
152105,home front
152105,world war ii
152711,assassination
152711,cambodia
152711,dictator
152711,human rights
152711,police
153386,fairy tale
153386,musical
154358,endurance
155168,fictional band
155358,journalist
155589,parody
155589,robin hood
155743,wedding
155812,career
156025,ice age
156025,mammoth
156553,author
156553,beach
156553,comic book
156553,comic book artist
156553,drawing
156675,double agent
156675,mind alteration
156675,spy
156706,dirty cop
156781,stand-up comedy
157172,bad power
157172,battle
157172,chosen one
157172,kingdom
157172,magic
157270,barbershop
157270,sequel
157369,based on manga
157369,live action
157432,crime boss
157865,alien
157865,based on video game
157865,best friend
157865,comedy
157865,extraterrestrial technology
158027,artificial intelligence
158027,humanity
158027,korea
158027,missing daughter
158027,road movie
158035,alternate reality
158035,anime
158035,samurai
158035,time travel
158254,children
158254,fbi agent
158254,fish out of water
158254,kindergarten
158254,school
158388,space opera
158398,short
158721,hoodlum
158721,police
158721,undercover agent
158882,woman director
159510,killer
159510,murder
160341,kick boxing
160341,martial arts
160422,based on a true story
160422,prisoner of war
160422,world war ii
160527,okinawa
160684,bank
160836,drama
160872,Magnolia Pictures
160872,terror
160978,dystopia
160978,dystopic future
160978,elevator
160978,japanese cyberpunk
160978,murder
161008,dancing
161008,lambada
161024,stand-up comedy
161290,commando
161290,electric shock
161290,electrical torture
161290,female domination
161290,muscleman
161918,creature feature
161918,farce
161918,las vegas
161918,sequel
161918,shark attack
162344,comedy
162344,stand-up comedy
163527,celebrity roast
163527,stand up comedy
163527,tv special
163639,dc comics
163639,superhero
163653,stand up comedy
163653,stand up special
163653,stand-up comedy
163653,tv special
163925,ostrich
163981,ax
164226,based on novel or book
164226,experiment
164226,human animal hybid
164226,mutant
164280,autobiographical
164280,biography
164280,surrealism
164375,dysfunctional family
164375,road movie
164375,rome
164375,wedding
164707,boarding school
164707,fighting
164707,friendship
164707,ice hockey
164753,lying
164753,online dating
164753,romantic comedy
164881,moscow
164881,secret police unit
164881,vampire
165075,accident
165075,cross dressing
165075,football ticket
165075,independent film
165075,london england
165343,bare chested man
165343,blue tongue
165343,caught having sex
165483,stand-up comedy
165645,2016
165645,21st birthday
165645,african american
165645,alcohol
165645,alcoholics anonymous
165843,asylum
165843,fake news
165843,information leak
165843,lesbian director
165843,national security agency (nsa)
165959,fairy tale
165959,gold coin
165959,legend
165959,musical
165959,quiz
167296,boxing
167538,cannibal
167538,microwave
167706,macbeth
167706,shakespeare
167732,addiction
167732,based on novel or book
167732,biography
167732,busker
167732,cat
167772,clowning
167772,jesus christ
167772,martial arts
167772,remake
167772,santa claus
167854,stand-up comedy
168026,1940s
168026,agent carter
168026,based on comic
168026,based on comic book
168026,employment discrimination
168350,actor
168358,chess
168358,cyborg
168358,dismemberment
168456,digging
168632,stand-up comedy
168846,stand-up comedy
169034,activism
169034,african american
169034,black power
169034,celebrity
169034,empowerment
169180,1980s
169180,american midwest
169180,fairy tale
169180,farmer
169180,silo
169904,alien
169904,dual identity
169904,guyver
169904,japan
169904,secret identity
169912,cigarette
169912,cigarette smuggling
170289,military
170297,africa
170297,alien life-form
170297,avenger
170297,canon
170297,mask
170355,actress
170357,stand-up comedy
170411,comedy
170411,stand-up comedy
170777,foreign
170777,lone wolf
170777,talking animal
170837,american football player
170837,death of mother
170837,doll
170837,single father
170837,sorcery
170937,duffel bag full of money
170937,gambler
170993,independent film
171251,1st amendment
171251,censorship
171251,freedom of speech
171251,gawker
171251,internet
171631,stand-up comedy
171695,comedian
171695,comedy
171695,stand-up comedy
171701,biography
171701,king
171701,old age
171701,old man
171811,time travel
171891,bodybuilding
171891,strong
172013,biography
172013,literature
172013,third reich
172013,woman director
172013,writer
172229,woman director
172233,independent film
172253,amnesia
172253,handcuffs
172253,tied up
172321,late night
172583,miniseries
172705,woman director
172825,jungle
172887,short
173235,female sexuality
173235,idol
173235,japan
173235,pop singer
173253,stand-up comedy
173255,stand-up comedy
173255,woman director
173317,corruption
173317,documentary
173355,ant
173355,insect
173963,bicycle
173963,church
173963,colleague
173963,retiree
173963,supermarket
174551,exam
174551,short
174551,student
174681,broadway
175387,musical
175397,sea
175397,short
175435,based on myths or folklore
175435,short
175577,stand-up comedy
175705,absurdism
176051,lego
176051,superhero
176389,squirrel
176389,talking animal
176413,woman director
176415,transvestism
176415,woman director
176805,interracial family
176805,move
176805,new york
177185,stand-up comedy
177285,based on manga
177285,gamers
177285,mmorpg
177285,sword
177285,sword fight
178129,2d animation
178129,animation filmmaking
178129,animator
178129,art
178129,artist
178615,asian lgbt
178615,gay
178615,lgbt
179073,relationship
179073,wedding
179211,female comedian
179211,stand-up comedy
179427,stand-up comedy
181065,stand-up comedy
181139,female comedian
181139,stand-up comedy
181413,behind the scenes
181413,controversy
181413,failed comedy
181413,sketch comedy
181659,stand-up comedy
182293,cartoon
182293,disguise
182293,disguised as a dog
182293,hunting
182293,joy buzzer
182297,cartoon
182299,cartoon
182299,hunting
182727,christmas
182749,stand-up comedy
182749,talk show
182793,lesbian interest
182793,lesbian relationship
182793,lgbt
182793,woman director
183197,stand up special
183197,stand-up comedy
183197,talk show
183199,hip-hop
183227,stand-up comedy
183959,stand-up comedy
184053,alien
184053,space battle
184053,space suit
184053,space war
184245,nature
184245,netherlands
184641,alchemy
184641,based on manga
184791,stand-up comedy
189043,estranged father
189043,family relationships
189043,marijuana
189043,road trip
189043,woman director
189111,anti semitism
189111,france
189381,african american
189381,arrest
189381,black
189381,corruption
189381,driving
189547,low-budget
189547,robot
577,based on a true story
577,maine
27751,maine
96121,maine
111817,based on a true story
140016,found footage
140016,haunting
173307,aliens
173307,found footage
8946,Ben Affleck
8946,Mike Mitchell
433,short-term memory loss
96411,documentary
96411,parody
81383,funny
69849,slavery
487,Old Tucson Studios
2984,less than 300 ratings
3764,sequel
4593,less than 300 ratings
4608,less than 300 ratings
5829,less than 300 ratings
6237,musicians
26812,Business is the antagonist
26812,less than 300 ratings
31903,less than 300 ratings
51933,less than 300 ratings
51933,setting:Philadelphia
131104,Jean-Paul Belmondo
3957,Navajo
31086,need more fukasaku films
131578,australian
8535,Homosexuality
165483,stand-up comedy
3183,ed harris
3183,sleeper
66427,Bruce Campbell
2682,Dark
4766,colombia
4766,hit men
4766,homosexuality
4766,realistic
2977,abuse
2977,actress
2977,Alabama
2977,American dream
3280,adult child
3280,babysitter
165139,best friends
165139,Billy Connolly
165139,clerical error
165139,elderly women
165139,female friends
2292,Comedy 
2292,romance
2292,romantic comedy
110350,ambition
110350,american
171811,1930s
171811,1939
171811,Adolf Hitler
171811,Comedy 
121372,stand-up
4254,Australian
8943,R
51903,ClearPlay
51903,R
57522,Below R
62836,Below R
69131,ClearPlay
69131,R
106542,Evan Rachel Wood
164226,James Patterson
5829,canada
2844,Owen Wilson
75816,episodic
91483,acting
91483,Sylvester Stallone
92427,Berlin
92427,Detlev Buck
92427,German
101072,humor
107338,humor
107338,Nadeshda Brennicke
109317,buddy movie
146662,dragon
5531,Director: Walter Hill
5531,Peter Falk
5531,Ving Rhames
5531,Wes Studi
73741,Action
107462,Action
122246,Director: Alex Zamm
122246,Larry the Cable Guy
122246,Writer: Ben Zazove
122490,Director: Mark Young
122490,Jake Busey
122490,Lew Temple
132488,Ali Larter
1415,Love Triangle
4229,fun movie
3055,Atom Egoyan
3055,Bob Hoskins
44238,Horror
1397,BGAB LRC
6298,Comedy Need to See
6816,BGAB LRC
32302,Watch with Dad
51903,movie to see
51933,BGAB LRC
6827,Boognish
6827,Brown
6827,Ween
91483,Christian Slater
4129,angel
4129,heaven
130976,ice hockey
130976,sport
172589,classical
6751,nudity
1507,Cate Blanchett
1837,Jack Lemmon
1837,Jonathan Silverman
2506,Diane Keaton
2506,Giovanni Ribisi
2506,Juliette Lewis
2506,Poppy Montgomery
2597,Artie Lang
2829,Albert Brooks
4822,Alex D. Linz
5635,Andy Garcia
5635,James Coburn
5635,Julianna Margulies
3455,Catholicism
3455,Dark
3455,Loneliness
3455,Mental Illness
3455,Outcast
40,Africa
40,based on a book
129,nudity (topless)
240,based on a book
240,Dean Koontz
298,directorial debut
312,Saturday Night Live
325,National Lampoon
470,imdb bottom 100
526,nudity (topless)
568,directorial debut
580,royalty
602,Harlem
602,jazz
602,musicians
602,New York City
602,youtube
649,Iceland
722,movie business
759,Oscar (Best Documentary Feature)
791,musicians
1413,writers
1430,easily confused with other movie(s) (title)
1458,based on a book
1458,Elmore Leonard
1585,nudity (topless)
1602,based on a TV show
1679,imdb bottom 100
1829,China
1829,Hong Kong
1867,Edgar Rice Burroughs
2008,nudity (topless)
2298,nudity (topless)
2573,dance
2589,nudity (topless)
2674,nudity (full frontal)
2725,conjoined twins
2725,siblings
2725,twins
2813,biography
2813,poets
2813,writers
2824,boxing
2824,sports
2887,imdb bottom 100
2907,Saturday Night Live
3043,imdb bottom 100
3043,nudity (topless)
3390,imdb bottom 100
3446,England
3567,Brazil
3567,Latin America
3567,Rio de Janeiro
3567,South America
3662,nudity (topless)
3711,Africa
3711,racism
3711,segregation
3711,South Africa
3764,sequel
3795,nudity (topless)
3797,nudity (topless)
3810,nudity (topless)
3901,karaoke
3909,Brazil
3909,nudity (topless)
4089,immigrants
4109,based on a book
4113,based on a play
4125,imdb bottom 100
4207,military
4243,serial killer
4243,small town
4243,Utah
4307,nudity (topless)
4384,Africa
4384,assassin
4384,business
4458,Africa
4458,nature
4800,Africa
4800,treasure hunt
4909,based on a book
4961,movie business
4961,pornography
5023,nudity (topless)
5322,midlife crisis
5322,road trip
5357,dogs
5422,based on a book
5422,double life
5466,nudity (topless)
5532,nudity (topless)
5664,hip hop
5828,Australia
5828,high school
5828,rape
5993,Adolf Hitler
6044,blindness
6044,nudity (topless)
6086,based on a book
6086,not available from Netflix
6195,writers
6237,biography
6237,musicians
6267,dance
6348,dance
6349,dance
6376,nudity (topless)
6453,Ireland
6752,choir
6752,vocalists
6827,based on a TV show
6965,election
6965,politics
7165,dance
7165,nudity (topless)
7184,based on a play
7190,based on a book
7190,boarding school
7315,boxing
7315,sports
7707,journalism
8840,directorial debut
8987,Bush bashing
8987,politics
26409,cloning
26409,conspiracy
26409,slavery
26712,7n Up (series)
26812,business
27692,made for TV
27830,golf
27830,sports
31903,nudity (topless)
32009,multiple roles
32116,multiple roles
32666,imdb bottom 100
32666,National Lampoon
33435,Los Angeles
33435,movie business
39516,nudity (topless)
44241,made for TV
46337,cats
50610,nudity (topless)
51933,Philadelphia
52730,based on a TV show
52730,Christmas
52730,franchise
52730,puppets
56022,based on a book
56837,based on a play
56837,royalty
57522,imdb bottom 100
59131,kidnapping
62383,based on a book
62834,aliens
62834,based on a TV show
62834,made for TV
62834,space
62836,aliens
62836,based on a TV show
65738,college
65738,franchise
65740,franchise
69860,nudity (topless)
69953,movie business
69988,movie business
71268,imdb bottom 100
73386,directorial debut
73386,New York City
73386,Staten Island
73858,made for TV
75803,family gatherings
75803,wedding
77233,British Columbia
77233,business
77233,Canada
77233,drugs
79073,musicians
79073,rock and roll
79259,nudity (topless)
82857,Montana
86237,business
86237,history
90943,prison
92094,England
92094,Germany
92094,history
92094,physics
92094,science
94405,kidnapping
94405,police
95717,based on a book
95717,island
95717,made for TV
96530,nudity (topless)
97742,serial killer
98175,New York City
100579,franchise
105720,based on a book
107338,based on a book
109282,sports
109282,wrestling
112303,Las Vegas
115151,con artists
115151,nudity (topless)
115151,true story
116849,teacher
119167,alternate reality
119167,magic
127132,nudity (topless)
131826,stand-up comedy
132333,golf
132333,sports
155743,sequel
155743,wedding
157270,barber
158022,soccer
158022,sports
6348,Breakdance
8943,Annette Bening
149508,romance
151763,crime
3662,Full Moon Entertainment
3662,Monster
3662,Stop Motion
3663,Full Moon Entertainment
3663,Monster
3664,Full Moon Entertainment
99122,gore
99122,practical FX
99122,vampires
32009,Tyler Perry
46367,Joe Pesci
941,swashbuckler
1413,Conan
1423,In Netflix queue
1423,Vietnam
3515,alternate endings
3859,In Netflix queue
3859,televangelist
3951,In Netflix queue
4138,demons
4600,doctors
5629,Bible
6195,books
6195,Stones of Summer
6375,In Netflix queue
6375,They Might Be Giants
6547,flood
8382,death
8424,divorce
433,best comedy of '90
139130,Action
139130,blood
139130,gunfight
139130,hip-hop
139130,Samuel L. Jackson
53,Gianni Amelio
75,Steve Miner
102,Nick Castle
128,Michel Negroponte
146,Christopher Cain
205,Diane Keaton
206,Douglas Keeve
211,Mike Figgis
248,Randall Miller
250,Steven Brill
274,James Orr
298,Ang Lee
388,Brian Sloan
388,Raoul O'Connell
388,Robert Lee King
389,Gérard Depardieu
389,Yves Angelo
438,Gregg Champion
452,John Irvin
460,Howard Deutch
478,Barry Levinson
573,Lina Wertmüller
577,George Miller
649,Friðrik Þór Friðriksson
667,Alan Mehrez
688,Simon Wincer
722,Brett Thompson
759,Freida Lee Mock
790,Lucian Pintilie
791,Yale Strom
824,Peter Sehr
840,Harry Winer
867,Arthur Hiller
870,Christopher Cain
941,Rouben Mamoulian
1050,Al Pacino
1140,Michael Ray Rhodes
1144,Susan Warms Dryfoos
1170,Phillip Rhee
1180,Peter Chelsom
1397,Anjelica Huston
1413,Dan Ireland
1426,George Miller
1439,Peter Baldwin
1564,Jean Reno
1564,Paul Weiland
1571,Cédric Klapisch
1667,Costa-Gavras
1839,Michael Lehmann
2103,Jeremiah S. Chechik
2307,Bruno Barreto
2538,Matthew Diamond
2593,Michel Filippi
2593,Roberto Benigni
2620,Paul Quinn
2629,Peter Chan
2744,Franco Zeffirelli
2799,Brian Levant
2824,Brett Morgen
2824,Nanette Burstein
2835,Hugh Johnson
2839,Ziad Doueiri
2907,Bruce McCulloch
2907,Harland Williams
3096,Henry Koster
3132,Marshall Neilan
3283,John Cassavetes
3286,Chris Koch
3404,Jean Negulesco
3410,Christina Andreef
3446,Peter Chelsom
3453,Mark Piznarski
3586,Taylor Hackford
3596,Scott Alexander
3597,Peter M. Cohen
3609,Barbara Sonneborn
3669,Peter Hyams
3859,Fenton Bailey
3884,Michael Dinner
3951,Raymond De Felitta
4040,Stephen Herek
4074,Volker Schlöndorff
4217,Spike Lee
4229,James B. Rogers
4252,Jafar Panahi
4458,George Casey
4523,Robert Redford
4524,Paul Mazursky
4568,Robert Radler
4634,Arthur Penn
4711,Steven M. Martin
4780,Stephen Frears
5023,Neal Jimenez
5028,Ming-liang Tsai
5272,Laurent Cantet
5324,Stephen Herek
5337,Tom Mankiewicz
5365,Eric Rohmer
5409,Dwight H. Little
5466,Yvan Attal
5512,Babak Payami
5575,Claude Miller
5582,Thom Eberhardt
5688,Hilary Birmingham
5787,Jonathan Demme
6195,Mark Moskowitz
6306,Sam Jones
6336,Bahman Ghobadi
6375,AJ Schnack
6387,Chow Yun Fat
6387,John Woo
6424,John Landis
6453,Robert J. Flaherty
6547,Michael Polish
6553,Matteo Garrone
6557,John Gray
6577,Albert Pyun
6625,Jonathan Prince
6631,John Lafia
6816,Phil Joanon
6860,Michael Karbelnikoff
6945,Nathaniel Kahn
6962,Scott Hamilton Kennedy
6965,Aaron Lubarsky
6965,Alexandra Pelosi
7083,Karel Reisz
7114,William Wyler
7127,Geoff Burrowes
7192,Sheldon Lettich
7211,Joseph L. Mankiewicz
7264,Lucas Belvaux
7443,Michael Almereyda
7707,Nudity (Topless - Notable)
7753,Mick Jackson
8577,Oliver Stone
8795,Sung-su Kim
26038,George Seaton
26095,Jean-Luc Godard
26612,Chow Yun Fat
26612,John Woo
26622,Robert M. Young
26777,Gianni Amelio
27328,SABU
30890,Gianni Amelio
31086,Kinji Fukasaku
31297,Busby Berkeley
31664,Vincent Kok
32302,Christopher Brown
32314,Zak Penn
32917,Federico Fellini
42559,Kihachi Okamoto
42559,Toshirô Mifune
43289,Takashi Miike
44719,Laís Bodanzky
44931,Georg Wilhelm Pabst
47736,Alfred J. Goulding
47736,Oliver Hardy
47736,Stan Laurel
50610,Frank Sebastiano
53574,Jake Kasdan
56869,Heitor Dhalia
57522,David E. Talbert
62662,Wim Wenders
67888,Clyde Bruckman
67888,W.C. Fields
71453,Georges Franju
71970,David Butler
80124,Sergey Bodrov Jr.
82857,Ilisa Barbash
84512,George Cukor
87413,Albert Dupontel
88327,Cheh Chang
90943,Werner Herzog
96563,Bruce Sinofsky
96563,Joe Berlinger
97742,Rob Cohen
98697,Claude Lelouch
99992,James Marsh
100277,Miguel Gomes
100906,William Lustig
102590,Andrew Neel
102590,Luke Meyer
102823,Jonas Mekas
107951,Reshef Levi
109282,Brett Whitcomb
109383,Terence Nance
110281,Lik-Chi Lee
110281,Stephen Chow
112454,Valeria Golino
116718,Grigori Aleksandrov
118198,Nadav Schirman
118894,Spike Brandt
119153,Jay Karas
119714,David Storey
120761,Lev Kuleshov
121372,Shannon Hartman
121374,Shannon Hartman
121715,Manny Rodriguez
127172,Mark Cousins
128852,Keith Truesdell
128900,Heddy Honigmann
128914,Jay Chapman
141400,Cheh Chang
144210,Grant Baldwin
149144,Takashi Yamazaki
149146,Takashi Yamazaki
155774,Gabriel Mascaro
162344,Jay Karas
162344,Rami Hachache
134109,comedy
139640,All Creatures Big and Small
3286,Nickelodeon Movies
3423,Giancarlo Esposito
3423,Laurence Fishburne
3596,Danny DeVito
3596,hilarious
3596,insane
3596,Norm MacDonald
141994,christian film
141994,religious
109576,comedy
109576,farce
109576,office
142558,French
2593,annoying
2593,slapstick
26498,black and white
26498,break-up
26498,good cinematography
75947,alcohol
75947,animal cruelty
100277,adultery
100277,Africa
153236,anthology
153236,Japanese
153236,psychedelic
153236,surreal
146024,soviet movie 
163925,animation
172583,soviet animation 
175397,animation
175397,armenfilm
175397,short
618,boring
171917,lgbt
171917,mystery
171917,romance
869,drugs
3971,missed opportunity
3971,parody
4217,Library of Congress
4217,National Film Registry
4317,gypsy
132584,Disney Channel Original Movie
168846,Dave Chappelle
170357,out of retirement
170357,stand-up comedy
170411,stand-up comedy
181139,comedian
181139,female comedian
181139,stand-up comedy
182731,Disney Channel Original Movie
6577,albert pyun
6577,martial arts
32009,Tyler Perry
123310,destruction
123310,dopamine
2839,Beirut
2839,Civil war
6816,high school
2816,airplane
2818,airplane
2818,military
138966,cycling
688,Very Disney
1829,deep
56869,Dark humor
4217,DVD Colleciton
153408,aesthetically filfilling
153408,careless absurdity
153408,dark joy
153408,determinism
153408,fantasmagoria
240,Dean Koontz
240,resurrection
7192,capoeira
7192,drugs
7192,high school
8506,deliberate
8506,John Turturro
8506,murder
8506,Nicolas Winding Refn
8506,psychological
8795,action
26409,MST3K
44243,Aliens
159510,ghost
159510,Giallo
159510,period film
54908,french comedy
54908,french movie
54908,marseille
110330,drama
110330,italian movie
248,Sinbad
460,Ted Danson
470,Bernie Mac
1839,Vin Diesel
2152,Not again!
6319,GÃ©rard Depardieu
3901,acting
3901,actors
80124,acting
80124,russian
80124,sad
80124,scenery
100194,funny
100194,Jim Jefferies
100194,stand-up
100194,witty
123200,funny
123200,Jim Jefferies
123200,stand-up comedy
123200,witty
134095,animation
134095,cartoon
134095,graphics
134095,plot
141820,acting
141820,Eldar Ryazanov
141820,Evgeniy Evstigneev
141820,plot
141836,cast
141836,Leonid Gayday
141836,plot
147282,cast
156781,bad jokes
156781,Jimmy Carr
156781,stand-up comedy
156783,bad jokes
156783,Jimmy Carr
156783,stand-up comedy
159069,acting
159069,bizzare
159069,dark comedy
159069,russian
159069,witty
166183,based on a book
172583,bizzare
172583,cartoon
172583,graphics
172825,based on a book
172825,graphics
172825,USSR
173351,bizzare
173351,graphics
173351,plot
173351,USSR
173355,cartoon
173355,graphics
173355,witty
175293,cartoon
175293,plot
175293,USSR
175387,cartoon
175401,cartoon
175401,graphics
175401,plot
175401,USSR
175431,cartoon
175435,based on myths or folklore
175435,graphics
175435,short
54354,documentary
54354,manufacturing
99992,Clive Owen
6670,change of tone
140852,Cyberpunk
170357,chappelle
183227,chappelle
155,History
389,Law court
389,Period piece
1050,Shakespeare
3404,History
6267,Dance
116849,independence
116849,quirky
116849,self-esteem
116849,teacher
131749,friends
131749,romance
131749,students
75,bully
146,animal picture
238,dog
238,dogs
238,wilderness
250,Summer Camp
470,sequel
484,dog
577,based on a true story
577,seal
609,cats
609,dogs
631,animated
631,animation
631,sequel
631,talking animals
634,dinosaur
688,elephant
813,elephant
1550,lawyers
2016,sequel
2091,sequel
2098,sequel
2537,sequel
2799,sequel
2818,sequel
2868,sequel
2868,vampires
3573,dinosaur
3573,dinosaurs
4568,martial arts
4568,tae kwon doe
5248,sequel
5345,boxing
6145,snakes
6246,baseball
6246,sports
6514,mst3k
42761,based on comics
42761,ghosts
46337,sequel
52715,break dancing
101884,shark
116941,animated
132422,crowdfunded
138798,sequel
141646,Made for Tv
148982,Dog
151559,Frankenstein
1829,Hong Kong
5239,Joe Strummer
5239,The Clash
6306,Wilco
152270,slow
152270,slow paced
152270,too slow
110281,Stephen Chow
691,romance
73501,puupaa
193587,anime
116505,messed up
116505,zombie
7108,vhs
8832,vhs
3120,Political Satire
5248,Road Trip
102590,Baltimore
151763,anime
151763,antagonist as protagonist
151763,death
151763,detective
3609,NR
5365,PG13
2016,Disney
5345,Holocaust
5345,Will Smith
5345,Willem Defoe
4252,feminism
4252,religious fundamentalism
5688,rural life
7211,witch hunt
7264,Comedy
7264,Grenoble trilogy
8952,1969
8952,bomb shelter
8952,dysfunctional family
27627,poetic
5590,pimps
97858,australian
97858,chaos
97858,colorful
8685,miracles
8685,religion
87413,Albert Dupontel
31925,adaptation
31925,comedy
33435,movie business
172887,anime
172887,The Matrix
121372,stand up
4434,campy
1906,endless talking
160527,Japan
160527,Japanese
160527,Okinawa
160527,organized crime
7315,dumb but funny
4600,Academia
4600,Alice Carter
4600,Christine Lahti
4600,Compassion
73501,finnish
84553,finnish
170357,Dave Chappelle
141830,comedy
4110,British
32314,documentary
32314,documentary style
32314,filmmaking
96563,docudrama
96563,documentary
96563,framed for crime
101531,no ending
131480,battle of wits
152270,mysterious woman
152270,mystery
142831,Akshay Kumar
3625,dance music
3625,electronic music
3625,music
3625,rave
3625,subculture
121372,stand up
1685,Jude Law
1685,want to own
1767,Jude Law
1767,want to own
101072,austria
101072,dark comedy
101072,dialect
1550,Charlize Theron
6009,Takashi Miike
43289,Takashi Miike
58870,Takashi Miike
27627,cerebral palsy
27627,disability
600,road movie
1430,easily confused with other movie(s) (title)
6582,martial arts
43289,hallucination
43289,samurai
65738,nerds
65740,nerds
72591,easily confused with other movie(s) (title)
5466,09.02.06
5466,Bibliothek
5466,seen
5625,Bibliothek
2887,action
2887,comedy
2887,Dennis Rodman
193565,anime
179813,Civil Rights Act
128099,stand-up comedy
2008,film noir
6751,nudity
7753,based on a book
7753,Hank Azaria
7772,deception
7772,Katharine Hepburn
117133,fantasy
101531,Helen Mirren
190213,adolescence
190213,coming of age
190213,dreams
190213,fantasy
190209,border
190209,comedy
190209,immigration
190209,Jeff Ross
190209,Roast
151769,russian
172585,russian
580,Jim Broadbent
8952,60's
159779,fantasy
159779,great costumes
159779,happy gay couple
159779,lgbt
568,1990s
71453,Georges Franju
71453,Paris
27595,horrible acting
182727,Christmas
182727,coming of age
182727,family
182727,funny
132584,Disney Original Movie
132584,Shia LaBeouf
7261,very funny
331,mental illness
1055,assassination
1055,attempted murder
1055,plot
1055,secret service
1055,white house
72874,minute men
72874,nuclear
72874,nuclear bomb
72874,nuclear briefcase
157775,anime
62834,bad acting
151559,awful shaky camera
151559,character study
85295,classic
85295,poor effects
85295,scooby doo
141810,alcoholic
141810,alcoholism
141810,cheating husband
141810,dysfunctional marriage
141810,russia
142020,greed
142020,suitcase
56869,based on a book
96726,Greta Gerwig
131749,coming of age
131749,friends
5448,animation
3283,passionate
73386,Ethan Hawke
73386,Vincent D'Onofrio
4634,clever
5083,artistic
5083,Erotic
5083,food
5083,hilarious
75,midwest
331,mental illness
53,in netflix queue
1477,in netflix queue
2538,perrot library
5625,perrot library
42602,perrot library
113280,asperger syndrome
113280,asperger's
113280,asperger's syndrome
149350,camp
42602,der var nogle ting der sejlede lidt for den eller som ikke var helt sÃ¥ stramme som man kunne have Ã¸nsket - ting der mÃ¥ske ikke blev fuldt op pÃ¥. men alt i alt var den sgu spÃ¦ndende et spÃ¦ndende indblik
3043,R
3043,rated-R
600,hulu
162344,stand-up comedy
102823,x293-Jonas Mekas
136443,live comedy
136443,stand-up comedy
179211,female comedian
179211,netflix
536,Lost Classic
32632,cops
32632,desert
32632,favorites
1180,Irish
3951,culture clash
1519,less than 300 ratings
1807,less than 300 ratings
2538,less than 300 ratings
4243,less than 300 ratings
4883,less than 300 ratings
5328,less than 300 ratings
5828,less than 300 ratings
6402,less than 300 ratings
6453,less than 300 ratings
6588,less than 300 ratings
6962,less than 300 ratings
6965,less than 300 ratings
7251,less than 300 ratings
26038,less than 300 ratings
173253,Standup
173253,Standup comedy
175577,comedian
175577,stand-up comedy
181659,comedian
181659,stand-up comedy
137517,MST3K
174681,New York
174681,sketch comedy
174681,stage play filmed
1629,Janeane Garofalo
600,crime
26622,good
147330,soviet classics
69860,historical footage
149508,funny
149508,korean
149508,romance
149508,scary
173307,aliens
173307,horror
173307,scifi
867,Cary Grant
2799,prequel
66335,NO VAL LA PENA
115151,british
155743,comedy
155743,wedding
3283,new hollywood
3834,new hollywood
